ticker,rate,price,effectiveAtHeight,effectiveAt,fundingTime,fundingRate,markPrice,symbol,source,type,has_interest,interest_per_interval
BTC-USD,0.000019375,107393.68227,59663039,2025-10-19T10:00:00.116Z,2025-10-19 10:00:00.116000+00:00,1.9375e-05,107393.68227,BTC-USD,dydx,DEX,False,0.0
BTC-USD,0.0000195,107898.06777,59668889,2025-10-19T11:00:00.216Z,2025-10-19 11:00:00.216000+00:00,1.95e-05,107898.06777,BTC-USD,dydx,DEX,False,0.0
BTC-USD,0.000015125,107808.32332,59674827,2025-10-19T12:00:00.326Z,2025-10-19 12:00:00.326000+00:00,1.5125e-05,107808.32332,BTC-USD,dydx,DEX,False,0.0
BTC-USD,0.00002325,107662.29868,59680730,2025-10-19T13:00:00.411Z,2025-10-19 13:00:00.411000+00:00,2.325e-05,107662.29868,BTC-USD,dydx,DEX,False,0.0
BTC-USD,0.00003775,108123.34933,59686656,2025-10-19T14:00:00.317Z,2025-10-19 14:00:00.317000+00:00,3.775e-05,108123.34933,BTC-USD,dydx,DEX,False,0.0
BTC-USD,0.0000165,108445.34637,59692543,2025-10-19T15:00:00.185Z,2025-10-19 15:00:00.185000+00:00,1.65e-05,108445.34637,BTC-USD,dydx,DEX,False,0.0
BTC-USD,0.0000175,108513.40536,59698451,2025-10-19T16:00:00.030Z,2025-10-19 16:00:00.030000+00:00,1.75e-05,108513.40536,BTC-USD,dydx,DEX,False,0.0
BTC-USD,0.00001625,108657.17328,59704336,2025-10-19T17:00:00.009Z,2025-10-19 17:00:00.009000+00:00,1.625e-05,108657.17328,BTC-USD,dydx,DEX,False,0.0
BTC-USD,0.0000065,109131.98732,59710191,2025-10-19T18:00:00.745Z,2025-10-19 18:00:00.745000+00:00,6.5e-06,109131.98732,BTC-USD,dydx,DEX,False,0.0
BTC-USD,0.000011375,109414.86594,59716049,2025-10-19T19:00:02.053Z,2025-10-19 19:00:02.053000+00:00,1.1375e-05,109414.86594,BTC-USD,dydx,DEX,False,0.0
BTC-USD,0.000002625,108967.91479,59721917,2025-10-19T20:00:00.359Z,2025-10-19 20:00:00.359000+00:00,2.625e-06,108967.91479,BTC-USD,dydx,DEX,False,0.0
BTC-USD,0.000004375,108898.2061,59727795,2025-10-19T21:00:00.583Z,2025-10-19 21:00:00.583000+00:00,4.375e-06,108898.2061,BTC-USD,dydx,DEX,False,0.0
BTC-USD,0.000009125,108802.62484,59733688,2025-10-19T22:00:00.470Z,2025-10-19 22:00:00.470000+00:00,9.125e-06,108802.62484,BTC-USD,dydx,DEX,False,0.0
BTC-USD,0.000010125,109216.90806,59739558,2025-10-19T23:00:00.426Z,2025-10-19 23:00:00.426000+00:00,1.0125e-05,109216.90806,BTC-USD,dydx,DEX,False,0.0
BTC-USD,0.000003875,108666.33316,59745451,2025-10-20T00:00:00.472Z,2025-10-20 00:00:00.472000+00:00,3.875e-06,108666.33316,BTC-USD,dydx,DEX,False,0.0
BTC-USD,0.000004625,108110.18407,59751371,2025-10-20T01:00:00.313Z,2025-10-20 01:00:00.313000+00:00,4.625e-06,108110.18407,BTC-USD,dydx,DEX,False,0.0
BTC-USD,0.000000875,108107.94317,59757226,2025-10-20T02:00:00.503Z,2025-10-20 02:00:00.503000+00:00,8.75e-07,108107.94317,BTC-USD,dydx,DEX,False,0.0
BTC-USD,0.000011375,108831.91595,59763128,2025-10-20T03:00:00.084Z,2025-10-20 03:00:00.084000+00:00,1.1375e-05,108831.91595,BTC-USD,dydx,DEX,False,0.0
BTC-USD,0.000006125,110216.38655,59768993,2025-10-20T04:00:00.068Z,2025-10-20 04:00:00.068000+00:00,6.125e-06,110216.38655,BTC-USD,dydx,DEX,False,0.0
BTC-USD,0.000006375,110484.19367,59775084,2025-10-20T05:00:00.521Z,2025-10-20 05:00:00.521000+00:00,6.375e-06,110484.19367,BTC-USD,dydx,DEX,False,0.0
BTC-USD,0.00001775,111044.88795,59780897,2025-10-20T06:00:00.403Z,2025-10-20 06:00:00.403000+00:00,1.775e-05,111044.88795,BTC-USD,dydx,DEX,False,0.0
BTC-USD,0.000016875,111377.45098,59786706,2025-10-20T07:00:00.305Z,2025-10-20 07:00:00.305000+00:00,1.6875e-05,111377.45098,BTC-USD,dydx,DEX,False,0.0
BTC-USD,-0.000004375,111203.88155,59792502,2025-10-20T08:00:00.298Z,2025-10-20 08:00:00.298000+00:00,-4.375e-06,111203.88155,BTC-USD,dydx,DEX,False,0.0
BTC-USD,0.000015,111145.7583,59798276,2025-10-20T09:00:00.003Z,2025-10-20 09:00:00.003000+00:00,1.5e-05,111145.7583,BTC-USD,dydx,DEX,False,0.0
BTC-USD,0.000016375,110974.48971,59804060,2025-10-20T10:00:00.176Z,2025-10-20 10:00:00.176000+00:00,1.6375e-05,110974.48971,BTC-USD,dydx,DEX,False,0.0
BTC-USD,0.00001425,110774.29,59809879,2025-10-20T11:00:00.085Z,2025-10-20 11:00:00.085000+00:00,1.425e-05,110774.29,BTC-USD,dydx,DEX,False,0.0
BTC-USD,0.000025375,111018.88566,59815654,2025-10-20T12:00:00.209Z,2025-10-20 12:00:00.209000+00:00,2.5375e-05,111018.88566,BTC-USD,dydx,DEX,False,0.0
BTC-USD,0.000027875,110841.71,59821497,2025-10-20T13:00:00.498Z,2025-10-20 13:00:00.498000+00:00,2.7875e-05,110841.71,BTC-USD,dydx,DEX,False,0.0
BTC-USD,0.000022875,111195.51865,59827408,2025-10-20T14:00:00.233Z,2025-10-20 14:00:00.233000+00:00,2.2875e-05,111195.51865,BTC-USD,dydx,DEX,False,0.0
BTC-USD,0.000015,111274.475,59833239,2025-10-20T15:00:00.387Z,2025-10-20 15:00:00.387000+00:00,1.5e-05,111274.475,BTC-USD,dydx,DEX,False,0.0
BTC-USD,0.000015,111177.65106,59838868,2025-10-20T16:00:00.191Z,2025-10-20 16:00:00.191000+00:00,1.5e-05,111177.65106,BTC-USD,dydx,DEX,False,0.0
BTC-USD,0.000004125,110711.36059,59845002,2025-10-20T17:00:00.045Z,2025-10-20 17:00:00.045000+00:00,4.125e-06,110711.36059,BTC-USD,dydx,DEX,False,0.0
BTC-USD,-0.00000575,110298.6896,59851132,2025-10-20T18:00:00.168Z,2025-10-20 18:00:00.168000+00:00,-5.75e-06,110298.6896,BTC-USD,dydx,DEX,False,0.0
BTC-USD,0.0000085,110986.59597,59857250,2025-10-20T19:00:00.077Z,2025-10-20 19:00:00.077000+00:00,8.5e-06,110986.59597,BTC-USD,dydx,DEX,False,0.0
BTC-USD,0.000024125,110856.2483,59863251,2025-10-20T20:00:00.528Z,2025-10-20 20:00:00.528000+00:00,2.4125e-05,110856.2483,BTC-USD,dydx,DEX,False,0.0
BTC-USD,0.000000875,111100.17187,59869260,2025-10-20T21:00:00.275Z,2025-10-20 21:00:00.275000+00:00,8.75e-07,111100.17187,BTC-USD,dydx,DEX,False,0.0
BTC-USD,0.00000875,110553.34477,59875219,2025-10-20T22:00:00.080Z,2025-10-20 22:00:00.080000+00:00,8.75e-06,110553.34477,BTC-USD,dydx,DEX,False,0.0
BTC-USD,0.000013625,110814.44433,59881212,2025-10-20T23:00:00.473Z,2025-10-20 23:00:00.473000+00:00,1.3625e-05,110814.44433,BTC-USD,dydx,DEX,False,0.0
BTC-USD,0.000008625,110596.63865,59887183,2025-10-21T00:00:00.147Z,2025-10-21 00:00:00.147000+00:00,8.625e-06,110596.63865,BTC-USD,dydx,DEX,False,0.0
BTC-USD,0.000018875,110514.5058,59893201,2025-10-21T01:00:00.517Z,2025-10-21 01:00:00.517000+00:00,1.8875e-05,110514.5058,BTC-USD,dydx,DEX,False,0.0
BTC-USD,0.0000145,109859.53088,59899188,2025-10-21T02:00:00.570Z,2025-10-21 02:00:00.570000+00:00,1.45e-05,109859.53088,BTC-USD,dydx,DEX,False,0.0
BTC-USD,0.000006625,109529.22,59905068,2025-10-21T03:00:00.218Z,2025-10-21 03:00:00.218000+00:00,6.625e-06,109529.22,BTC-USD,dydx,DEX,False,0.0
BTC-USD,0.000005625,109105.52327,59910842,2025-10-21T04:00:00.277Z,2025-10-21 04:00:00.277000+00:00,5.625e-06,109105.52327,BTC-USD,dydx,DEX,False,0.0
BTC-USD,0.000002875,107844.03761,59916608,2025-10-21T05:00:00.432Z,2025-10-21 05:00:00.432000+00:00,2.875e-06,107844.03761,BTC-USD,dydx,DEX,False,0.0
BTC-USD,0.000008125,107535.86075,59922349,2025-10-21T06:00:00.187Z,2025-10-21 06:00:00.187000+00:00,8.125e-06,107535.86075,BTC-USD,dydx,DEX,False,0.0
BTC-USD,0.000012125,107942.24267,59928104,2025-10-21T07:00:00.328Z,2025-10-21 07:00:00.328000+00:00,1.2125e-05,107942.24267,BTC-USD,dydx,DEX,False,0.0
BTC-USD,0.00000575,108143.15726,59933669,2025-10-21T08:00:00.394Z,2025-10-21 08:00:00.394000+00:00,5.75e-06,108143.15726,BTC-USD,dydx,DEX,False,0.0
BTC-USD,0.000008,107714.70041,59939381,2025-10-21T09:00:00.115Z,2025-10-21 09:00:00.115000+00:00,8e-06,107714.70041,BTC-USD,dydx,DEX,False,0.0
BTC-USD,0.000014125,107751.546,59945120,2025-10-21T10:00:00.366Z,2025-10-21 10:00:00.366000+00:00,1.4125e-05,107751.546,BTC-USD,dydx,DEX,False,0.0
BTC-USD,0.00001775,108566.709,59950903,2025-10-21T11:00:00.059Z,2025-10-21 11:00:00.059000+00:00,1.775e-05,108566.709,BTC-USD,dydx,DEX,False,0.0
BTC-USD,0.000017375,108633.90017,59956592,2025-10-21T12:00:00.408Z,2025-10-21 12:00:00.408000+00:00,1.7375e-05,108633.90017,BTC-USD,dydx,DEX,False,0.0
BTC-USD,0.000012875,108843.85315,59962328,2025-10-21T13:00:00.057Z,2025-10-21 13:00:00.057000+00:00,1.2875e-05,108843.85315,BTC-USD,dydx,DEX,False,0.0
BTC-USD,0.000010625,108481.06978,59968102,2025-10-21T14:00:00.596Z,2025-10-21 14:00:00.596000+00:00,1.0625e-05,108481.06978,BTC-USD,dydx,DEX,False,0.0
BTC-USD,0.00002125,112226.95982,59973889,2025-10-21T15:00:00.427Z,2025-10-21 15:00:00.427000+00:00,2.125e-05,112226.95982,BTC-USD,dydx,DEX,False,0.0
BTC-USD,0.0000065,113472.98919,59979595,2025-10-21T16:00:00.606Z,2025-10-21 16:00:00.606000+00:00,6.5e-06,113472.98919,BTC-USD,dydx,DEX,False,0.0
BTC-USD,0,112578,59985307,2025-10-21T17:00:00.278Z,2025-10-21 17:00:00.278000+00:00,0.0,112578.0,BTC-USD,dydx,DEX,False,0.0
BTC-USD,0.000009375,112061.13056,59990956,2025-10-21T18:00:00.327Z,2025-10-21 18:00:00.327000+00:00,9.375e-06,112061.13056,BTC-USD,dydx,DEX,False,0.0
BTC-USD,0.000007125,112092.8,59996681,2025-10-21T19:00:00.032Z,2025-10-21 19:00:00.032000+00:00,7.125e-06,112092.8,BTC-USD,dydx,DEX,False,0.0
BTC-USD,0.000009875,111883.51175,60002348,2025-10-21T20:00:00.579Z,2025-10-21 20:00:00.579000+00:00,9.875e-06,111883.51175,BTC-USD,dydx,DEX,False,0.0
BTC-USD,0.00001275,110874.23711,60008048,2025-10-21T21:00:00.207Z,2025-10-21 21:00:00.207000+00:00,1.275e-05,110874.23711,BTC-USD,dydx,DEX,False,0.0
BTC-USD,0.000008375,110903.64218,60013808,2025-10-21T22:00:00.494Z,2025-10-21 22:00:00.494000+00:00,8.375e-06,110903.64218,BTC-USD,dydx,DEX,False,0.0
BTC-USD,0.000001375,109114.26856,60019525,2025-10-21T23:00:00.538Z,2025-10-21 23:00:00.538000+00:00,1.375e-06,109114.26856,BTC-USD,dydx,DEX,False,0.0
BTC-USD,0.00000175,108378.6571,60025221,2025-10-22T00:00:00.363Z,2025-10-22 00:00:00.363000+00:00,1.75e-06,108378.6571,BTC-USD,dydx,DEX,False,0.0
BTC-USD,0.00000225,108059.84576,60030942,2025-10-22T01:00:00.531Z,2025-10-22 01:00:00.531000+00:00,2.25e-06,108059.84576,BTC-USD,dydx,DEX,False,0.0
BTC-USD,0.000005875,108380.9151,60036707,2025-10-22T02:00:00.276Z,2025-10-22 02:00:00.276000+00:00,5.875e-06,108380.9151,BTC-USD,dydx,DEX,False,0.0
BTC-USD,0.00000975,108298.4944,60042549,2025-10-22T03:00:00.342Z,2025-10-22 03:00:00.342000+00:00,9.75e-06,108298.4944,BTC-USD,dydx,DEX,False,0.0
BTC-USD,0.000004625,108234.94096,60048208,2025-10-22T04:00:00.127Z,2025-10-22 04:00:00.127000+00:00,4.625e-06,108234.94096,BTC-USD,dydx,DEX,False,0.0
BTC-USD,0.0000065,108655.99359,60053951,2025-10-22T05:00:00.186Z,2025-10-22 05:00:00.186000+00:00,6.5e-06,108655.99359,BTC-USD,dydx,DEX,False,0.0
BTC-USD,0.000003625,108240.92,60059690,2025-10-22T06:00:00.345Z,2025-10-22 06:00:00.345000+00:00,3.625e-06,108240.92,BTC-USD,dydx,DEX,False,0.0
BTC-USD,0.000009,108081.47965,60065455,2025-10-22T07:00:00.475Z,2025-10-22 07:00:00.475000+00:00,9e-06,108081.47965,BTC-USD,dydx,DEX,False,0.0
BTC-USD,0.000012375,108363.88194,60071226,2025-10-22T08:00:00.077Z,2025-10-22 08:00:00.077000+00:00,1.2375e-05,108363.88194,BTC-USD,dydx,DEX,False,0.0
BTC-USD,0.0000125,108275.95,60077010,2025-10-22T09:00:00.275Z,2025-10-22 09:00:00.275000+00:00,1.25e-05,108275.95,BTC-USD,dydx,DEX,False,0.0
BTC-USD,0.000012125,108045.0749,60082786,2025-10-22T10:00:00.024Z,2025-10-22 10:00:00.024000+00:00,1.2125e-05,108045.0749,BTC-USD,dydx,DEX,False,0.0
BTC-USD,0.00001125,107719.54,60088543,2025-10-22T11:00:00.084Z,2025-10-22 11:00:00.084000+00:00,1.125e-05,107719.54,BTC-USD,dydx,DEX,False,0.0
BTC-USD,0.000006625,107606.16369,60094271,2025-10-22T12:00:00.529Z,2025-10-22 12:00:00.529000+00:00,6.625e-06,107606.16369,BTC-USD,dydx,DEX,False,0.0
BTC-USD,0.000009875,108109.66075,60099986,2025-10-22T13:00:00.007Z,2025-10-22 13:00:00.007000+00:00,9.875e-06,108109.66075,BTC-USD,dydx,DEX,False,0.0
BTC-USD,0.000002,108857.61456,60105844,2025-10-22T14:00:00.482Z,2025-10-22 14:00:00.482000+00:00,2e-06,108857.61456,BTC-USD,dydx,DEX,False,0.0
BTC-USD,0.000017375,108933.98019,60111705,2025-10-22T15:00:00.259Z,2025-10-22 15:00:00.259000+00:00,1.7375e-05,108933.98019,BTC-USD,dydx,DEX,False,0.0
BTC-USD,0.000041375,108442.43272,60117359,2025-10-22T16:00:00.359Z,2025-10-22 16:00:00.359000+00:00,4.1375e-05,108442.43272,BTC-USD,dydx,DEX,False,0.0
BTC-USD,0.000022625,108277.9743,60122756,2025-10-22T17:00:00.117Z,2025-10-22 17:00:00.117000+00:00,2.2625e-05,108277.9743,BTC-USD,dydx,DEX,False,0.0
BTC-USD,0.000007375,107806.3419,60128341,2025-10-22T18:00:00.116Z,2025-10-22 18:00:00.116000+00:00,7.375e-06,107806.3419,BTC-USD,dydx,DEX,False,0.0
BTC-USD,0.000003125,108043.41302,60134148,2025-10-22T19:00:00.682Z,2025-10-22 19:00:00.682000+00:00,3.125e-06,108043.41302,BTC-USD,dydx,DEX,False,0.0
BTC-USD,0.000018875,107885.28852,60139893,2025-10-22T20:00:00.302Z,2025-10-22 20:00:00.302000+00:00,1.8875e-05,107885.28852,BTC-USD,dydx,DEX,False,0.0
BTC-USD,0.000014125,107705.17155,60145679,2025-10-22T21:00:00.354Z,2025-10-22 21:00:00.354000+00:00,1.4125e-05,107705.17155,BTC-USD,dydx,DEX,False,0.0
BTC-USD,0.000008875,107200.30611,60151499,2025-10-22T22:00:00.022Z,2025-10-22 22:00:00.022000+00:00,8.875e-06,107200.30611,BTC-USD,dydx,DEX,False,0.0
BTC-USD,0.000007375,107206.86205,60157276,2025-10-22T23:00:00.601Z,2025-10-22 23:00:00.601000+00:00,7.375e-06,107206.86205,BTC-USD,dydx,DEX,False,0.0
BTC-USD,0.000017125,107617.0234,60162970,2025-10-23T00:00:00.638Z,2025-10-23 00:00:00.638000+00:00,1.7125e-05,107617.0234,BTC-USD,dydx,DEX,False,0.0
BTC-USD,0.000022625,107851.38787,60168629,2025-10-23T01:00:00.070Z,2025-10-23 01:00:00.070000+00:00,2.2625e-05,107851.38787,BTC-USD,dydx,DEX,False,0.0
BTC-USD,0.00001725,108201.86055,60174401,2025-10-23T02:00:00.008Z,2025-10-23 02:00:00.008000+00:00,1.725e-05,108201.86055,BTC-USD,dydx,DEX,False,0.0
BTC-USD,0.000013125,108382.50475,60180237,2025-10-23T03:00:00.204Z,2025-10-23 03:00:00.204000+00:00,1.3125e-05,108382.50475,BTC-USD,dydx,DEX,False,0.0
BTC-USD,0.000020375,108371.67433,60186024,2025-10-23T04:00:00.705Z,2025-10-23 04:00:00.705000+00:00,2.0375e-05,108371.67433,BTC-USD,dydx,DEX,False,0.0
BTC-USD,0.000017375,108713.89844,60191809,2025-10-23T05:00:00.243Z,2025-10-23 05:00:00.243000+00:00,1.7375e-05,108713.89844,BTC-USD,dydx,DEX,False,0.0
BTC-USD,0.000010125,108972.13089,60197618,2025-10-23T06:00:00.368Z,2025-10-23 06:00:00.368000+00:00,1.0125e-05,108972.13089,BTC-USD,dydx,DEX,False,0.0
BTC-USD,0.000015,110286.03,60203416,2025-10-23T07:00:00.524Z,2025-10-23 07:00:00.524000+00:00,1.5e-05,110286.03,BTC-USD,dydx,DEX,False,0.0
BTC-USD,0.000016625,109306.82272,60209192,2025-10-23T08:00:00.479Z,2025-10-23 08:00:00.479000+00:00,1.6625e-05,109306.82272,BTC-USD,dydx,DEX,False,0.0
BTC-USD,0.000015625,109513.87878,60214928,2025-10-23T09:00:00.460Z,2025-10-23 09:00:00.460000+00:00,1.5625e-05,109513.87878,BTC-USD,dydx,DEX,False,0.0
BTC-USD,0.00001925,109489.76795,60220711,2025-10-23T10:00:00.133Z,2025-10-23 10:00:00.133000+00:00,1.925e-05,109489.76795,BTC-USD,dydx,DEX,False,0.0
BTC-USD,0.000016625,109489.66704,60226448,2025-10-23T11:00:00.275Z,2025-10-23 11:00:00.275000+00:00,1.6625e-05,109489.66704,BTC-USD,dydx,DEX,False,0.0
BTC-USD,0.00001625,109318.4,60232157,2025-10-23T12:00:00.557Z,2025-10-23 12:00:00.557000+00:00,1.625e-05,109318.4,BTC-USD,dydx,DEX,False,0.0
BTC-USD,0.000015125,109190.95728,60238010,2025-10-23T13:00:00.190Z,2025-10-23 13:00:00.190000+00:00,1.5125e-05,109190.95728,BTC-USD,dydx,DEX,False,0.0
BTC-USD,0.000015125,109190.95728,60238010,2025-10-23T13:00:00.190Z,2025-10-23 13:00:00.190000+00:00,1.5125e-05,109190.95728,BTC-USD,dydx,DEX,False,0.0
BTC-USD,0.000021,109529.40176,60243926,2025-10-23T14:00:00.284Z,2025-10-23 14:00:00.284000+00:00,2.1e-05,109529.40176,BTC-USD,dydx,DEX,False,0.0
BTC-USD,0.000014,109599.67,60249761,2025-10-23T15:00:00.140Z,2025-10-23 15:00:00.140000+00:00,1.4e-05,109599.67,BTC-USD,dydx,DEX,False,0.0
BTC-USD,0.00001475,109955.6867,60255597,2025-10-23T16:00:00.521Z,2025-10-23 16:00:00.521000+00:00,1.475e-05,109955.6867,BTC-USD,dydx,DEX,False,0.0
BTC-USD,0.000017875,110296.81904,60261379,2025-10-23T17:00:00.577Z,2025-10-23 17:00:00.577000+00:00,1.7875e-05,110296.81904,BTC-USD,dydx,DEX,False,0.0
BTC-USD,0.000011,111282,60267152,2025-10-23T18:00:00.577Z,2025-10-23 18:00:00.577000+00:00,1.1e-05,111282.0,BTC-USD,dydx,DEX,False,0.0
BTC-USD,0.00001675,110597.61683,60272884,2025-10-23T19:00:00.332Z,2025-10-23 19:00:00.332000+00:00,1.675e-05,110597.61683,BTC-USD,dydx,DEX,False,0.0
BTC-USD,0.000009875,110260.90436,60278704,2025-10-23T20:00:00.128Z,2025-10-23 20:00:00.128000+00:00,9.875e-06,110260.90436,BTC-USD,dydx,DEX,False,0.0
BTC-USD,0.000012,109587.37123,60284476,2025-10-23T21:00:00.304Z,2025-10-23 21:00:00.304000+00:00,1.2e-05,109587.37123,BTC-USD,dydx,DEX,False,0.0
BTC-USD,0.000011375,109570.65565,60290206,2025-10-23T22:00:00.368Z,2025-10-23 22:00:00.368000+00:00,1.1375e-05,109570.65565,BTC-USD,dydx,DEX,False,0.0
BTC-USD,0.000007125,110010.30412,60295968,2025-10-23T23:00:00.565Z,2025-10-23 23:00:00.565000+00:00,7.125e-06,110010.30412,BTC-USD,dydx,DEX,False,0.0
BTC-USD,0.000006875,110123.66183,60301644,2025-10-24T00:00:00.531Z,2025-10-24 00:00:00.531000+00:00,6.875e-06,110123.66183,BTC-USD,dydx,DEX,False,0.0
BTC-USD,0.000011375,110572,60307394,2025-10-24T01:00:00.189Z,2025-10-24 01:00:00.189000+00:00,1.1375e-05,110572.0,BTC-USD,dydx,DEX,False,0.0
BTC-USD,0.00001,110627.07255,60313095,2025-10-24T02:00:00.552Z,2025-10-24 02:00:00.552000+00:00,1e-05,110627.07255,BTC-USD,dydx,DEX,False,0.0
BTC-USD,0.00001,110635.60332,60318836,2025-10-24T03:00:00.508Z,2025-10-24 03:00:00.508000+00:00,1e-05,110635.60332,BTC-USD,dydx,DEX,False,0.0
BTC-USD,0.000008,110486.24428,60324487,2025-10-24T04:00:00.149Z,2025-10-24 04:00:00.149000+00:00,8e-06,110486.24428,BTC-USD,dydx,DEX,False,0.0
BTC-USD,0.00001575,111229.82373,60330188,2025-10-24T05:00:00.581Z,2025-10-24 05:00:00.581000+00:00,1.575e-05,111229.82373,BTC-USD,dydx,DEX,False,0.0
BTC-USD,0.000016125,111309.27,60335852,2025-10-24T06:00:00.408Z,2025-10-24 06:00:00.408000+00:00,1.6125e-05,111309.27,BTC-USD,dydx,DEX,False,0.0
BTC-USD,0.0000115,111521.96,60341509,2025-10-24T07:00:00.115Z,2025-10-24 07:00:00.115000+00:00,1.15e-05,111521.96,BTC-USD,dydx,DEX,False,0.0
BTC-USD,0.000021875,111099,60347137,2025-10-24T08:00:00.493Z,2025-10-24 08:00:00.493000+00:00,2.1875e-05,111099.0,BTC-USD,dydx,DEX,False,0.0
BTC-USD,0.000015125,111156.08743,60352701,2025-10-24T09:00:00.364Z,2025-10-24 09:00:00.364000+00:00,1.5125e-05,111156.08743,BTC-USD,dydx,DEX,False,0.0
BTC-USD,0.000014875,111339.48547,60358077,2025-10-24T10:00:00.417Z,2025-10-24 10:00:00.417000+00:00,1.4875e-05,111339.48547,BTC-USD,dydx,DEX,False,0.0
BTC-USD,0.00001425,111156.3411,60363850,2025-10-24T11:00:00.104Z,2025-10-24 11:00:00.104000+00:00,1.425e-05,111156.3411,BTC-USD,dydx,DEX,False,0.0
BTC-USD,0.000011125,111135.53,60369578,2025-10-24T12:00:00.017Z,2025-10-24 12:00:00.017000+00:00,1.1125e-05,111135.53,BTC-USD,dydx,DEX,False,0.0
BTC-USD,0.000015625,111348.94897,60375609,2025-10-24T13:00:00.092Z,2025-10-24 13:00:00.092000+00:00,1.5625e-05,111348.94897,BTC-USD,dydx,DEX,False,0.0
BTC-USD,0.00001875,110912.18243,60381584,2025-10-24T14:00:00.276Z,2025-10-24 14:00:00.276000+00:00,1.875e-05,110912.18243,BTC-USD,dydx,DEX,False,0.0
BTC-USD,0.000012,110183.02,60387730,2025-10-24T15:00:00.000Z,2025-10-24 15:00:00+00:00,1.2e-05,110183.02,BTC-USD,dydx,DEX,False,0.0
BTC-USD,0.0000255,110035.12376,60393422,2025-10-24T16:00:00.465Z,2025-10-24 16:00:00.465000+00:00,2.55e-05,110035.12376,BTC-USD,dydx,DEX,False,0.0
BTC-USD,0.000014125,110304.88165,60399463,2025-10-24T17:00:00.530Z,2025-10-24 17:00:00.530000+00:00,1.4125e-05,110304.88165,BTC-USD,dydx,DEX,False,0.0
BTC-USD,0.0000155,110266.79753,60405529,2025-10-24T18:00:00.611Z,2025-10-24 18:00:00.611000+00:00,1.55e-05,110266.79753,BTC-USD,dydx,DEX,False,0.0
BTC-USD,0.000015625,110602.93382,60411616,2025-10-24T19:00:00.132Z,2025-10-24 19:00:00.132000+00:00,1.5625e-05,110602.93382,BTC-USD,dydx,DEX,False,0.0
BTC-USD,0.000011375,110645.29358,60417708,2025-10-24T20:00:00.128Z,2025-10-24 20:00:00.128000+00:00,1.1375e-05,110645.29358,BTC-USD,dydx,DEX,False,0.0
BTC-USD,0.000004125,110912.78255,60423820,2025-10-24T21:00:00.010Z,2025-10-24 21:00:00.010000+00:00,4.125e-06,110912.78255,BTC-USD,dydx,DEX,False,0.0
BTC-USD,0.000010625,111133.34,60429974,2025-10-24T22:00:00.333Z,2025-10-24 22:00:00.333000+00:00,1.0625e-05,111133.34,BTC-USD,dydx,DEX,False,0.0
BTC-USD,0.00001625,111065.85,60436098,2025-10-24T23:00:00.426Z,2025-10-24 23:00:00.426000+00:00,1.625e-05,111065.85,BTC-USD,dydx,DEX,False,0.0
BTC-USD,0.0000185,111002.96059,60442247,2025-10-25T00:00:00.487Z,2025-10-25 00:00:00.487000+00:00,1.85e-05,111002.96059,BTC-USD,dydx,DEX,False,0.0
BTC-USD,0.000013125,110757.36478,60448414,2025-10-25T01:00:00.529Z,2025-10-25 01:00:00.529000+00:00,1.3125e-05,110757.36478,BTC-USD,dydx,DEX,False,0.0
BTC-USD,0.000021,111070.22106,60454570,2025-10-25T02:00:00.449Z,2025-10-25 02:00:00.449000+00:00,2.1e-05,111070.22106,BTC-USD,dydx,DEX,False,0.0
BTC-USD,0.000015,111062.9386,60460735,2025-10-25T03:00:00.525Z,2025-10-25 03:00:00.525000+00:00,1.5e-05,111062.9386,BTC-USD,dydx,DEX,False,0.0
BTC-USD,0.000010875,111027.20544,60466843,2025-10-25T04:00:00.027Z,2025-10-25 04:00:00.027000+00:00,1.0875e-05,111027.20544,BTC-USD,dydx,DEX,False,0.0
BTC-USD,0.000012625,111251.10022,60472943,2025-10-25T05:00:00.137Z,2025-10-25 05:00:00.137000+00:00,1.2625e-05,111251.10022,BTC-USD,dydx,DEX,False,0.0
BTC-USD,0.000013625,111411.72351,60479099,2025-10-25T06:00:00.606Z,2025-10-25 06:00:00.606000+00:00,1.3625e-05,111411.72351,BTC-USD,dydx,DEX,False,0.0
BTC-USD,0.000012875,111404.85204,60485234,2025-10-25T07:00:00.338Z,2025-10-25 07:00:00.338000+00:00,1.2875e-05,111404.85204,BTC-USD,dydx,DEX,False,0.0
BTC-USD,0.000012,111502.39391,60491302,2025-10-25T08:00:00.026Z,2025-10-25 08:00:00.026000+00:00,1.2e-05,111502.39391,BTC-USD,dydx,DEX,False,0.0
BTC-USD,0.00001225,111760.25205,60497375,2025-10-25T09:00:00.512Z,2025-10-25 09:00:00.512000+00:00,1.225e-05,111760.25205,BTC-USD,dydx,DEX,False,0.0
BTC-USD,0.000011375,111571.31426,60503510,2025-10-25T10:00:00.428Z,2025-10-25 10:00:00.428000+00:00,1.1375e-05,111571.31426,BTC-USD,dydx,DEX,False,0.0
BTC-USD,0.000025625,111640.82817,60509618,2025-10-25T11:00:00.304Z,2025-10-25 11:00:00.304000+00:00,2.5625e-05,111640.82817,BTC-USD,dydx,DEX,False,0.0
BTC-USD,0.000013125,111601.04101,60515685,2025-10-25T12:00:00.186Z,2025-10-25 12:00:00.186000+00:00,1.3125e-05,111601.04101,BTC-USD,dydx,DEX,False,0.0
BTC-USD,0.000016625,111963.18895,60521743,2025-10-25T13:00:00.521Z,2025-10-25 13:00:00.521000+00:00,1.6625e-05,111963.18895,BTC-USD,dydx,DEX,False,0.0
BTC-USD,0.00001025,111692.88519,60527805,2025-10-25T14:00:00.627Z,2025-10-25 14:00:00.627000+00:00,1.025e-05,111692.88519,BTC-USD,dydx,DEX,False,0.0
BTC-USD,0.000011,111594.61892,60533692,2025-10-25T15:00:00.021Z,2025-10-25 15:00:00.021000+00:00,1.1e-05,111594.61892,BTC-USD,dydx,DEX,False,0.0
BTC-USD,0.00001375,111403.38101,60539697,2025-10-25T16:00:00.433Z,2025-10-25 16:00:00.433000+00:00,1.375e-05,111403.38101,BTC-USD,dydx,DEX,False,0.0
BTC-USD,0.000014375,111436.65733,60545718,2025-10-25T17:00:00.436Z,2025-10-25 17:00:00.436000+00:00,1.4375e-05,111436.65733,BTC-USD,dydx,DEX,False,0.0
BTC-USD,0.000015125,111380.66419,60551676,2025-10-25T18:00:00.042Z,2025-10-25 18:00:00.042000+00:00,1.5125e-05,111380.66419,BTC-USD,dydx,DEX,False,0.0
BTC-USD,0.000013375,111709.89297,60557656,2025-10-25T19:00:00.215Z,2025-10-25 19:00:00.215000+00:00,1.3375e-05,111709.89297,BTC-USD,dydx,DEX,False,0.0
BTC-USD,0.00001375,111655.22658,60563652,2025-10-25T20:00:00.262Z,2025-10-25 20:00:00.262000+00:00,1.375e-05,111655.22658,BTC-USD,dydx,DEX,False,0.0
BTC-USD,0.000013,111472.19443,60569745,2025-10-25T21:00:00.474Z,2025-10-25 21:00:00.474000+00:00,1.3e-05,111472.19443,BTC-USD,dydx,DEX,False,0.0
BTC-USD,0.000017125,111471.71151,60575816,2025-10-25T22:00:00.076Z,2025-10-25 22:00:00.076000+00:00,1.7125e-05,111471.71151,BTC-USD,dydx,DEX,False,0.0
BTC-USD,0.000013625,111649.82996,60581919,2025-10-25T23:00:00.144Z,2025-10-25 23:00:00.144000+00:00,1.3625e-05,111649.82996,BTC-USD,dydx,DEX,False,0.0
BTC-USD,0.0000145,111647.97459,60587997,2025-10-26T00:00:00.089Z,2025-10-26 00:00:00.089000+00:00,1.45e-05,111647.97459,BTC-USD,dydx,DEX,False,0.0
BTC-USD,0.000019625,111739.47646,60594098,2025-10-26T01:00:00.066Z,2025-10-26 01:00:00.066000+00:00,1.9625e-05,111739.47646,BTC-USD,dydx,DEX,False,0.0
BTC-USD,0.000011875,111672.7435,60600189,2025-10-26T02:00:00.360Z,2025-10-26 02:00:00.360000+00:00,1.1875e-05,111672.7435,BTC-USD,dydx,DEX,False,0.0
BTC-USD,0.0000165,111472.99459,60606283,2025-10-26T03:00:00.319Z,2025-10-26 03:00:00.319000+00:00,1.65e-05,111472.99459,BTC-USD,dydx,DEX,False,0.0
BTC-USD,0.000015625,111314.40745,60612305,2025-10-26T04:00:00.225Z,2025-10-26 04:00:00.225000+00:00,1.5625e-05,111314.40745,BTC-USD,dydx,DEX,False,0.0
BTC-USD,0.000013,111456.15123,60618356,2025-10-26T05:00:00.321Z,2025-10-26 05:00:00.321000+00:00,1.3e-05,111456.15123,BTC-USD,dydx,DEX,False,0.0
BTC-USD,0.000005875,111627.75372,60624380,2025-10-26T06:00:00.632Z,2025-10-26 06:00:00.632000+00:00,5.875e-06,111627.75372,BTC-USD,dydx,DEX,False,0.0
BTC-USD,0.00001375,111638.55931,60630417,2025-10-26T07:00:00.020Z,2025-10-26 07:00:00.020000+00:00,1.375e-05,111638.55931,BTC-USD,dydx,DEX,False,0.0
BTC-USD,0.000013125,111709.5119,60636461,2025-10-26T08:00:00.556Z,2025-10-26 08:00:00.556000+00:00,1.3125e-05,111709.5119,BTC-USD,dydx,DEX,False,0.0
BTC-USD,0.00001325,111834.43382,60642457,2025-10-26T09:00:00.130Z,2025-10-26 09:00:00.130000+00:00,1.325e-05,111834.43382,BTC-USD,dydx,DEX,False,0.0
BTC-USD,0.00000625,112536.28,60648356,2025-10-26T10:00:00.418Z,2025-10-26 10:00:00.418000+00:00,6.25e-06,112536.28,BTC-USD,dydx,DEX,False,0.0
BTC-USD,0.0000125,112437.82,60654259,2025-10-26T11:00:00.537Z,2025-10-26 11:00:00.537000+00:00,1.25e-05,112437.82,BTC-USD,dydx,DEX,False,0.0
BTC-USD,0.000018625,113302.56051,60660139,2025-10-26T12:00:00.579Z,2025-10-26 12:00:00.579000+00:00,1.8625e-05,113302.56051,BTC-USD,dydx,DEX,False,0.0
BTC-USD,0.000014625,113583.36833,60666110,2025-10-26T13:00:00.435Z,2025-10-26 13:00:00.435000+00:00,1.4625e-05,113583.36833,BTC-USD,dydx,DEX,False,0.0
BTC-USD,0.0000115,113706.0706,60672031,2025-10-26T14:00:00.185Z,2025-10-26 14:00:00.185000+00:00,1.15e-05,113706.0706,BTC-USD,dydx,DEX,False,0.0
BTC-USD,0.0000115,113566.43689,60677965,2025-10-26T15:00:00.258Z,2025-10-26 15:00:00.258000+00:00,1.15e-05,113566.43689,BTC-USD,dydx,DEX,False,0.0
BTC-USD,0.000011625,113698.79987,60683882,2025-10-26T16:00:00.387Z,2025-10-26 16:00:00.387000+00:00,1.1625e-05,113698.79987,BTC-USD,dydx,DEX,False,0.0
BTC-USD,0.000015125,113565.33538,60689918,2025-10-26T17:00:00.479Z,2025-10-26 17:00:00.479000+00:00,1.5125e-05,113565.33538,BTC-USD,dydx,DEX,False,0.0
BTC-USD,0.0000105,113511.40228,60695908,2025-10-26T18:00:00.072Z,2025-10-26 18:00:00.072000+00:00,1.05e-05,113511.40228,BTC-USD,dydx,DEX,False,0.0
BTC-USD,0.000011625,113637.35104,60701968,2025-10-26T19:00:00.463Z,2025-10-26 19:00:00.463000+00:00,1.1625e-05,113637.35104,BTC-USD,dydx,DEX,False,0.0
BTC-USD,0.000019375,113611.76117,60708009,2025-10-26T20:00:00.190Z,2025-10-26 20:00:00.190000+00:00,1.9375e-05,113611.76117,BTC-USD,dydx,DEX,False,0.0
BTC-USD,0.0000115,113341.06368,60714073,2025-10-26T21:00:00.323Z,2025-10-26 21:00:00.323000+00:00,1.15e-05,113341.06368,BTC-USD,dydx,DEX,False,0.0
BTC-USD,0.000010875,113450.44504,60720132,2025-10-26T22:00:00.319Z,2025-10-26 22:00:00.319000+00:00,1.0875e-05,113450.44504,BTC-USD,dydx,DEX,False,0.0
BTC-USD,0.000016125,114691.78,60726164,2025-10-26T23:00:00.114Z,2025-10-26 23:00:00.114000+00:00,1.6125e-05,114691.78,BTC-USD,dydx,DEX,False,0.0
BTC-USD,0.00001625,114524.10482,60732124,2025-10-27T00:00:00.155Z,2025-10-27 00:00:00.155000+00:00,1.625e-05,114524.10482,BTC-USD,dydx,DEX,False,0.0
BTC-USD,0.000030875,114824.47,60738071,2025-10-27T01:00:00.416Z,2025-10-27 01:00:00.416000+00:00,3.0875e-05,114824.47,BTC-USD,dydx,DEX,False,0.0
BTC-USD,0.000031625,115314.7418,60744030,2025-10-27T02:00:00.324Z,2025-10-27 02:00:00.324000+00:00,3.1625e-05,115314.7418,BTC-USD,dydx,DEX,False,0.0
BTC-USD,0.00002375,114954.54636,60750042,2025-10-27T03:00:00.519Z,2025-10-27 03:00:00.519000+00:00,2.375e-05,114954.54636,BTC-USD,dydx,DEX,False,0.0
BTC-USD,0.00002025,114972.33446,60756002,2025-10-27T04:00:00.302Z,2025-10-27 04:00:00.302000+00:00,2.025e-05,114972.33446,BTC-USD,dydx,DEX,False,0.0
BTC-USD,0.000023375,115284.8826,60761966,2025-10-27T05:00:00.489Z,2025-10-27 05:00:00.489000+00:00,2.3375e-05,115284.8826,BTC-USD,dydx,DEX,False,0.0
BTC-USD,0.000019,115614.52,60767918,2025-10-27T06:00:00.281Z,2025-10-27 06:00:00.281000+00:00,1.9e-05,115614.52,BTC-USD,dydx,DEX,False,0.0
BTC-USD,0.000011125,116027.95559,60773944,2025-10-27T07:00:00.507Z,2025-10-27 07:00:00.507000+00:00,1.1125e-05,116027.95559,BTC-USD,dydx,DEX,False,0.0
BTC-USD,0.000006,115566.69666,60779910,2025-10-27T08:00:00.592Z,2025-10-27 08:00:00.592000+00:00,6e-06,115566.69666,BTC-USD,dydx,DEX,False,0.0
BTC-USD,0.0000075,115019.19,60785778,2025-10-27T09:00:00.080Z,2025-10-27 09:00:00.080000+00:00,7.5e-06,115019.19,BTC-USD,dydx,DEX,False,0.0
BTC-USD,0.00000375,115263.22632,60791624,2025-10-27T10:00:00.238Z,2025-10-27 10:00:00.238000+00:00,3.75e-06,115263.22632,BTC-USD,dydx,DEX,False,0.0
BTC-USD,0.0000045,115432.3086,60797547,2025-10-27T11:00:00.120Z,2025-10-27 11:00:00.120000+00:00,4.5e-06,115432.3086,BTC-USD,dydx,DEX,False,0.0
BTC-USD,0.000003,115390.58915,60803483,2025-10-27T12:00:00.496Z,2025-10-27 12:00:00.496000+00:00,3e-06,115390.58915,BTC-USD,dydx,DEX,False,0.0
BTC-USD,0.000006625,115086.80868,60809447,2025-10-27T13:00:00.447Z,2025-10-27 13:00:00.447000+00:00,6.625e-06,115086.80868,BTC-USD,dydx,DEX,False,0.0
BTC-USD,0.000002625,115258.72587,60815455,2025-10-27T14:00:00.158Z,2025-10-27 14:00:00.158000+00:00,2.625e-06,115258.72587,BTC-USD,dydx,DEX,False,0.0
BTC-USD,0.000007,114804.36087,60821457,2025-10-27T15:00:00.131Z,2025-10-27 15:00:00.131000+00:00,7e-06,114804.36087,BTC-USD,dydx,DEX,False,0.0
BTC-USD,0.000010625,114945.49454,60827382,2025-10-27T16:00:00.326Z,2025-10-27 16:00:00.326000+00:00,1.0625e-05,114945.49454,BTC-USD,dydx,DEX,False,0.0
BTC-USD,0.000010625,114945.49454,60827382,2025-10-27T16:00:00.326Z,2025-10-27 16:00:00.326000+00:00,1.0625e-05,114945.49454,BTC-USD,dydx,DEX,False,0.0
BTC-USD,0.000017125,115530.20604,60833389,2025-10-27T17:00:00.362Z,2025-10-27 17:00:00.362000+00:00,1.7125e-05,115530.20604,BTC-USD,dydx,DEX,False,0.0
BTC-USD,0.000011,115709.0709,60839381,2025-10-27T18:00:00.159Z,2025-10-27 18:00:00.159000+00:00,1.1e-05,115709.0709,BTC-USD,dydx,DEX,False,0.0
BTC-USD,0.000008,115391.53915,60845370,2025-10-27T19:00:00.279Z,2025-10-27 19:00:00.279000+00:00,8e-06,115391.53915,BTC-USD,dydx,DEX,False,0.0
BTC-USD,0.000008625,114913.26,60851311,2025-10-27T20:00:00.172Z,2025-10-27 20:00:00.172000+00:00,8.625e-06,114913.26,BTC-USD,dydx,DEX,False,0.0
BTC-USD,0.000007375,114503.95039,60857329,2025-10-27T21:00:00.075Z,2025-10-27 21:00:00.075000+00:00,7.375e-06,114503.95039,BTC-USD,dydx,DEX,False,0.0
BTC-USD,0.000011875,114366.72667,60863336,2025-10-27T22:00:00.339Z,2025-10-27 22:00:00.339000+00:00,1.1875e-05,114366.72667,BTC-USD,dydx,DEX,False,0.0
BTC-USD,0.000008875,114087.20911,60869306,2025-10-27T23:00:00.128Z,2025-10-27 23:00:00.128000+00:00,8.875e-06,114087.20911,BTC-USD,dydx,DEX,False,0.0
BTC-USD,0.0000065,114111.41,60875240,2025-10-28T00:00:00.231Z,2025-10-28 00:00:00.231000+00:00,6.5e-06,114111.41,BTC-USD,dydx,DEX,False,0.0
BTC-USD,0.000011125,113940.36114,60881241,2025-10-28T01:00:00.076Z,2025-10-28 01:00:00.076000+00:00,1.1125e-05,113940.36114,BTC-USD,dydx,DEX,False,0.0
BTC-USD,0.0000055,114416.66239,60887213,2025-10-28T02:00:00.425Z,2025-10-28 02:00:00.425000+00:00,5.5e-06,114416.66239,BTC-USD,dydx,DEX,False,0.0
BTC-USD,0.000009375,113982.1173,60893290,2025-10-28T03:00:00.664Z,2025-10-28 03:00:00.664000+00:00,9.375e-06,113982.1173,BTC-USD,dydx,DEX,False,0.0
BTC-USD,0.000005375,113917.32952,60899364,2025-10-28T04:00:00.135Z,2025-10-28 04:00:00.135000+00:00,5.375e-06,113917.32952,BTC-USD,dydx,DEX,False,0.0
BTC-USD,0.00001475,114018.59185,60905448,2025-10-28T05:00:00.222Z,2025-10-28 05:00:00.222000+00:00,1.475e-05,114018.59185,BTC-USD,dydx,DEX,False,0.0
BTC-USD,0.00000725,113600.73733,60911532,2025-10-28T06:00:01.242Z,2025-10-28 06:00:01.242000+00:00,7.25e-06,113600.73733,BTC-USD,dydx,DEX,False,0.0
BTC-USD,0.000006125,114100,60917563,2025-10-28T07:00:00.369Z,2025-10-28 07:00:00.369000+00:00,6.125e-06,114100.0,BTC-USD,dydx,DEX,False,0.0
BTC-USD,0.000003375,114175.7875,60923561,2025-10-28T08:00:00.264Z,2025-10-28 08:00:00.264000+00:00,3.375e-06,114175.7875,BTC-USD,dydx,DEX,False,0.0
BTC-USD,0.0000195,114441.34413,60929461,2025-10-28T09:00:00.327Z,2025-10-28 09:00:00.327000+00:00,1.95e-05,114441.34413,BTC-USD,dydx,DEX,False,0.0
BTC-USD,0.00000375,114558.45584,60935382,2025-10-28T10:00:00.318Z,2025-10-28 10:00:00.318000+00:00,3.75e-06,114558.45584,BTC-USD,dydx,DEX,False,0.0
BTC-USD,0.000004625,114611.46114,60941307,2025-10-28T11:00:00.240Z,2025-10-28 11:00:00.240000+00:00,4.625e-06,114611.46114,BTC-USD,dydx,DEX,False,0.0
BTC-USD,0.000005625,114403.18296,60947264,2025-10-28T12:00:00.553Z,2025-10-28 12:00:00.553000+00:00,5.625e-06,114403.18296,BTC-USD,dydx,DEX,False,0.0
BTC-USD,0.000007375,114498.0498,60953257,2025-10-28T13:00:00.476Z,2025-10-28 13:00:00.476000+00:00,7.375e-06,114498.0498,BTC-USD,dydx,DEX,False,0.0
BTC-USD,0.00000825,115482.1191,60959226,2025-10-28T14:00:00.433Z,2025-10-28 14:00:00.433000+00:00,8.25e-06,115482.1191,BTC-USD,dydx,DEX,False,0.0
BTC-USD,0.000002125,115055.0055,60965213,2025-10-28T15:00:00.513Z,2025-10-28 15:00:00.513000+00:00,2.125e-06,115055.0055,BTC-USD,dydx,DEX,False,0.0
BTC-USD,0.00000175,114654.08842,60971108,2025-10-28T16:00:00.033Z,2025-10-28 16:00:00.033000+00:00,1.75e-06,114654.08842,BTC-USD,dydx,DEX,False,0.0
BTC-USD,0.000000875,115362.17,60977009,2025-10-28T17:00:00.256Z,2025-10-28 17:00:00.256000+00:00,8.75e-07,115362.17,BTC-USD,dydx,DEX,False,0.0
BTC-USD,0.000008375,115301.83999,60982913,2025-10-28T18:00:00.570Z,2025-10-28 18:00:00.570000+00:00,8.375e-06,115301.83999,BTC-USD,dydx,DEX,False,0.0
BTC-USD,0.000003375,114999.94805,60988869,2025-10-28T19:00:00.282Z,2025-10-28 19:00:00.282000+00:00,3.375e-06,114999.94805,BTC-USD,dydx,DEX,False,0.0
BTC-USD,0.000005125,113755.57555,60994890,2025-10-28T20:00:00.085Z,2025-10-28 20:00:00.085000+00:00,5.125e-06,113755.57555,BTC-USD,dydx,DEX,False,0.0
BTC-USD,0.00000375,112843.11226,61000901,2025-10-28T21:00:00.433Z,2025-10-28 21:00:00.433000+00:00,3.75e-06,112843.11226,BTC-USD,dydx,DEX,False,0.0
BTC-USD,0.000008,113035.60434,61006828,2025-10-28T22:00:00.178Z,2025-10-28 22:00:00.178000+00:00,8e-06,113035.60434,BTC-USD,dydx,DEX,False,0.0
BTC-USD,0.0000045,113259.92,61012742,2025-10-28T23:00:00.257Z,2025-10-28 23:00:00.257000+00:00,4.5e-06,113259.92,BTC-USD,dydx,DEX,False,0.0
BTC-USD,0.0000055,112909.44871,61018625,2025-10-29T00:00:00.381Z,2025-10-29 00:00:00.381000+00:00,5.5e-06,112909.44871,BTC-USD,dydx,DEX,False,0.0
BTC-USD,0.000006875,112447.36771,61024488,2025-10-29T01:00:00.078Z,2025-10-29 01:00:00.078000+00:00,6.875e-06,112447.36771,BTC-USD,dydx,DEX,False,0.0
BTC-USD,0.000010625,112531.30626,61030341,2025-10-29T02:00:00.206Z,2025-10-29 02:00:00.206000+00:00,1.0625e-05,112531.30626,BTC-USD,dydx,DEX,False,0.0
BTC-USD,0.000006875,112683.89019,61036237,2025-10-29T03:00:00.048Z,2025-10-29 03:00:00.048000+00:00,6.875e-06,112683.89019,BTC-USD,dydx,DEX,False,0.0
BTC-USD,0.000009,112535.00208,61042141,2025-10-29T04:00:00.577Z,2025-10-29 04:00:00.577000+00:00,9e-06,112535.00208,BTC-USD,dydx,DEX,False,0.0
BTC-USD,0.000008125,112831.84955,61048140,2025-10-29T05:00:00.481Z,2025-10-29 05:00:00.481000+00:00,8.125e-06,112831.84955,BTC-USD,dydx,DEX,False,0.0
BTC-USD,0.0000155,113099.69694,61054130,2025-10-29T06:00:00.380Z,2025-10-29 06:00:00.380000+00:00,1.55e-05,113099.69694,BTC-USD,dydx,DEX,False,0.0
BTC-USD,0.000007625,113346.50395,61060164,2025-10-29T07:00:00.568Z,2025-10-29 07:00:00.568000+00:00,7.625e-06,113346.50395,BTC-USD,dydx,DEX,False,0.0
BTC-USD,0.000013625,113545.76765,61066196,2025-10-29T08:00:00.227Z,2025-10-29 08:00:00.227000+00:00,1.3625e-05,113545.76765,BTC-USD,dydx,DEX,False,0.0
BTC-USD,0.00001125,113099.85909,61072052,2025-10-29T09:00:00.366Z,2025-10-29 09:00:00.366000+00:00,1.125e-05,113099.85909,BTC-USD,dydx,DEX,False,0.0
BTC-USD,0.000010375,113008.3425,61077905,2025-10-29T10:00:00.056Z,2025-10-29 10:00:00.056000+00:00,1.0375e-05,113008.3425,BTC-USD,dydx,DEX,False,0.0
BTC-USD,0.000024375,112896.21886,61083785,2025-10-29T11:00:00.025Z,2025-10-29 11:00:00.025000+00:00,2.4375e-05,112896.21886,BTC-USD,dydx,DEX,False,0.0
BTC-USD,0.000015,113146.90938,61089681,2025-10-29T12:00:00.023Z,2025-10-29 12:00:00.023000+00:00,1.5e-05,113146.90938,BTC-USD,dydx,DEX,False,0.0
BTC-USD,0.0000185,113182.08051,61095604,2025-10-29T13:00:00.677Z,2025-10-29 13:00:00.677000+00:00,1.85e-05,113182.08051,BTC-USD,dydx,DEX,False,0.0
BTC-USD,0.00000875,112890.16351,61101507,2025-10-29T14:00:00.030Z,2025-10-29 14:00:00.030000+00:00,8.75e-06,112890.16351,BTC-USD,dydx,DEX,False,0.0
BTC-USD,0.00001,112479.29585,61107417,2025-10-29T15:00:00.428Z,2025-10-29 15:00:00.428000+00:00,1e-05,112479.29585,BTC-USD,dydx,DEX,False,0.0
BTC-USD,0.000016125,111555.54554,61113330,2025-10-29T16:00:00.428Z,2025-10-29 16:00:00.428000+00:00,1.6125e-05,111555.54554,BTC-USD,dydx,DEX,False,0.0
BTC-USD,0.00000775,111141.96679,61119322,2025-10-29T17:00:00.081Z,2025-10-29 17:00:00.081000+00:00,7.75e-06,111141.96679,BTC-USD,dydx,DEX,False,0.0
BTC-USD,0.000014,111831.78004,61125292,2025-10-29T18:00:00.274Z,2025-10-29 18:00:00.274000+00:00,1.4e-05,111831.78004,BTC-USD,dydx,DEX,False,0.0
BTC-USD,0.0000085,110839.45183,61131001,2025-10-29T19:00:00.564Z,2025-10-29 19:00:00.564000+00:00,8.5e-06,110839.45183,BTC-USD,dydx,DEX,False,0.0
BTC-USD,0.000007875,110625.27446,61136689,2025-10-29T20:00:00.315Z,2025-10-29 20:00:00.315000+00:00,7.875e-06,110625.27446,BTC-USD,dydx,DEX,False,0.0
BTC-USD,0.000015875,111442.75398,61142575,2025-10-29T21:00:00.522Z,2025-10-29 21:00:00.522000+00:00,1.5875e-05,111442.75398,BTC-USD,dydx,DEX,False,0.0
BTC-USD,0.000007625,111611.90223,61148388,2025-10-29T22:00:00.381Z,2025-10-29 22:00:00.381000+00:00,7.625e-06,111611.90223,BTC-USD,dydx,DEX,False,0.0
BTC-USD,0.00001675,111047.01492,61154232,2025-10-29T23:00:00.511Z,2025-10-29 23:00:00.511000+00:00,1.675e-05,111047.01492,BTC-USD,dydx,DEX,False,0.0
BTC-USD,0.000007375,110021.10094,61160052,2025-10-30T00:00:00.278Z,2025-10-30 00:00:00.278000+00:00,7.375e-06,110021.10094,BTC-USD,dydx,DEX,False,0.0
BTC-USD,0.000012625,110560.06802,61165908,2025-10-30T01:00:00.354Z,2025-10-30 01:00:00.354000+00:00,1.2625e-05,110560.06802,BTC-USD,dydx,DEX,False,0.0
BTC-USD,0.00000975,110472.15655,61171805,2025-10-30T02:00:00.416Z,2025-10-30 02:00:00.416000+00:00,9.75e-06,110472.15655,BTC-USD,dydx,DEX,False,0.0
BTC-USD,0.000023,111034.41032,61177703,2025-10-30T03:00:00.277Z,2025-10-30 03:00:00.277000+00:00,2.3e-05,111034.41032,BTC-USD,dydx,DEX,False,0.0
BTC-USD,0.00002425,110796.26299,61183577,2025-10-30T04:00:00.389Z,2025-10-30 04:00:00.389000+00:00,2.425e-05,110796.26299,BTC-USD,dydx,DEX,False,0.0
BTC-USD,0.000018375,108614.92588,61189442,2025-10-30T05:00:00.229Z,2025-10-30 05:00:00.229000+00:00,1.8375e-05,108614.92588,BTC-USD,dydx,DEX,False,0.0
BTC-USD,0.00001,110276.2285,61195274,2025-10-30T06:00:00.136Z,2025-10-30 06:00:00.136000+00:00,1e-05,110276.2285,BTC-USD,dydx,DEX,False,0.0
BTC-USD,0.000023625,110778.32324,61201145,2025-10-30T07:00:00.461Z,2025-10-30 07:00:00.461000+00:00,2.3625e-05,110778.32324,BTC-USD,dydx,DEX,False,0.0
BTC-USD,0.000016875,111374.15478,61206962,2025-10-30T08:00:00.329Z,2025-10-30 08:00:00.329000+00:00,1.6875e-05,111374.15478,BTC-USD,dydx,DEX,False,0.0
BTC-USD,0.00001575,110765.55331,61212829,2025-10-30T09:00:00.474Z,2025-10-30 09:00:00.474000+00:00,1.575e-05,110765.55331,BTC-USD,dydx,DEX,False,0.0
BTC-USD,0.000021625,110211.37827,61218652,2025-10-30T10:00:00.580Z,2025-10-30 10:00:00.580000+00:00,2.1625e-05,110211.37827,BTC-USD,dydx,DEX,False,0.0
BTC-USD,0.00002,110124.31707,61224443,2025-10-30T11:00:00.161Z,2025-10-30 11:00:00.161000+00:00,2e-05,110124.31707,BTC-USD,dydx,DEX,False,0.0
BTC-USD,0.000021375,109777.90439,61230264,2025-10-30T12:00:00.619Z,2025-10-30 12:00:00.619000+00:00,2.1375e-05,109777.90439,BTC-USD,dydx,DEX,False,0.0
BTC-USD,0.000010125,108358.0358,61236164,2025-10-30T13:00:00.405Z,2025-10-30 13:00:00.405000+00:00,1.0125e-05,108358.0358,BTC-USD,dydx,DEX,False,0.0
BTC-USD,0.000014875,107634.85,61242017,2025-10-30T14:00:00.307Z,2025-10-30 14:00:00.307000+00:00,1.4875e-05,107634.85,BTC-USD,dydx,DEX,False,0.0
BTC-USD,0.000014875,108298.9858,61247856,2025-10-30T15:00:00.012Z,2025-10-30 15:00:00.012000+00:00,1.4875e-05,108298.9858,BTC-USD,dydx,DEX,False,0.0
BTC-USD,0.000014625,107733.54528,61253637,2025-10-30T16:00:00.184Z,2025-10-30 16:00:00.184000+00:00,1.4625e-05,107733.54528,BTC-USD,dydx,DEX,False,0.0
BTC-USD,0.000025125,108089.15685,61259072,2025-10-30T17:00:00.066Z,2025-10-30 17:00:00.066000+00:00,2.5125e-05,108089.15685,BTC-USD,dydx,DEX,False,0.0
BTC-USD,0.000006125,107477.24772,61264864,2025-10-30T18:00:00.426Z,2025-10-30 18:00:00.426000+00:00,6.125e-06,107477.24772,BTC-USD,dydx,DEX,False,0.0
BTC-USD,0.00000875,106834.3,61270680,2025-10-30T19:00:00.028Z,2025-10-30 19:00:00.028000+00:00,8.75e-06,106834.3,BTC-USD,dydx,DEX,False,0.0
BTC-USD,0.000003625,106491.35086,61276452,2025-10-30T20:00:00.815Z,2025-10-30 20:00:00.815000+00:00,3.625e-06,106491.35086,BTC-USD,dydx,DEX,False,0.0
BTC-USD,0.000010375,107515.61156,61282258,2025-10-30T21:00:00.796Z,2025-10-30 21:00:00.796000+00:00,1.0375e-05,107515.61156,BTC-USD,dydx,DEX,False,0.0
BTC-USD,0.000003875,107929.48,61288019,2025-10-30T22:00:00.228Z,2025-10-30 22:00:00.228000+00:00,3.875e-06,107929.48,BTC-USD,dydx,DEX,False,0.0
BTC-USD,0,107877.43774,61293827,2025-10-30T23:00:00.118Z,2025-10-30 23:00:00.118000+00:00,0.0,107877.43774,BTC-USD,dydx,DEX,False,0.0
BTC-USD,0.000013375,108293,61299679,2025-10-31T00:00:00.452Z,2025-10-31 00:00:00.452000+00:00,1.3375e-05,108293.0,BTC-USD,dydx,DEX,False,0.0
BTC-USD,0.000016625,109295.72799,61305531,2025-10-31T01:00:00.682Z,2025-10-31 01:00:00.682000+00:00,1.6625e-05,109295.72799,BTC-USD,dydx,DEX,False,0.0
BTC-USD,0.000008625,109578.3,61311396,2025-10-31T02:00:00.144Z,2025-10-31 02:00:00.144000+00:00,8.625e-06,109578.3,BTC-USD,dydx,DEX,False,0.0
BTC-USD,-0.0000035,108840.07,61317287,2025-10-31T03:00:00.499Z,2025-10-31 03:00:00.499000+00:00,-3.5e-06,108840.07,BTC-USD,dydx,DEX,False,0.0
BTC-USD,0.000002,109224.12258,61323137,2025-10-31T04:00:00.198Z,2025-10-31 04:00:00.198000+00:00,2e-06,109224.12258,BTC-USD,dydx,DEX,False,0.0
BTC-USD,0.000012625,110097.22972,61329030,2025-10-31T05:00:00.332Z,2025-10-31 05:00:00.332000+00:00,1.2625e-05,110097.22972,BTC-USD,dydx,DEX,False,0.0
BTC-USD,-0.0000075,109843.23,61334875,2025-10-31T06:00:00.044Z,2025-10-31 06:00:00.044000+00:00,-7.5e-06,109843.23,BTC-USD,dydx,DEX,False,0.0
BTC-USD,0,109594.8,61340851,2025-10-31T07:00:00.400Z,2025-10-31 07:00:00.400000+00:00,0.0,109594.8,BTC-USD,dydx,DEX,False,0.0
BTC-USD,0.000007625,109439.27404,61346756,2025-10-31T08:00:00.266Z,2025-10-31 08:00:00.266000+00:00,7.625e-06,109439.27404,BTC-USD,dydx,DEX,False,0.0
BTC-USD,0.000013125,110048.21279,61352547,2025-10-31T09:00:00.298Z,2025-10-31 09:00:00.298000+00:00,1.3125e-05,110048.21279,BTC-USD,dydx,DEX,False,0.0
BTC-USD,0.000025125,109809.01909,61358285,2025-10-31T10:00:00.028Z,2025-10-31 10:00:00.028000+00:00,2.5125e-05,109809.01909,BTC-USD,dydx,DEX,False,0.0
BTC-USD,0.0000205,109793.12079,61364073,2025-10-31T11:00:00.197Z,2025-10-31 11:00:00.197000+00:00,2.05e-05,109793.12079,BTC-USD,dydx,DEX,False,0.0
BTC-USD,0.000014125,110436.79181,61369916,2025-10-31T12:00:00.359Z,2025-10-31 12:00:00.359000+00:00,1.4125e-05,110436.79181,BTC-USD,dydx,DEX,False,0.0
BTC-USD,0.00001375,109617.26827,61375656,2025-10-31T13:00:00.448Z,2025-10-31 13:00:00.448000+00:00,1.375e-05,109617.26827,BTC-USD,dydx,DEX,False,0.0
BTC-USD,0.000018875,110089.78204,61381429,2025-10-31T14:00:00.434Z,2025-10-31 14:00:00.434000+00:00,1.8875e-05,110089.78204,BTC-USD,dydx,DEX,False,0.0
BTC-USD,0.00002425,110724.07669,61387182,2025-10-31T15:00:00.162Z,2025-10-31 15:00:00.162000+00:00,2.425e-05,110724.07669,BTC-USD,dydx,DEX,False,0.0
BTC-USD,0.000014125,110161.96141,61392891,2025-10-31T16:00:00.318Z,2025-10-31 16:00:00.318000+00:00,1.4125e-05,110161.96141,BTC-USD,dydx,DEX,False,0.0
BTC-USD,0.000018125,108792.36229,61398727,2025-10-31T17:00:00.569Z,2025-10-31 17:00:00.569000+00:00,1.8125e-05,108792.36229,BTC-USD,dydx,DEX,False,0.0
BTC-USD,0.000014125,109240.77369,61404481,2025-10-31T18:00:00.284Z,2025-10-31 18:00:00.284000+00:00,1.4125e-05,109240.77369,BTC-USD,dydx,DEX,False,0.0
BTC-USD,0.00001125,109407.17784,61410345,2025-10-31T19:00:00.286Z,2025-10-31 19:00:00.286000+00:00,1.125e-05,109407.17784,BTC-USD,dydx,DEX,False,0.0
BTC-USD,0.00001125,109407.17784,61410345,2025-10-31T19:00:00.286Z,2025-10-31 19:00:00.286000+00:00,1.125e-05,109407.17784,BTC-USD,dydx,DEX,False,0.0
BTC-USD,0.000022625,109783.48224,61416180,2025-10-31T20:00:00.094Z,2025-10-31 20:00:00.094000+00:00,2.2625e-05,109783.48224,BTC-USD,dydx,DEX,False,0.0
BTC-USD,0.000024,109407.89897,61421970,2025-10-31T21:00:00.254Z,2025-10-31 21:00:00.254000+00:00,2.4e-05,109407.89897,BTC-USD,dydx,DEX,False,0.0
BTC-USD,0.000024375,109499.97419,61427727,2025-10-31T22:00:00.404Z,2025-10-31 22:00:00.404000+00:00,2.4375e-05,109499.97419,BTC-USD,dydx,DEX,False,0.0
BTC-USD,0.00002225,109544.93823,61433544,2025-10-31T23:00:00.282Z,2025-10-31 23:00:00.282000+00:00,2.225e-05,109544.93823,BTC-USD,dydx,DEX,False,0.0
BTC-USD,0.000019875,109607.88843,61439390,2025-11-01T00:00:00.439Z,2025-11-01 00:00:00.439000+00:00,1.9875e-05,109607.88843,BTC-USD,dydx,DEX,False,0.0
BTC-USD,0.000016375,109688.67098,61445252,2025-11-01T01:00:00.256Z,2025-11-01 01:00:00.256000+00:00,1.6375e-05,109688.67098,BTC-USD,dydx,DEX,False,0.0
BTC-USD,0.000018625,109727.58172,61451064,2025-11-01T02:00:00.580Z,2025-11-01 02:00:00.580000+00:00,1.8625e-05,109727.58172,BTC-USD,dydx,DEX,False,0.0
BTC-USD,0.000021375,109759.26607,61456926,2025-11-01T03:00:00.273Z,2025-11-01 03:00:00.273000+00:00,2.1375e-05,109759.26607,BTC-USD,dydx,DEX,False,0.0
BTC-USD,0.00002125,110198.31153,61462766,2025-11-01T04:00:00.041Z,2025-11-01 04:00:00.041000+00:00,2.125e-05,110198.31153,BTC-USD,dydx,DEX,False,0.0
BTC-USD,0.000001,110279.01629,61468697,2025-11-01T05:00:00.178Z,2025-11-01 05:00:00.178000+00:00,1e-06,110279.01629,BTC-USD,dydx,DEX,False,0.0
BTC-USD,0.00000875,110100.46985,61474565,2025-11-01T06:00:01.015Z,2025-11-01 06:00:01.015000+00:00,8.75e-06,110100.46985,BTC-USD,dydx,DEX,False,0.0
BTC-USD,0.0000165,109955.9031,61480464,2025-11-01T07:00:00.180Z,2025-11-01 07:00:00.180000+00:00,1.65e-05,109955.9031,BTC-USD,dydx,DEX,False,0.0
BTC-USD,0.000018875,110023.59292,61486331,2025-11-01T08:00:00.630Z,2025-11-01 08:00:00.630000+00:00,1.8875e-05,110023.59292,BTC-USD,dydx,DEX,False,0.0
BTC-USD,0.000012,110196.44106,61492087,2025-11-01T09:00:00.447Z,2025-11-01 09:00:00.447000+00:00,1.2e-05,110196.44106,BTC-USD,dydx,DEX,False,0.0
BTC-USD,0.000013625,109935.11946,61497885,2025-11-01T10:00:00.277Z,2025-11-01 10:00:00.277000+00:00,1.3625e-05,109935.11946,BTC-USD,dydx,DEX,False,0.0
BTC-USD,0.000015875,110121.15153,61503677,2025-11-01T11:00:00.091Z,2025-11-01 11:00:00.091000+00:00,1.5875e-05,110121.15153,BTC-USD,dydx,DEX,False,0.0
BTC-USD,0.000020875,110117.56473,61509491,2025-11-01T12:00:00.330Z,2025-11-01 12:00:00.330000+00:00,2.0875e-05,110117.56473,BTC-USD,dydx,DEX,False,0.0
BTC-USD,0.00001775,109985.50434,61515346,2025-11-01T13:00:00.346Z,2025-11-01 13:00:00.346000+00:00,1.775e-05,109985.50434,BTC-USD,dydx,DEX,False,0.0
BTC-USD,0.000018375,109928.85422,61521197,2025-11-01T14:00:00.033Z,2025-11-01 14:00:00.033000+00:00,1.8375e-05,109928.85422,BTC-USD,dydx,DEX,False,0.0
BTC-USD,0.000033625,109877.03688,61527148,2025-11-01T15:00:00.466Z,2025-11-01 15:00:00.466000+00:00,3.3625e-05,109877.03688,BTC-USD,dydx,DEX,False,0.0
BTC-USD,0.000026,110261.71083,61532963,2025-11-01T16:00:00.582Z,2025-11-01 16:00:00.582000+00:00,2.6e-05,110261.71083,BTC-USD,dydx,DEX,False,0.0
BTC-USD,0.0000145,110432.47025,61538806,2025-11-01T17:00:00.532Z,2025-11-01 17:00:00.532000+00:00,1.45e-05,110432.47025,BTC-USD,dydx,DEX,False,0.0
BTC-USD,0.0000225,110164.5668,61544636,2025-11-01T18:00:00.104Z,2025-11-01 18:00:00.104000+00:00,2.25e-05,110164.5668,BTC-USD,dydx,DEX,False,0.0
BTC-USD,0.00002525,110289.54209,61550483,2025-11-01T19:00:00.042Z,2025-11-01 19:00:00.042000+00:00,2.525e-05,110289.54209,BTC-USD,dydx,DEX,False,0.0
BTC-USD,0.000019625,110288.02791,61556321,2025-11-01T20:00:00.168Z,2025-11-01 20:00:00.168000+00:00,1.9625e-05,110288.02791,BTC-USD,dydx,DEX,False,0.0
BTC-USD,0.000023375,110368.28822,61562169,2025-11-01T21:00:00.193Z,2025-11-01 21:00:00.193000+00:00,2.3375e-05,110368.28822,BTC-USD,dydx,DEX,False,0.0
BTC-USD,0.0000255,109849.63348,61568007,2025-11-01T22:00:00.289Z,2025-11-01 22:00:00.289000+00:00,2.55e-05,109849.63348,BTC-USD,dydx,DEX,False,0.0
BTC-USD,0.000032,110038.39232,61573898,2025-11-01T23:00:00.378Z,2025-11-01 23:00:00.378000+00:00,3.2e-05,110038.39232,BTC-USD,dydx,DEX,False,0.0
BTC-USD,0.000034,110077.07687,61579725,2025-11-02T00:00:00.517Z,2025-11-02 00:00:00.517000+00:00,3.4e-05,110077.07687,BTC-USD,dydx,DEX,False,0.0
BTC-USD,0.0000265,109925.35249,61585577,2025-11-02T01:00:00.430Z,2025-11-02 01:00:00.430000+00:00,2.65e-05,109925.35249,BTC-USD,dydx,DEX,False,0.0
BTC-USD,0.000032125,109954.80903,61591440,2025-11-02T02:00:00.511Z,2025-11-02 02:00:00.511000+00:00,3.2125e-05,109954.80903,BTC-USD,dydx,DEX,False,0.0
BTC-USD,0.000023125,110026.09739,61597367,2025-11-02T03:00:00.342Z,2025-11-02 03:00:00.342000+00:00,2.3125e-05,110026.09739,BTC-USD,dydx,DEX,False,0.0
BTC-USD,0.000027625,110028.66595,61603187,2025-11-02T04:00:00.076Z,2025-11-02 04:00:00.076000+00:00,2.7625e-05,110028.66595,BTC-USD,dydx,DEX,False,0.0
BTC-USD,0.000020125,110624.4851,61609040,2025-11-02T05:00:00.321Z,2025-11-02 05:00:00.321000+00:00,2.0125e-05,110624.4851,BTC-USD,dydx,DEX,False,0.0
BTC-USD,0.000010875,110495.40121,61614820,2025-11-02T06:00:00.317Z,2025-11-02 06:00:00.317000+00:00,1.0875e-05,110495.40121,BTC-USD,dydx,DEX,False,0.0
BTC-USD,0.000002875,110634.63307,61620641,2025-11-02T07:00:00.467Z,2025-11-02 07:00:00.467000+00:00,2.875e-06,110634.63307,BTC-USD,dydx,DEX,False,0.0
BTC-USD,0.000014,110880.44711,61626465,2025-11-02T08:00:00.028Z,2025-11-02 08:00:00.028000+00:00,1.4e-05,110880.44711,BTC-USD,dydx,DEX,False,0.0
BTC-USD,0.00001825,110800.43991,61632205,2025-11-02T09:00:00.046Z,2025-11-02 09:00:00.046000+00:00,1.825e-05,110800.43991,BTC-USD,dydx,DEX,False,0.0
BTC-USD,0.0000225,110679.34,61637890,2025-11-02T10:00:00.628Z,2025-11-02 10:00:00.628000+00:00,2.25e-05,110679.34,BTC-USD,dydx,DEX,False,0.0
BTC-USD,0.00002225,110423.09769,61643625,2025-11-02T11:00:00.452Z,2025-11-02 11:00:00.452000+00:00,2.225e-05,110423.09769,BTC-USD,dydx,DEX,False,0.0
BTC-USD,0.00001725,111161.08389,61649393,2025-11-02T12:00:00.644Z,2025-11-02 12:00:00.644000+00:00,1.725e-05,111161.08389,BTC-USD,dydx,DEX,False,0.0
BTC-USD,0.00000525,110715.12848,61655169,2025-11-02T13:00:00.044Z,2025-11-02 13:00:00.044000+00:00,5.25e-06,110715.12848,BTC-USD,dydx,DEX,False,0.0
BTC-USD,0.0000185,110511.59648,61660971,2025-11-02T14:00:00.019Z,2025-11-02 14:00:00.019000+00:00,1.85e-05,110511.59648,BTC-USD,dydx,DEX,False,0.0
BTC-USD,0.00001575,110393.16068,61666770,2025-11-02T15:00:00.360Z,2025-11-02 15:00:00.360000+00:00,1.575e-05,110393.16068,BTC-USD,dydx,DEX,False,0.0
BTC-USD,0.00000925,110132.68868,61672572,2025-11-02T16:00:00.678Z,2025-11-02 16:00:00.678000+00:00,9.25e-06,110132.68868,BTC-USD,dydx,DEX,False,0.0
BTC-USD,0.00000025,110131.5,61678311,2025-11-02T17:00:00.030Z,2025-11-02 17:00:00.030000+00:00,2.5e-07,110131.5,BTC-USD,dydx,DEX,False,0.0
BTC-USD,0.000005,110187.1,61684042,2025-11-02T18:00:00.239Z,2025-11-02 18:00:00.239000+00:00,5e-06,110187.1,BTC-USD,dydx,DEX,False,0.0
BTC-USD,0.000003125,110296.49,61689812,2025-11-02T19:00:00.285Z,2025-11-02 19:00:00.285000+00:00,3.125e-06,110296.49,BTC-USD,dydx,DEX,False,0.0
BTC-USD,0.00001225,110176.51,61695576,2025-11-02T20:00:00.032Z,2025-11-02 20:00:00.032000+00:00,1.225e-05,110176.51,BTC-USD,dydx,DEX,False,0.0
BTC-USD,0.000015375,110083.79,61701364,2025-11-02T21:00:00.935Z,2025-11-02 21:00:00.935000+00:00,1.5375e-05,110083.79,BTC-USD,dydx,DEX,False,0.0
BTC-USD,0.000015625,110005.19993,61707093,2025-11-02T22:00:00.169Z,2025-11-02 22:00:00.169000+00:00,1.5625e-05,110005.19993,BTC-USD,dydx,DEX,False,0.0
BTC-USD,0.00001075,109877.7,61712862,2025-11-02T23:00:00.166Z,2025-11-02 23:00:00.166000+00:00,1.075e-05,109877.7,BTC-USD,dydx,DEX,False,0.0
BTC-USD,0.00000875,110555.87443,61718606,2025-11-03T00:00:00.605Z,2025-11-03 00:00:00.605000+00:00,8.75e-06,110555.87443,BTC-USD,dydx,DEX,False,0.0
BTC-USD,0.000018125,109791.00413,61724378,2025-11-03T01:00:00.399Z,2025-11-03 01:00:00.399000+00:00,1.8125e-05,109791.00413,BTC-USD,dydx,DEX,False,0.0
BTC-USD,0.00001225,109674.88009,61730125,2025-11-03T02:00:00.632Z,2025-11-03 02:00:00.632000+00:00,1.225e-05,109674.88009,BTC-USD,dydx,DEX,False,0.0
BTC-USD,0.0000005,109060.89826,61735903,2025-11-03T03:00:00.152Z,2025-11-03 03:00:00.152000+00:00,5e-07,109060.89826,BTC-USD,dydx,DEX,False,0.0
BTC-USD,0.000003125,107965.95436,61741620,2025-11-03T04:00:00.252Z,2025-11-03 04:00:00.252000+00:00,3.125e-06,107965.95436,BTC-USD,dydx,DEX,False,0.0
BTC-USD,0.000015625,107903.39808,61747306,2025-11-03T05:00:00.151Z,2025-11-03 05:00:00.151000+00:00,1.5625e-05,107903.39808,BTC-USD,dydx,DEX,False,0.0
BTC-USD,-0.000008875,107594.98205,61752972,2025-11-03T06:00:00.068Z,2025-11-03 06:00:00.068000+00:00,-8.875e-06,107594.98205,BTC-USD,dydx,DEX,False,0.0
BTC-USD,-0.00003975,107487.3741,61758660,2025-11-03T07:00:00.262Z,2025-11-03 07:00:00.262000+00:00,-3.975e-05,107487.3741,BTC-USD,dydx,DEX,False,0.0
BTC-USD,-0.000017125,107484.78965,61764320,2025-11-03T08:00:00.236Z,2025-11-03 08:00:00.236000+00:00,-1.7125e-05,107484.78965,BTC-USD,dydx,DEX,False,0.0
BTC-USD,-0.000003,107548.46,61769846,2025-11-03T09:00:00.435Z,2025-11-03 09:00:00.435000+00:00,-3e-06,107548.46,BTC-USD,dydx,DEX,False,0.0
BTC-USD,-0.0000035,107206.5,61775571,2025-11-03T10:00:00.122Z,2025-11-03 10:00:00.122000+00:00,-3.5e-06,107206.5,BTC-USD,dydx,DEX,False,0.0
BTC-USD,-0.0000015,106947.70946,61781385,2025-11-03T11:00:00.163Z,2025-11-03 11:00:00.163000+00:00,-1.5e-06,106947.70946,BTC-USD,dydx,DEX,False,0.0
BTC-USD,-0.000005375,107784.2,61787140,2025-11-03T12:00:00.055Z,2025-11-03 12:00:00.055000+00:00,-5.375e-06,107784.2,BTC-USD,dydx,DEX,False,0.0
BTC-USD,-0.000000625,107776.0776,61792899,2025-11-03T13:00:00.630Z,2025-11-03 13:00:00.630000+00:00,-6.25e-07,107776.0776,BTC-USD,dydx,DEX,False,0.0
BTC-USD,-0.00000075,107884.24757,61798687,2025-11-03T14:00:00.014Z,2025-11-03 14:00:00.014000+00:00,-7.5e-07,107884.24757,BTC-USD,dydx,DEX,False,0.0
BTC-USD,-0.000002125,108056.49483,61804475,2025-11-03T15:00:00.009Z,2025-11-03 15:00:00.009000+00:00,-2.125e-06,108056.49483,BTC-USD,dydx,DEX,False,0.0
BTC-USD,-0.000005,105772.72167,61810282,2025-11-03T16:00:00.333Z,2025-11-03 16:00:00.333000+00:00,-5e-06,105772.72167,BTC-USD,dydx,DEX,False,0.0
BTC-USD,-0.000003875,106659.62344,61816146,2025-11-03T17:00:00.348Z,2025-11-03 17:00:00.348000+00:00,-3.875e-06,106659.62344,BTC-USD,dydx,DEX,False,0.0
BTC-USD,-0.00000675,107472.45126,61821955,2025-11-03T18:00:00.442Z,2025-11-03 18:00:00.442000+00:00,-6.75e-06,107472.45126,BTC-USD,dydx,DEX,False,0.0
BTC-USD,-0.000001375,106996,61827810,2025-11-03T19:00:00.078Z,2025-11-03 19:00:00.078000+00:00,-1.375e-06,106996.0,BTC-USD,dydx,DEX,False,0.0
BTC-USD,-0.000002625,107056.0809,61833550,2025-11-03T20:00:00.139Z,2025-11-03 20:00:00.139000+00:00,-2.625e-06,107056.0809,BTC-USD,dydx,DEX,False,0.0
BTC-USD,-0.000003,106684.13158,61839431,2025-11-03T21:00:00.100Z,2025-11-03 21:00:00.100000+00:00,-3e-06,106684.13158,BTC-USD,dydx,DEX,False,0.0
BTC-USD,-0.000010625,106914.16913,61845244,2025-11-03T22:00:00.232Z,2025-11-03 22:00:00.232000+00:00,-1.0625e-05,106914.16913,BTC-USD,dydx,DEX,False,0.0
BTC-USD,-0.0000055,106432.335,61851071,2025-11-03T23:00:00.377Z,2025-11-03 23:00:00.377000+00:00,-5.5e-06,106432.335,BTC-USD,dydx,DEX,False,0.0
BTC-USD,-0.000005875,106561.53736,61856949,2025-11-04T00:00:00.123Z,2025-11-04 00:00:00.123000+00:00,-5.875e-06,106561.53736,BTC-USD,dydx,DEX,False,0.0
BTC-USD,-0.000000875,106438.9,61862893,2025-11-04T01:00:00.021Z,2025-11-04 01:00:00.021000+00:00,-8.75e-07,106438.9,BTC-USD,dydx,DEX,False,0.0
BTC-USD,-0.000002375,107067.9932,61868858,2025-11-04T02:00:00.462Z,2025-11-04 02:00:00.462000+00:00,-2.375e-06,107067.9932,BTC-USD,dydx,DEX,False,0.0
BTC-USD,-0.000003,106478.44548,61874829,2025-11-04T03:00:00.287Z,2025-11-04 03:00:00.287000+00:00,-3e-06,106478.44548,BTC-USD,dydx,DEX,False,0.0
BTC-USD,-0.0000035,107155.36514,61880768,2025-11-04T04:00:00.089Z,2025-11-04 04:00:00.089000+00:00,-3.5e-06,107155.36514,BTC-USD,dydx,DEX,False,0.0
BTC-USD,-0.000004875,106745.79667,61886754,2025-11-04T05:00:00.155Z,2025-11-04 05:00:00.155000+00:00,-4.875e-06,106745.79667,BTC-USD,dydx,DEX,False,0.0
BTC-USD,-0.000010375,104208.879,61892666,2025-11-04T06:00:00.153Z,2025-11-04 06:00:00.153000+00:00,-1.0375e-05,104208.879,BTC-USD,dydx,DEX,False,0.0
BTC-USD,-0.000002375,104764.291,61898522,2025-11-04T07:00:00.002Z,2025-11-04 07:00:00.002000+00:00,-2.375e-06,104764.291,BTC-USD,dydx,DEX,False,0.0
BTC-USD,-0.000002875,104468.25634,61904369,2025-11-04T08:00:00.162Z,2025-11-04 08:00:00.162000+00:00,-2.875e-06,104468.25634,BTC-USD,dydx,DEX,False,0.0
BTC-USD,-0.00000175,104048.77536,61910192,2025-11-04T09:00:00.219Z,2025-11-04 09:00:00.219000+00:00,-1.75e-06,104048.77536,BTC-USD,dydx,DEX,False,0.0
BTC-USD,0.000000875,103845.04648,61915930,2025-11-04T10:00:00.203Z,2025-11-04 10:00:00.203000+00:00,8.75e-07,103845.04648,BTC-USD,dydx,DEX,False,0.0
BTC-USD,0,103825.97498,61921737,2025-11-04T11:00:00.020Z,2025-11-04 11:00:00.020000+00:00,0.0,103825.97498,BTC-USD,dydx,DEX,False,0.0
BTC-USD,-0.0000045,104594.38112,61927509,2025-11-04T12:00:00.328Z,2025-11-04 12:00:00.328000+00:00,-4.5e-06,104594.38112,BTC-USD,dydx,DEX,False,0.0
BTC-USD,-0.000006375,103969.30906,61933321,2025-11-04T13:00:00.372Z,2025-11-04 13:00:00.372000+00:00,-6.375e-06,103969.30906,BTC-USD,dydx,DEX,False,0.0
BTC-USD,0.000000875,103902.8198,61939126,2025-11-04T14:00:00.291Z,2025-11-04 14:00:00.291000+00:00,8.75e-07,103902.8198,BTC-USD,dydx,DEX,False,0.0
BTC-USD,0.00000975,104502.22524,61945098,2025-11-04T15:00:00.289Z,2025-11-04 15:00:00.289000+00:00,9.75e-06,104502.22524,BTC-USD,dydx,DEX,False,0.0
BTC-USD,0.000003625,103206.4587,61951056,2025-11-04T16:00:00.335Z,2025-11-04 16:00:00.335000+00:00,3.625e-06,103206.4587,BTC-USD,dydx,DEX,False,0.0
BTC-USD,0.000002625,102172.52864,61957038,2025-11-04T17:00:00.439Z,2025-11-04 17:00:00.439000+00:00,2.625e-06,102172.52864,BTC-USD,dydx,DEX,False,0.0
BTC-USD,0.000003875,101083.00896,61962993,2025-11-04T18:00:00.338Z,2025-11-04 18:00:00.338000+00:00,3.875e-06,101083.00896,BTC-USD,dydx,DEX,False,0.0
BTC-USD,0.00000925,101324.97001,61968916,2025-11-04T19:00:00.535Z,2025-11-04 19:00:00.535000+00:00,9.25e-06,101324.97001,BTC-USD,dydx,DEX,False,0.0
BTC-USD,0.000005625,100442.93927,61974856,2025-11-04T20:00:00.131Z,2025-11-04 20:00:00.131000+00:00,5.625e-06,100442.93927,BTC-USD,dydx,DEX,False,0.0
BTC-USD,0.000012,100690.69465,61980879,2025-11-04T21:00:00.333Z,2025-11-04 21:00:00.333000+00:00,1.2e-05,100690.69465,BTC-USD,dydx,DEX,False,0.0
BTC-USD,0.000010375,100268.69252,61986966,2025-11-04T22:00:00.177Z,2025-11-04 22:00:00.177000+00:00,1.0375e-05,100268.69252,BTC-USD,dydx,DEX,False,0.0
BTC-USD,0.000010375,100268.69252,61986966,2025-11-04T22:00:00.177Z,2025-11-04 22:00:00.177000+00:00,1.0375e-05,100268.69252,BTC-USD,dydx,DEX,False,0.0
BTC-USD,0.000016375,101248.0848,61992921,2025-11-04T23:00:00.429Z,2025-11-04 23:00:00.429000+00:00,1.6375e-05,101248.0848,BTC-USD,dydx,DEX,False,0.0
BTC-USD,0.00001425,101522.29323,61998765,2025-11-05T00:00:00.571Z,2025-11-05 00:00:00.571000+00:00,1.425e-05,101522.29323,BTC-USD,dydx,DEX,False,0.0
BTC-USD,0.00000925,100523.47996,62004592,2025-11-05T01:00:00.303Z,2025-11-05 01:00:00.303000+00:00,9.25e-06,100523.47996,BTC-USD,dydx,DEX,False,0.0
BTC-USD,0.00001525,100745.91673,62010587,2025-11-05T02:00:00.065Z,2025-11-05 02:00:00.065000+00:00,1.525e-05,100745.91673,BTC-USD,dydx,DEX,False,0.0
BTC-USD,0.0000155,101674.76747,62016607,2025-11-05T03:00:00.045Z,2025-11-05 03:00:00.045000+00:00,1.55e-05,101674.76747,BTC-USD,dydx,DEX,False,0.0
BTC-USD,0.000011,102129.93128,62022490,2025-11-05T04:00:00.413Z,2025-11-05 04:00:00.413000+00:00,1.1e-05,102129.93128,BTC-USD,dydx,DEX,False,0.0
BTC-USD,0.000010625,101979.59795,62028412,2025-11-05T05:00:00.527Z,2025-11-05 05:00:00.527000+00:00,1.0625e-05,101979.59795,BTC-USD,dydx,DEX,False,0.0
BTC-USD,0.000003,101810.09025,62034292,2025-11-05T06:00:00.170Z,2025-11-05 06:00:00.170000+00:00,3e-06,101810.09025,BTC-USD,dydx,DEX,False,0.0
BTC-USD,0.000005125,102111.31113,62040220,2025-11-05T07:00:00.144Z,2025-11-05 07:00:00.144000+00:00,5.125e-06,102111.31113,BTC-USD,dydx,DEX,False,0.0
BTC-USD,0.000005875,101992.32,62046144,2025-11-05T08:00:00.172Z,2025-11-05 08:00:00.172000+00:00,5.875e-06,101992.32,BTC-USD,dydx,DEX,False,0.0
BTC-USD,0.00001625,101736.73469,62052112,2025-11-05T09:00:00.630Z,2025-11-05 09:00:00.630000+00:00,1.625e-05,101736.73469,BTC-USD,dydx,DEX,False,0.0
BTC-USD,0.000013375,101974.47,62057987,2025-11-05T10:00:00.440Z,2025-11-05 10:00:00.440000+00:00,1.3375e-05,101974.47,BTC-USD,dydx,DEX,False,0.0
BTC-USD,0.000001625,101371.4137,62063885,2025-11-05T11:00:00.298Z,2025-11-05 11:00:00.298000+00:00,1.625e-06,101371.4137,BTC-USD,dydx,DEX,False,0.0
BTC-USD,0.00002375,102046.01,62069752,2025-11-05T12:00:00.482Z,2025-11-05 12:00:00.482000+00:00,2.375e-05,102046.01,BTC-USD,dydx,DEX,False,0.0
BTC-USD,0.00002825,102644.5,62075588,2025-11-05T13:00:00.561Z,2025-11-05 13:00:00.561000+00:00,2.825e-05,102644.5,BTC-USD,dydx,DEX,False,0.0
BTC-USD,0.00001175,102978.4978,62081364,2025-11-05T14:00:00.080Z,2025-11-05 14:00:00.080000+00:00,1.175e-05,102978.4978,BTC-USD,dydx,DEX,False,0.0
BTC-USD,0.000006375,103211.91135,62087226,2025-11-05T15:00:00.251Z,2025-11-05 15:00:00.251000+00:00,6.375e-06,103211.91135,BTC-USD,dydx,DEX,False,0.0
BTC-USD,0.000008625,103691.64107,62093034,2025-11-05T16:00:00.391Z,2025-11-05 16:00:00.391000+00:00,8.625e-06,103691.64107,BTC-USD,dydx,DEX,False,0.0
BTC-USD,0.000017125,103912.6077,62098894,2025-11-05T17:00:00.068Z,2025-11-05 17:00:00.068000+00:00,1.7125e-05,103912.6077,BTC-USD,dydx,DEX,False,0.0
BTC-USD,0.000005,103910.17816,62104692,2025-11-05T18:00:00.641Z,2025-11-05 18:00:00.641000+00:00,5e-06,103910.17816,BTC-USD,dydx,DEX,False,0.0
BTC-USD,0.000010625,104311.88443,62110549,2025-11-05T19:00:00.312Z,2025-11-05 19:00:00.312000+00:00,1.0625e-05,104311.88443,BTC-USD,dydx,DEX,False,0.0
BTC-USD,0.000005625,104051.95005,62116317,2025-11-05T20:00:00.181Z,2025-11-05 20:00:00.181000+00:00,5.625e-06,104051.95005,BTC-USD,dydx,DEX,False,0.0
BTC-USD,0.000004125,103859.27002,62122039,2025-11-05T21:00:00.054Z,2025-11-05 21:00:00.054000+00:00,4.125e-06,103859.27002,BTC-USD,dydx,DEX,False,0.0
BTC-USD,0.000004125,103650,62127754,2025-11-05T22:00:00.627Z,2025-11-05 22:00:00.627000+00:00,4.125e-06,103650.0,BTC-USD,dydx,DEX,False,0.0
BTC-USD,0.000008875,103731.17629,62133534,2025-11-05T23:00:00.083Z,2025-11-05 23:00:00.083000+00:00,8.875e-06,103731.17629,BTC-USD,dydx,DEX,False,0.0
BTC-USD,0.00001,103903.42431,62139293,2025-11-06T00:00:00.026Z,2025-11-06 00:00:00.026000+00:00,1e-05,103903.42431,BTC-USD,dydx,DEX,False,0.0
BTC-USD,0.000013375,103647.025,62145134,2025-11-06T01:00:00.440Z,2025-11-06 01:00:00.440000+00:00,1.3375e-05,103647.025,BTC-USD,dydx,DEX,False,0.0
BTC-USD,0.000003875,103360.76786,62150992,2025-11-06T02:00:00.429Z,2025-11-06 02:00:00.429000+00:00,3.875e-06,103360.76786,BTC-USD,dydx,DEX,False,0.0
BTC-USD,0.00000975,103338.69667,62156969,2025-11-06T03:00:00.296Z,2025-11-06 03:00:00.296000+00:00,9.75e-06,103338.69667,BTC-USD,dydx,DEX,False,0.0
BTC-USD,0.000015375,103633.4,62162890,2025-11-06T04:00:00.202Z,2025-11-06 04:00:00.202000+00:00,1.5375e-05,103633.4,BTC-USD,dydx,DEX,False,0.0
BTC-USD,0.000013375,104064.28183,62168825,2025-11-06T05:00:00.027Z,2025-11-06 05:00:00.027000+00:00,1.3375e-05,104064.28183,BTC-USD,dydx,DEX,False,0.0
BTC-USD,0.0000075,103107.4021,62174722,2025-11-06T06:00:00.574Z,2025-11-06 06:00:00.574000+00:00,7.5e-06,103107.4021,BTC-USD,dydx,DEX,False,0.0
BTC-USD,0.000012125,103328.10333,62180665,2025-11-06T07:00:00.512Z,2025-11-06 07:00:00.512000+00:00,1.2125e-05,103328.10333,BTC-USD,dydx,DEX,False,0.0
BTC-USD,0.00000625,103239.2,62186609,2025-11-06T08:00:00.296Z,2025-11-06 08:00:00.296000+00:00,6.25e-06,103239.2,BTC-USD,dydx,DEX,False,0.0
BTC-USD,0.000017625,103177.9822,62192482,2025-11-06T09:00:00.012Z,2025-11-06 09:00:00.012000+00:00,1.7625e-05,103177.9822,BTC-USD,dydx,DEX,False,0.0
BTC-USD,0.00000275,102838.9161,62198382,2025-11-06T10:00:00.183Z,2025-11-06 10:00:00.183000+00:00,2.75e-06,102838.9161,BTC-USD,dydx,DEX,False,0.0
BTC-USD,0.000007,103129.38412,62204312,2025-11-06T11:00:00.178Z,2025-11-06 11:00:00.178000+00:00,7e-06,103129.38412,BTC-USD,dydx,DEX,False,0.0
BTC-USD,0.000009375,103180.48195,62210304,2025-11-06T12:00:00.015Z,2025-11-06 12:00:00.015000+00:00,9.375e-06,103180.48195,BTC-USD,dydx,DEX,False,0.0
BTC-USD,0.000008125,102533.93981,62216292,2025-11-06T13:00:02.195Z,2025-11-06 13:00:02.195000+00:00,8.125e-06,102533.93981,BTC-USD,dydx,DEX,False,0.0
BTC-USD,0.0000255,103269.59216,62222220,2025-11-06T14:00:00.217Z,2025-11-06 14:00:00.217000+00:00,2.55e-05,103269.59216,BTC-USD,dydx,DEX,False,0.0
BTC-USD,0.000016,102105.16844,62228165,2025-11-06T15:00:00.127Z,2025-11-06 15:00:00.127000+00:00,1.6e-05,102105.16844,BTC-USD,dydx,DEX,False,0.0
BTC-USD,0.000021875,101960.56608,62234046,2025-11-06T16:00:00.104Z,2025-11-06 16:00:00.104000+00:00,2.1875e-05,101960.56608,BTC-USD,dydx,DEX,False,0.0
BTC-USD,0.000012,100795.28188,62239911,2025-11-06T17:00:00.250Z,2025-11-06 17:00:00.250000+00:00,1.2e-05,100795.28188,BTC-USD,dydx,DEX,False,0.0
BTC-USD,0.0000085,101788.08476,62245719,2025-11-06T18:00:00.118Z,2025-11-06 18:00:00.118000+00:00,8.5e-06,101788.08476,BTC-USD,dydx,DEX,False,0.0
BTC-USD,0.00000925,101710.08697,62251273,2025-11-06T19:00:00.473Z,2025-11-06 19:00:00.473000+00:00,9.25e-06,101710.08697,BTC-USD,dydx,DEX,False,0.0
BTC-USD,0.00000725,101374.48765,62257471,2025-11-06T20:00:00.077Z,2025-11-06 20:00:00.077000+00:00,7.25e-06,101374.48765,BTC-USD,dydx,DEX,False,0.0
BTC-USD,0.00001325,100844.47373,62263566,2025-11-06T21:00:00.471Z,2025-11-06 21:00:00.471000+00:00,1.325e-05,100844.47373,BTC-USD,dydx,DEX,False,0.0
BTC-USD,0.00000725,101120.6638,62269604,2025-11-06T22:00:00.318Z,2025-11-06 22:00:00.318000+00:00,7.25e-06,101120.6638,BTC-USD,dydx,DEX,False,0.0
BTC-USD,0.0000025,101378.28622,62275665,2025-11-06T23:00:00.377Z,2025-11-06 23:00:00.377000+00:00,2.5e-06,101378.28622,BTC-USD,dydx,DEX,False,0.0
BTC-USD,0.000006125,101289.4842,62281716,2025-11-07T00:00:00.604Z,2025-11-07 00:00:00.604000+00:00,6.125e-06,101289.4842,BTC-USD,dydx,DEX,False,0.0
BTC-USD,0.0000105,101437.72491,62287818,2025-11-07T01:00:00.516Z,2025-11-07 01:00:00.516000+00:00,1.05e-05,101437.72491,BTC-USD,dydx,DEX,False,0.0
BTC-USD,0.000008,101499.55013,62293859,2025-11-07T02:00:00.137Z,2025-11-07 02:00:00.137000+00:00,8e-06,101499.55013,BTC-USD,dydx,DEX,False,0.0
BTC-USD,0.000013,101878.93631,62299916,2025-11-07T03:00:00.248Z,2025-11-07 03:00:00.248000+00:00,1.3e-05,101878.93631,BTC-USD,dydx,DEX,False,0.0
BTC-USD,0.000007875,101870.89164,62305922,2025-11-07T04:00:00.338Z,2025-11-07 04:00:00.338000+00:00,7.875e-06,101870.89164,BTC-USD,dydx,DEX,False,0.0
BTC-USD,0.000015875,101963.311,62311993,2025-11-07T05:00:00.530Z,2025-11-07 05:00:00.530000+00:00,1.5875e-05,101963.311,BTC-USD,dydx,DEX,False,0.0
BTC-USD,0.00002,102413.95534,62318021,2025-11-07T06:00:00.116Z,2025-11-07 06:00:00.116000+00:00,2e-05,102413.95534,BTC-USD,dydx,DEX,False,0.0
BTC-USD,0.000024375,101798.15073,62324111,2025-11-07T07:00:00.263Z,2025-11-07 07:00:00.263000+00:00,2.4375e-05,101798.15073,BTC-USD,dydx,DEX,False,0.0
BTC-USD,0.000009375,101955.00325,62330205,2025-11-07T08:00:00.365Z,2025-11-07 08:00:00.365000+00:00,9.375e-06,101955.00325,BTC-USD,dydx,DEX,False,0.0
BTC-USD,0.0000055,101460.66633,62336169,2025-11-07T09:00:00.318Z,2025-11-07 09:00:00.318000+00:00,5.5e-06,101460.66633,BTC-USD,dydx,DEX,False,0.0
BTC-USD,0.00001675,100982.93511,62342001,2025-11-07T10:00:00.628Z,2025-11-07 10:00:00.628000+00:00,1.675e-05,100982.93511,BTC-USD,dydx,DEX,False,0.0
BTC-USD,0.000005125,100748.70051,62347931,2025-11-07T11:00:00.169Z,2025-11-07 11:00:00.169000+00:00,5.125e-06,100748.70051,BTC-USD,dydx,DEX,False,0.0
BTC-USD,0.00000775,100406.53803,62353827,2025-11-07T12:00:00.458Z,2025-11-07 12:00:00.458000+00:00,7.75e-06,100406.53803,BTC-USD,dydx,DEX,False,0.0
BTC-USD,0.000009125,99587.30584,62359721,2025-11-07T13:00:00.634Z,2025-11-07 13:00:00.634000+00:00,9.125e-06,99587.30584,BTC-USD,dydx,DEX,False,0.0
BTC-USD,0.0000215,100293.39599,62365548,2025-11-07T14:00:00.033Z,2025-11-07 14:00:00.033000+00:00,2.15e-05,100293.39599,BTC-USD,dydx,DEX,False,0.0
BTC-USD,0.000010625,100728.53573,62371507,2025-11-07T15:00:00.416Z,2025-11-07 15:00:00.416000+00:00,1.0625e-05,100728.53573,BTC-USD,dydx,DEX,False,0.0
BTC-USD,0.000014,100745.86783,62377362,2025-11-07T16:00:00.486Z,2025-11-07 16:00:00.486000+00:00,1.4e-05,100745.86783,BTC-USD,dydx,DEX,False,0.0
BTC-USD,0.000012125,101081.90449,62383306,2025-11-07T17:00:00.024Z,2025-11-07 17:00:00.024000+00:00,1.2125e-05,101081.90449,BTC-USD,dydx,DEX,False,0.0
BTC-USD,0.00002775,102356.83158,62389057,2025-11-07T18:00:00.227Z,2025-11-07 18:00:00.227000+00:00,2.775e-05,102356.83158,BTC-USD,dydx,DEX,False,0.0
BTC-USD,0.000023875,102549.35532,62394807,2025-11-07T19:00:00.526Z,2025-11-07 19:00:00.526000+00:00,2.3875e-05,102549.35532,BTC-USD,dydx,DEX,False,0.0
BTC-USD,0.0000175,103300,62400489,2025-11-07T20:00:00.259Z,2025-11-07 20:00:00.259000+00:00,1.75e-05,103300.0,BTC-USD,dydx,DEX,False,0.0
BTC-USD,0.00001625,103748.0185,62406200,2025-11-07T21:00:00.379Z,2025-11-07 21:00:00.379000+00:00,1.625e-05,103748.0185,BTC-USD,dydx,DEX,False,0.0
BTC-USD,0.0000155,103817.00056,62411934,2025-11-07T22:00:00.182Z,2025-11-07 22:00:00.182000+00:00,1.55e-05,103817.00056,BTC-USD,dydx,DEX,False,0.0
BTC-USD,0.000016875,103640.40787,62417727,2025-11-07T23:00:00.246Z,2025-11-07 23:00:00.246000+00:00,1.6875e-05,103640.40787,BTC-USD,dydx,DEX,False,0.0
BTC-USD,0.00001275,103298.48083,62423591,2025-11-08T00:00:00.236Z,2025-11-08 00:00:00.236000+00:00,1.275e-05,103298.48083,BTC-USD,dydx,DEX,False,0.0
BTC-USD,0.000015,102643.18485,62429437,2025-11-08T01:00:00.266Z,2025-11-08 01:00:00.266000+00:00,1.5e-05,102643.18485,BTC-USD,dydx,DEX,False,0.0
BTC-USD,0.000013875,102960.21989,62435250,2025-11-08T02:00:00.256Z,2025-11-08 02:00:00.256000+00:00,1.3875e-05,102960.21989,BTC-USD,dydx,DEX,False,0.0
BTC-USD,0.000013625,102823.04,62441082,2025-11-08T03:00:00.417Z,2025-11-08 03:00:00.417000+00:00,1.3625e-05,102823.04,BTC-USD,dydx,DEX,False,0.0
BTC-USD,0.000012375,102571.81409,62446834,2025-11-08T04:00:00.387Z,2025-11-08 04:00:00.387000+00:00,1.2375e-05,102571.81409,BTC-USD,dydx,DEX,False,0.0
BTC-USD,0.000010125,102480.03851,62452660,2025-11-08T05:00:00.378Z,2025-11-08 05:00:00.378000+00:00,1.0125e-05,102480.03851,BTC-USD,dydx,DEX,False,0.0
BTC-USD,0.000010875,102285.61719,62458499,2025-11-08T06:00:00.479Z,2025-11-08 06:00:00.479000+00:00,1.0875e-05,102285.61719,BTC-USD,dydx,DEX,False,0.0
BTC-USD,0.0000125,102209.11635,62464357,2025-11-08T07:00:00.024Z,2025-11-08 07:00:00.024000+00:00,1.25e-05,102209.11635,BTC-USD,dydx,DEX,False,0.0
BTC-USD,0.000012,102338.68839,62470203,2025-11-08T08:00:00.292Z,2025-11-08 08:00:00.292000+00:00,1.2e-05,102338.68839,BTC-USD,dydx,DEX,False,0.0
BTC-USD,0.000011625,102405.53778,62476008,2025-11-08T09:00:00.317Z,2025-11-08 09:00:00.317000+00:00,1.1625e-05,102405.53778,BTC-USD,dydx,DEX,False,0.0
BTC-USD,0.000011625,102376.94922,62481836,2025-11-08T10:00:00.142Z,2025-11-08 10:00:00.142000+00:00,1.1625e-05,102376.94922,BTC-USD,dydx,DEX,False,0.0
BTC-USD,0.00001125,102425.71997,62487693,2025-11-08T11:00:00.130Z,2025-11-08 11:00:00.130000+00:00,1.125e-05,102425.71997,BTC-USD,dydx,DEX,False,0.0
BTC-USD,0.000010125,101811.57536,62493551,2025-11-08T12:00:00.036Z,2025-11-08 12:00:00.036000+00:00,1.0125e-05,101811.57536,BTC-USD,dydx,DEX,False,0.0
BTC-USD,0.00000975,101968.35,62499411,2025-11-08T13:00:00.137Z,2025-11-08 13:00:00.137000+00:00,9.75e-06,101968.35,BTC-USD,dydx,DEX,False,0.0
BTC-USD,0.000011375,101742.03,62505232,2025-11-08T14:00:00.157Z,2025-11-08 14:00:00.157000+00:00,1.1375e-05,101742.03,BTC-USD,dydx,DEX,False,0.0
BTC-USD,0.000015125,101834.45966,62511133,2025-11-08T15:00:00.445Z,2025-11-08 15:00:00.445000+00:00,1.5125e-05,101834.45966,BTC-USD,dydx,DEX,False,0.0
BTC-USD,0.000014,101716.04839,62517017,2025-11-08T16:00:00.578Z,2025-11-08 16:00:00.578000+00:00,1.4e-05,101716.04839,BTC-USD,dydx,DEX,False,0.0
BTC-USD,0.000014875,101792.3229,62522916,2025-11-08T17:00:00.552Z,2025-11-08 17:00:00.552000+00:00,1.4875e-05,101792.3229,BTC-USD,dydx,DEX,False,0.0
BTC-USD,0.000013875,101938.80611,62528726,2025-11-08T18:00:00.005Z,2025-11-08 18:00:00.005000+00:00,1.3875e-05,101938.80611,BTC-USD,dydx,DEX,False,0.0
BTC-USD,0.0000125,102157.26854,62534607,2025-11-08T19:00:00.121Z,2025-11-08 19:00:00.121000+00:00,1.25e-05,102157.26854,BTC-USD,dydx,DEX,False,0.0
BTC-USD,0.000008,101929.23305,62540464,2025-11-08T20:00:00.396Z,2025-11-08 20:00:00.396000+00:00,8e-06,101929.23305,BTC-USD,dydx,DEX,False,0.0
BTC-USD,0.00000675,102030.4539,62546406,2025-11-08T21:00:00.019Z,2025-11-08 21:00:00.019000+00:00,6.75e-06,102030.4539,BTC-USD,dydx,DEX,False,0.0
BTC-USD,0.000008,102250.94981,62552362,2025-11-08T22:00:00.332Z,2025-11-08 22:00:00.332000+00:00,8e-06,102250.94981,BTC-USD,dydx,DEX,False,0.0
BTC-USD,0.000009625,102345.03142,62558383,2025-11-08T23:00:00.117Z,2025-11-08 23:00:00.117000+00:00,9.625e-06,102345.03142,BTC-USD,dydx,DEX,False,0.0
BTC-USD,0.0000115,102282.94341,62564351,2025-11-09T00:00:00.516Z,2025-11-09 00:00:00.516000+00:00,1.15e-05,102282.94341,BTC-USD,dydx,DEX,False,0.0
BTC-USD,0.000008,101774.54509,62570372,2025-11-09T01:00:00.328Z,2025-11-09 01:00:00.328000+00:00,8e-06,101774.54509,BTC-USD,dydx,DEX,False,0.0
BTC-USD,0.000008,101774.54509,62570372,2025-11-09T01:00:00.328Z,2025-11-09 01:00:00.328000+00:00,8e-06,101774.54509,BTC-USD,dydx,DEX,False,0.0
BTC-USD,0.000008,102039.40211,62576346,2025-11-09T02:00:00.519Z,2025-11-09 02:00:00.519000+00:00,8e-06,102039.40211,BTC-USD,dydx,DEX,False,0.0
BTC-USD,0.000007375,101621.7048,62582363,2025-11-09T03:00:00.815Z,2025-11-09 03:00:00.815000+00:00,7.375e-06,101621.7048,BTC-USD,dydx,DEX,False,0.0
BTC-USD,0.00000775,101646.17076,62588297,2025-11-09T04:00:00.088Z,2025-11-09 04:00:00.088000+00:00,7.75e-06,101646.17076,BTC-USD,dydx,DEX,False,0.0
BTC-USD,0.000009,101704.8275,62594282,2025-11-09T05:00:00.100Z,2025-11-09 05:00:00.100000+00:00,9e-06,101704.8275,BTC-USD,dydx,DEX,False,0.0
BTC-USD,0.000007875,101862.72,62600240,2025-11-09T06:00:00.602Z,2025-11-09 06:00:00.602000+00:00,7.875e-06,101862.72,BTC-USD,dydx,DEX,False,0.0
BTC-USD,0.000005375,101736.71952,62606168,2025-11-09T07:00:00.670Z,2025-11-09 07:00:00.670000+00:00,5.375e-06,101736.71952,BTC-USD,dydx,DEX,False,0.0
BTC-USD,0.000008125,101911.10888,62612104,2025-11-09T08:00:00.323Z,2025-11-09 08:00:00.323000+00:00,8.125e-06,101911.10888,BTC-USD,dydx,DEX,False,0.0
BTC-USD,0.0000055,101925.7228,62618008,2025-11-09T09:00:00.388Z,2025-11-09 09:00:00.388000+00:00,5.5e-06,101925.7228,BTC-USD,dydx,DEX,False,0.0
BTC-USD,0.00000475,101665.75608,62623928,2025-11-09T10:00:00.140Z,2025-11-09 10:00:00.140000+00:00,4.75e-06,101665.75608,BTC-USD,dydx,DEX,False,0.0
BTC-USD,0.0000095,101834.61653,62629862,2025-11-09T11:00:00.578Z,2025-11-09 11:00:00.578000+00:00,9.5e-06,101834.61653,BTC-USD,dydx,DEX,False,0.0
BTC-USD,0.000009,102203.02,62635797,2025-11-09T12:00:00.394Z,2025-11-09 12:00:00.394000+00:00,9e-06,102203.02,BTC-USD,dydx,DEX,False,0.0
BTC-USD,0.0000065,102050.9178,62641676,2025-11-09T13:00:00.052Z,2025-11-09 13:00:00.052000+00:00,6.5e-06,102050.9178,BTC-USD,dydx,DEX,False,0.0
BTC-USD,0.00000825,102903.99621,62647548,2025-11-09T14:00:00.177Z,2025-11-09 14:00:00.177000+00:00,8.25e-06,102903.99621,BTC-USD,dydx,DEX,False,0.0
BTC-USD,0.00000525,103016.4,62653484,2025-11-09T15:00:00.590Z,2025-11-09 15:00:00.590000+00:00,5.25e-06,103016.4,BTC-USD,dydx,DEX,False,0.0
BTC-USD,0.000010625,103767.4,62659404,2025-11-09T16:00:00.034Z,2025-11-09 16:00:00.034000+00:00,1.0625e-05,103767.4,BTC-USD,dydx,DEX,False,0.0
BTC-USD,0.00000925,103819.68803,62665290,2025-11-09T17:00:00.507Z,2025-11-09 17:00:00.507000+00:00,9.25e-06,103819.68803,BTC-USD,dydx,DEX,False,0.0
BTC-USD,0.00001125,103584.44155,62671211,2025-11-09T18:00:00.235Z,2025-11-09 18:00:00.235000+00:00,1.125e-05,103584.44155,BTC-USD,dydx,DEX,False,0.0
BTC-USD,0.000011125,104517.2,62677100,2025-11-09T19:00:00.454Z,2025-11-09 19:00:00.454000+00:00,1.1125e-05,104517.2,BTC-USD,dydx,DEX,False,0.0
BTC-USD,0.000012375,104786.22,62682953,2025-11-09T20:00:00.454Z,2025-11-09 20:00:00.454000+00:00,1.2375e-05,104786.22,BTC-USD,dydx,DEX,False,0.0
BTC-USD,0.000009875,104643.82782,62688823,2025-11-09T21:00:00.650Z,2025-11-09 21:00:00.650000+00:00,9.875e-06,104643.82782,BTC-USD,dydx,DEX,False,0.0
BTC-USD,0.000009375,104514.46384,62694633,2025-11-09T22:00:00.022Z,2025-11-09 22:00:00.022000+00:00,9.375e-06,104514.46384,BTC-USD,dydx,DEX,False,0.0
BTC-USD,0.0000095,104709.04428,62700525,2025-11-09T23:00:00.482Z,2025-11-09 23:00:00.482000+00:00,9.5e-06,104709.04428,BTC-USD,dydx,DEX,False,0.0
BTC-USD,0.0000055,104755.6,62706372,2025-11-10T00:00:00.676Z,2025-11-10 00:00:00.676000+00:00,5.5e-06,104755.6,BTC-USD,dydx,DEX,False,0.0
BTC-USD,0.00001075,106291.42,62712226,2025-11-10T01:00:00.492Z,2025-11-10 01:00:00.492000+00:00,1.075e-05,106291.42,BTC-USD,dydx,DEX,False,0.0
BTC-USD,0.00001025,105716.7826,62718012,2025-11-10T02:00:00.376Z,2025-11-10 02:00:00.376000+00:00,1.025e-05,105716.7826,BTC-USD,dydx,DEX,False,0.0
BTC-USD,0.00000925,106003.69954,62723856,2025-11-10T03:00:00.158Z,2025-11-10 03:00:00.158000+00:00,9.25e-06,106003.69954,BTC-USD,dydx,DEX,False,0.0
BTC-USD,0.000014,106037.8,62729654,2025-11-10T04:00:00.471Z,2025-11-10 04:00:00.471000+00:00,1.4e-05,106037.8,BTC-USD,dydx,DEX,False,0.0
BTC-USD,0.000010125,106142.78572,62735472,2025-11-10T05:00:00.587Z,2025-11-10 05:00:00.587000+00:00,1.0125e-05,106142.78572,BTC-USD,dydx,DEX,False,0.0
BTC-USD,0.00000975,106082.7,62741343,2025-11-10T06:00:00.089Z,2025-11-10 06:00:00.089000+00:00,9.75e-06,106082.7,BTC-USD,dydx,DEX,False,0.0
BTC-USD,0.000011375,106216.92999,62747240,2025-11-10T07:00:00.422Z,2025-11-10 07:00:00.422000+00:00,1.1375e-05,106216.92999,BTC-USD,dydx,DEX,False,0.0
BTC-USD,0.000011125,106413.23,62753174,2025-11-10T08:00:00.240Z,2025-11-10 08:00:00.240000+00:00,1.1125e-05,106413.23,BTC-USD,dydx,DEX,False,0.0
BTC-USD,0.00001125,105916.00734,62759015,2025-11-10T09:00:00.428Z,2025-11-10 09:00:00.428000+00:00,1.125e-05,105916.00734,BTC-USD,dydx,DEX,False,0.0
BTC-USD,0.000016125,106409.75,62764853,2025-11-10T10:00:00.161Z,2025-11-10 10:00:00.161000+00:00,1.6125e-05,106409.75,BTC-USD,dydx,DEX,False,0.0
BTC-USD,0.000009375,105995.45955,62770745,2025-11-10T11:00:00.394Z,2025-11-10 11:00:00.394000+00:00,9.375e-06,105995.45955,BTC-USD,dydx,DEX,False,0.0
BTC-USD,0.0000125,106202.2,62776528,2025-11-10T12:00:00.337Z,2025-11-10 12:00:00.337000+00:00,1.25e-05,106202.2,BTC-USD,dydx,DEX,False,0.0
BTC-USD,0.000004125,105964.99,62782338,2025-11-10T13:00:00.491Z,2025-11-10 13:00:00.491000+00:00,4.125e-06,105964.99,BTC-USD,dydx,DEX,False,0.0
BTC-USD,0.00000475,106522.74,62788139,2025-11-10T14:00:00.496Z,2025-11-10 14:00:00.496000+00:00,4.75e-06,106522.74,BTC-USD,dydx,DEX,False,0.0
BTC-USD,0.00000275,104893.60433,62794091,2025-11-10T15:00:00.384Z,2025-11-10 15:00:00.384000+00:00,2.75e-06,104893.60433,BTC-USD,dydx,DEX,False,0.0
BTC-USD,0.000001375,105010.04878,62799970,2025-11-10T16:00:01.082Z,2025-11-10 16:00:01.082000+00:00,1.375e-06,105010.04878,BTC-USD,dydx,DEX,False,0.0
BTC-USD,0.000005,105194.28057,62805880,2025-11-10T17:00:00.508Z,2025-11-10 17:00:00.508000+00:00,5e-06,105194.28057,BTC-USD,dydx,DEX,False,0.0
BTC-USD,0.000004875,105958.67402,62811808,2025-11-10T18:00:00.318Z,2025-11-10 18:00:00.318000+00:00,4.875e-06,105958.67402,BTC-USD,dydx,DEX,False,0.0
BTC-USD,0.00000675,105452.36024,62817801,2025-11-10T19:00:00.387Z,2025-11-10 19:00:00.387000+00:00,6.75e-06,105452.36024,BTC-USD,dydx,DEX,False,0.0
BTC-USD,0.000007,105805.61943,62823824,2025-11-10T20:00:00.374Z,2025-11-10 20:00:00.374000+00:00,7e-06,105805.61943,BTC-USD,dydx,DEX,False,0.0
BTC-USD,0.00000825,106031.82988,62829776,2025-11-10T21:00:00.313Z,2025-11-10 21:00:00.313000+00:00,8.25e-06,106031.82988,BTC-USD,dydx,DEX,False,0.0
BTC-USD,0.00000475,105625.23747,62835718,2025-11-10T22:00:00.481Z,2025-11-10 22:00:00.481000+00:00,4.75e-06,105625.23747,BTC-USD,dydx,DEX,False,0.0
BTC-USD,0.00000925,106020.4959,62841739,2025-11-10T23:00:00.479Z,2025-11-10 23:00:00.479000+00:00,9.25e-06,106020.4959,BTC-USD,dydx,DEX,False,0.0
BTC-USD,0.000007375,105992.76592,62847739,2025-11-11T00:00:00.334Z,2025-11-11 00:00:00.334000+00:00,7.375e-06,105992.76592,BTC-USD,dydx,DEX,False,0.0
BTC-USD,0.000007125,106111.97047,62853536,2025-11-11T01:00:00.393Z,2025-11-11 01:00:00.393000+00:00,7.125e-06,106111.97047,BTC-USD,dydx,DEX,False,0.0
BTC-USD,0.000004875,106042.88,62859215,2025-11-11T02:00:00.074Z,2025-11-11 02:00:00.074000+00:00,4.875e-06,106042.88,BTC-USD,dydx,DEX,False,0.0
BTC-USD,0.000003375,106665.06385,62865002,2025-11-11T03:00:00.449Z,2025-11-11 03:00:00.449000+00:00,3.375e-06,106665.06385,BTC-USD,dydx,DEX,False,0.0
BTC-USD,0.000005125,106435.21426,62870734,2025-11-11T04:00:00.112Z,2025-11-11 04:00:00.112000+00:00,5.125e-06,106435.21426,BTC-USD,dydx,DEX,False,0.0
BTC-USD,0.0000015,105741.32586,62876520,2025-11-11T05:00:00.474Z,2025-11-11 05:00:00.474000+00:00,1.5e-06,105741.32586,BTC-USD,dydx,DEX,False,0.0
BTC-USD,0.000000125,105213.95042,62882269,2025-11-11T06:00:00.570Z,2025-11-11 06:00:00.570000+00:00,1.25e-07,105213.95042,BTC-USD,dydx,DEX,False,0.0
BTC-USD,0,105280.94381,62888093,2025-11-11T07:00:00.122Z,2025-11-11 07:00:00.122000+00:00,0.0,105280.94381,BTC-USD,dydx,DEX,False,0.0
BTC-USD,-0.000000125,104749.44011,62893837,2025-11-11T08:00:00.279Z,2025-11-11 08:00:00.279000+00:00,-1.25e-07,104749.44011,BTC-USD,dydx,DEX,False,0.0
BTC-USD,0.000000375,105094.02226,62899585,2025-11-11T09:00:00.663Z,2025-11-11 09:00:00.663000+00:00,3.75e-07,105094.02226,BTC-USD,dydx,DEX,False,0.0
BTC-USD,-0.000000125,104946.89,62905291,2025-11-11T10:00:00.223Z,2025-11-11 10:00:00.223000+00:00,-1.25e-07,104946.89,BTC-USD,dydx,DEX,False,0.0
BTC-USD,-0.00000025,105154.32456,62910983,2025-11-11T11:00:00.331Z,2025-11-11 11:00:00.331000+00:00,-2.5e-07,105154.32456,BTC-USD,dydx,DEX,False,0.0
BTC-USD,0.000000875,105257.9,62916631,2025-11-11T12:00:00.027Z,2025-11-11 12:00:00.027000+00:00,8.75e-07,105257.9,BTC-USD,dydx,DEX,False,0.0
BTC-USD,0.000000375,104521.71,62922431,2025-11-11T13:00:00.497Z,2025-11-11 13:00:00.497000+00:00,3.75e-07,104521.71,BTC-USD,dydx,DEX,False,0.0
BTC-USD,0.000002125,104391.66959,62928183,2025-11-11T14:00:00.019Z,2025-11-11 14:00:00.019000+00:00,2.125e-06,104391.66959,BTC-USD,dydx,DEX,False,0.0
BTC-USD,0.000003,104579.1,62933979,2025-11-11T15:00:00.378Z,2025-11-11 15:00:00.378000+00:00,3e-06,104579.1,BTC-USD,dydx,DEX,False,0.0
BTC-USD,0.00000275,103487.58,62939695,2025-11-11T16:00:00.049Z,2025-11-11 16:00:00.049000+00:00,2.75e-06,103487.58,BTC-USD,dydx,DEX,False,0.0
BTC-USD,0.000002875,103369.71,62945413,2025-11-11T17:00:00.407Z,2025-11-11 17:00:00.407000+00:00,2.875e-06,103369.71,BTC-USD,dydx,DEX,False,0.0
BTC-USD,0.000002625,103364.82764,62951070,2025-11-11T18:00:00.573Z,2025-11-11 18:00:00.573000+00:00,2.625e-06,103364.82764,BTC-USD,dydx,DEX,False,0.0
BTC-USD,0.000004,103400,62956797,2025-11-11T19:00:00.264Z,2025-11-11 19:00:00.264000+00:00,4e-06,103400.0,BTC-USD,dydx,DEX,False,0.0
BTC-USD,0.000001125,103110.57911,62962446,2025-11-11T20:00:00.315Z,2025-11-11 20:00:00.315000+00:00,1.125e-06,103110.57911,BTC-USD,dydx,DEX,False,0.0
BTC-USD,0.000002875,102737.49869,62968151,2025-11-11T21:00:00.381Z,2025-11-11 21:00:00.381000+00:00,2.875e-06,102737.49869,BTC-USD,dydx,DEX,False,0.0
BTC-USD,0.0000015,102626.17384,62973768,2025-11-11T22:00:00.432Z,2025-11-11 22:00:00.432000+00:00,1.5e-06,102626.17384,BTC-USD,dydx,DEX,False,0.0
BTC-USD,0.0000035,102973.04539,62979416,2025-11-11T23:00:00.461Z,2025-11-11 23:00:00.461000+00:00,3.5e-06,102973.04539,BTC-USD,dydx,DEX,False,0.0
BTC-USD,0.000002625,103030.15074,62985047,2025-11-12T00:00:03.365Z,2025-11-12 00:00:03.365000+00:00,2.625e-06,103030.15074,BTC-USD,dydx,DEX,False,0.0
BTC-USD,0.000006,102800.01,62990735,2025-11-12T01:00:00.586Z,2025-11-12 01:00:00.586000+00:00,6e-06,102800.01,BTC-USD,dydx,DEX,False,0.0
BTC-USD,0.00000475,103201.54316,62996374,2025-11-12T02:00:00.074Z,2025-11-12 02:00:00.074000+00:00,4.75e-06,103201.54316,BTC-USD,dydx,DEX,False,0.0
BTC-USD,0.000003625,103157.68846,63002102,2025-11-12T03:00:00.329Z,2025-11-12 03:00:00.329000+00:00,3.625e-06,103157.68846,BTC-USD,dydx,DEX,False,0.0
BTC-USD,0.000004,103256.3131,63007832,2025-11-12T04:00:00.010Z,2025-11-12 04:00:00.010000+00:00,4e-06,103256.3131,BTC-USD,dydx,DEX,False,0.0
BTC-USD,0.000007125,103197.62023,63013568,2025-11-12T05:00:00.187Z,2025-11-12 05:00:00.187000+00:00,7.125e-06,103197.62023,BTC-USD,dydx,DEX,False,0.0
BTC-USD,0.000005625,103342.48999,63019309,2025-11-12T06:00:00.381Z,2025-11-12 06:00:00.381000+00:00,5.625e-06,103342.48999,BTC-USD,dydx,DEX,False,0.0
BTC-USD,0.000009,103350.45592,63025092,2025-11-12T07:00:00.333Z,2025-11-12 07:00:00.333000+00:00,9e-06,103350.45592,BTC-USD,dydx,DEX,False,0.0
BTC-USD,0.000003875,103096.81,63030866,2025-11-12T08:00:00.440Z,2025-11-12 08:00:00.440000+00:00,3.875e-06,103096.81,BTC-USD,dydx,DEX,False,0.0
BTC-USD,0.000000875,104154.08304,63036582,2025-11-12T09:00:00.265Z,2025-11-12 09:00:00.265000+00:00,8.75e-07,104154.08304,BTC-USD,dydx,DEX,False,0.0
BTC-USD,0.000005625,104539.68109,63042287,2025-11-12T10:00:00.248Z,2025-11-12 10:00:00.248000+00:00,5.625e-06,104539.68109,BTC-USD,dydx,DEX,False,0.0
BTC-USD,0.000005125,104917.44167,63047974,2025-11-12T11:00:00.100Z,2025-11-12 11:00:00.100000+00:00,5.125e-06,104917.44167,BTC-USD,dydx,DEX,False,0.0
BTC-USD,0.000003,105011.60116,63053655,2025-11-12T12:00:00.424Z,2025-11-12 12:00:00.424000+00:00,3e-06,105011.60116,BTC-USD,dydx,DEX,False,0.0
BTC-USD,0.000003,104993.73,63059377,2025-11-12T13:00:00.580Z,2025-11-12 13:00:00.580000+00:00,3e-06,104993.73,BTC-USD,dydx,DEX,False,0.0
BTC-USD,0.000002875,105010,63064996,2025-11-12T14:00:00.461Z,2025-11-12 14:00:00.461000+00:00,2.875e-06,105010.0,BTC-USD,dydx,DEX,False,0.0
BTC-USD,0.000000375,103948.34442,63070746,2025-11-12T15:00:00.098Z,2025-11-12 15:00:00.098000+00:00,3.75e-07,103948.34442,BTC-USD,dydx,DEX,False,0.0
BTC-USD,0,102183.40011,63076304,2025-11-12T16:00:00.228Z,2025-11-12 16:00:00.228000+00:00,0.0,102183.40011,BTC-USD,dydx,DEX,False,0.0
BTC-USD,0,101423.39986,63081940,2025-11-12T17:00:00.639Z,2025-11-12 17:00:00.639000+00:00,0.0,101423.39986,BTC-USD,dydx,DEX,False,0.0
BTC-USD,0.000001,101762.9,63087556,2025-11-12T18:00:00.336Z,2025-11-12 18:00:00.336000+00:00,1e-06,101762.9,BTC-USD,dydx,DEX,False,0.0
BTC-USD,-0.000064,101563.0563,63093207,2025-11-12T19:00:00.468Z,2025-11-12 19:00:00.468000+00:00,-6.4e-05,101563.0563,BTC-USD,dydx,DEX,False,0.0
BTC-USD,-0.000081875,101268.75381,63098853,2025-11-12T20:00:00.508Z,2025-11-12 20:00:00.508000+00:00,-8.1875e-05,101268.75381,BTC-USD,dydx,DEX,False,0.0
BTC-USD,-0.00008175,101554.64,63104550,2025-11-12T21:00:00.182Z,2025-11-12 21:00:00.182000+00:00,-8.175e-05,101554.64,BTC-USD,dydx,DEX,False,0.0
BTC-USD,-0.00007525,101908.96945,63110160,2025-11-12T22:00:00.047Z,2025-11-12 22:00:00.047000+00:00,-7.525e-05,101908.96945,BTC-USD,dydx,DEX,False,0.0
BTC-USD,-0.0000765,101966.92,63115832,2025-11-12T23:00:00.435Z,2025-11-12 23:00:00.435000+00:00,-7.65e-05,101966.92,BTC-USD,dydx,DEX,False,0.0
BTC-USD,-0.00006075,101673,63121451,2025-11-13T00:00:00.625Z,2025-11-13 00:00:00.625000+00:00,-6.075e-05,101673.0,BTC-USD,dydx,DEX,False,0.0
BTC-USD,-0.0000445,101833.57,63127117,2025-11-13T01:00:00.345Z,2025-11-13 01:00:00.345000+00:00,-4.45e-05,101833.57,BTC-USD,dydx,DEX,False,0.0
BTC-USD,-0.000030875,101999.1,63132776,2025-11-13T02:00:00.431Z,2025-11-13 02:00:00.431000+00:00,-3.0875e-05,101999.1,BTC-USD,dydx,DEX,False,0.0
BTC-USD,-0.000033125,102071.92998,63138424,2025-11-13T03:00:00.130Z,2025-11-13 03:00:00.130000+00:00,-3.3125e-05,102071.92998,BTC-USD,dydx,DEX,False,0.0
BTC-USD,-0.000026375,102158.78918,63144080,2025-11-13T04:00:00.158Z,2025-11-13 04:00:00.158000+00:00,-2.6375e-05,102158.78918,BTC-USD,dydx,DEX,False,0.0
BTC-USD,-0.000026375,102158.78918,63144080,2025-11-13T04:00:00.158Z,2025-11-13 04:00:00.158000+00:00,-2.6375e-05,102158.78918,BTC-USD,dydx,DEX,False,0.0
BTC-USD,-0.000058875,102125.6,63149804,2025-11-13T05:00:00.335Z,2025-11-13 05:00:00.335000+00:00,-5.8875e-05,102125.6,BTC-USD,dydx,DEX,False,0.0
BTC-USD,-0.000050625,103105.78942,63155462,2025-11-13T06:00:00.316Z,2025-11-13 06:00:00.316000+00:00,-5.0625e-05,103105.78942,BTC-USD,dydx,DEX,False,0.0
BTC-USD,-0.000036375,103543.787,63161112,2025-11-13T07:00:00.139Z,2025-11-13 07:00:00.139000+00:00,-3.6375e-05,103543.787,BTC-USD,dydx,DEX,False,0.0
BTC-USD,-0.000051,103488.2,63166709,2025-11-13T08:00:00.150Z,2025-11-13 08:00:00.150000+00:00,-5.1e-05,103488.2,BTC-USD,dydx,DEX,False,0.0
BTC-USD,-0.000071125,103681.3,63172231,2025-11-13T09:00:00.802Z,2025-11-13 09:00:00.802000+00:00,-7.1125e-05,103681.3,BTC-USD,dydx,DEX,False,0.0
BTC-USD,-0.000021375,102815.7,63177776,2025-11-13T10:00:00.008Z,2025-11-13 10:00:00.008000+00:00,-2.1375e-05,102815.7,BTC-USD,dydx,DEX,False,0.0
BTC-USD,-0.0000335,102992.2,63183386,2025-11-13T11:00:00.535Z,2025-11-13 11:00:00.535000+00:00,-3.35e-05,102992.2,BTC-USD,dydx,DEX,False,0.0
BTC-USD,-0.000017625,102968.4,63188901,2025-11-13T12:00:00.036Z,2025-11-13 12:00:00.036000+00:00,-1.7625e-05,102968.4,BTC-USD,dydx,DEX,False,0.0
BTC-USD,-0.000033375,103145,63194545,2025-11-13T13:00:00.018Z,2025-11-13 13:00:00.018000+00:00,-3.3375e-05,103145.0,BTC-USD,dydx,DEX,False,0.0
BTC-USD,-0.000017625,102289.70751,63200221,2025-11-13T14:00:00.265Z,2025-11-13 14:00:00.265000+00:00,-1.7625e-05,102289.70751,BTC-USD,dydx,DEX,False,0.0
BTC-USD,-0.000012875,102881.31883,63205913,2025-11-13T15:00:00.246Z,2025-11-13 15:00:00.246000+00:00,-1.2875e-05,102881.31883,BTC-USD,dydx,DEX,False,0.0
BTC-USD,-0.000013875,101377.77698,63211578,2025-11-13T16:00:00.232Z,2025-11-13 16:00:00.232000+00:00,-1.3875e-05,101377.77698,BTC-USD,dydx,DEX,False,0.0
BTC-USD,-0.000010125,100610.27794,63217306,2025-11-13T17:00:00.070Z,2025-11-13 17:00:00.070000+00:00,-1.0125e-05,100610.27794,BTC-USD,dydx,DEX,False,0.0
BTC-USD,-0.000013125,99605.14883,63222981,2025-11-13T18:00:00.491Z,2025-11-13 18:00:00.491000+00:00,-1.3125e-05,99605.14883,BTC-USD,dydx,DEX,False,0.0
BTC-USD,0.00001125,98555.00827,63228718,2025-11-13T19:00:00.755Z,2025-11-13 19:00:00.755000+00:00,1.125e-05,98555.00827,BTC-USD,dydx,DEX,False,0.0
BTC-USD,0.0000185,98654.10376,63234413,2025-11-13T20:00:00.088Z,2025-11-13 20:00:00.088000+00:00,1.85e-05,98654.10376,BTC-USD,dydx,DEX,False,0.0
BTC-USD,-0.00000225,98090.1949,63240115,2025-11-13T21:00:00.328Z,2025-11-13 21:00:00.328000+00:00,-2.25e-06,98090.1949,BTC-USD,dydx,DEX,False,0.0
BTC-USD,0.000002625,98763.47853,63245768,2025-11-13T22:00:00.157Z,2025-11-13 22:00:00.157000+00:00,2.625e-06,98763.47853,BTC-USD,dydx,DEX,False,0.0
BTC-USD,0.0000085,99785.30801,63251471,2025-11-13T23:00:00.281Z,2025-11-13 23:00:00.281000+00:00,8.5e-06,99785.30801,BTC-USD,dydx,DEX,False,0.0
BTC-USD,-0.00001525,99662.17891,63257152,2025-11-14T00:00:00.354Z,2025-11-14 00:00:00.354000+00:00,-1.525e-05,99662.17891,BTC-USD,dydx,DEX,False,0.0
BTC-USD,-0.00000125,98954.88804,63262792,2025-11-14T01:00:00.565Z,2025-11-14 01:00:00.565000+00:00,-1.25e-06,98954.88804,BTC-USD,dydx,DEX,False,0.0
BTC-USD,0.000000875,99205.2063,63268401,2025-11-14T02:00:00.680Z,2025-11-14 02:00:00.680000+00:00,8.75e-07,99205.2063,BTC-USD,dydx,DEX,False,0.0
BTC-USD,0.000001875,99598.62041,63274027,2025-11-14T03:00:00.431Z,2025-11-14 03:00:00.431000+00:00,1.875e-06,99598.62041,BTC-USD,dydx,DEX,False,0.0
BTC-USD,-0.00000125,99104.87568,63279604,2025-11-14T04:00:00.187Z,2025-11-14 04:00:00.187000+00:00,-1.25e-06,99104.87568,BTC-USD,dydx,DEX,False,0.0
BTC-USD,-0.000004625,97793.24471,63285326,2025-11-14T05:00:00.665Z,2025-11-14 05:00:00.665000+00:00,-4.625e-06,97793.24471,BTC-USD,dydx,DEX,False,0.0
BTC-USD,-0.000008875,97500.17011,63290972,2025-11-14T06:00:00.090Z,2025-11-14 06:00:00.090000+00:00,-8.875e-06,97500.17011,BTC-USD,dydx,DEX,False,0.0
BTC-USD,-0.000008625,97557.477,63296810,2025-11-14T07:00:00.246Z,2025-11-14 07:00:00.246000+00:00,-8.625e-06,97557.477,BTC-USD,dydx,DEX,False,0.0
BTC-USD,-0.00000625,97133.04678,63302615,2025-11-14T08:00:00.189Z,2025-11-14 08:00:00.189000+00:00,-6.25e-06,97133.04678,BTC-USD,dydx,DEX,False,0.0
BTC-USD,-0.000006375,97374.18774,63308390,2025-11-14T09:00:00.419Z,2025-11-14 09:00:00.419000+00:00,-6.375e-06,97374.18774,BTC-USD,dydx,DEX,False,0.0
BTC-USD,-0.000001625,96811.8103,63314057,2025-11-14T10:00:00.208Z,2025-11-14 10:00:00.208000+00:00,-1.625e-06,96811.8103,BTC-USD,dydx,DEX,False,0.0
BTC-USD,-0.000000375,96692.59222,63319747,2025-11-14T11:00:00.080Z,2025-11-14 11:00:00.080000+00:00,-3.75e-07,96692.59222,BTC-USD,dydx,DEX,False,0.0
BTC-USD,-0.000000125,96171.14865,63325395,2025-11-14T12:00:00.193Z,2025-11-14 12:00:00.193000+00:00,-1.25e-07,96171.14865,BTC-USD,dydx,DEX,False,0.0
BTC-USD,0.00000625,95307.96156,63331126,2025-11-14T13:00:00.241Z,2025-11-14 13:00:00.241000+00:00,6.25e-06,95307.96156,BTC-USD,dydx,DEX,False,0.0
BTC-USD,0.000025625,95167.72123,63336801,2025-11-14T14:00:00.092Z,2025-11-14 14:00:00.092000+00:00,2.5625e-05,95167.72123,BTC-USD,dydx,DEX,False,0.0
BTC-USD,0.0000255,96463.47556,63342592,2025-11-14T15:00:00.415Z,2025-11-14 15:00:00.415000+00:00,2.55e-05,96463.47556,BTC-USD,dydx,DEX,False,0.0
BTC-USD,0.000012125,96725.36721,63348233,2025-11-14T16:00:00.185Z,2025-11-14 16:00:00.185000+00:00,1.2125e-05,96725.36721,BTC-USD,dydx,DEX,False,0.0
BTC-USD,0.00001,97002.89836,63353899,2025-11-14T17:00:00.029Z,2025-11-14 17:00:00.029000+00:00,1e-05,97002.89836,BTC-USD,dydx,DEX,False,0.0
BTC-USD,0.0000035,95806.7966,63359498,2025-11-14T18:00:00.219Z,2025-11-14 18:00:00.219000+00:00,3.5e-06,95806.7966,BTC-USD,dydx,DEX,False,0.0
BTC-USD,0.000027625,95017.04101,63365115,2025-11-14T19:00:00.220Z,2025-11-14 19:00:00.220000+00:00,2.7625e-05,95017.04101,BTC-USD,dydx,DEX,False,0.0
BTC-USD,0.000048625,95723.69637,63370732,2025-11-14T20:00:00.333Z,2025-11-14 20:00:00.333000+00:00,4.8625e-05,95723.69637,BTC-USD,dydx,DEX,False,0.0
BTC-USD,0.000022125,94306.10446,63376387,2025-11-14T21:00:00.159Z,2025-11-14 21:00:00.159000+00:00,2.2125e-05,94306.10446,BTC-USD,dydx,DEX,False,0.0
BTC-USD,0.000026125,95016.24498,63382029,2025-11-14T22:00:00.370Z,2025-11-14 22:00:00.370000+00:00,2.6125e-05,95016.24498,BTC-USD,dydx,DEX,False,0.0
BTC-USD,0.000039625,95119.0848,63387711,2025-11-14T23:00:00.578Z,2025-11-14 23:00:00.578000+00:00,3.9625e-05,95119.0848,BTC-USD,dydx,DEX,False,0.0
BTC-USD,0.00002425,94516.09937,63393403,2025-11-15T00:00:00.315Z,2025-11-15 00:00:00.315000+00:00,2.425e-05,94516.09937,BTC-USD,dydx,DEX,False,0.0
BTC-USD,0.00002625,95069.25152,63399096,2025-11-15T01:00:00.192Z,2025-11-15 01:00:00.192000+00:00,2.625e-05,95069.25152,BTC-USD,dydx,DEX,False,0.0
BTC-USD,0.000029,95580.19386,63404792,2025-11-15T02:00:00.319Z,2025-11-15 02:00:00.319000+00:00,2.9e-05,95580.19386,BTC-USD,dydx,DEX,False,0.0
BTC-USD,0.00003475,96357.01775,63410580,2025-11-15T03:00:00.224Z,2025-11-15 03:00:00.224000+00:00,3.475e-05,96357.01775,BTC-USD,dydx,DEX,False,0.0
BTC-USD,0.000033375,96345.90704,63416325,2025-11-15T04:00:00.304Z,2025-11-15 04:00:00.304000+00:00,3.3375e-05,96345.90704,BTC-USD,dydx,DEX,False,0.0
BTC-USD,0.00002875,96098.76306,63422107,2025-11-15T05:00:00.298Z,2025-11-15 05:00:00.298000+00:00,2.875e-05,96098.76306,BTC-USD,dydx,DEX,False,0.0
BTC-USD,0.00003175,96265.10697,63427858,2025-11-15T06:00:00.062Z,2025-11-15 06:00:00.062000+00:00,3.175e-05,96265.10697,BTC-USD,dydx,DEX,False,0.0
BTC-USD,0.000032625,96075.64097,63433594,2025-11-15T07:00:00.388Z,2025-11-15 07:00:00.388000+00:00,3.2625e-05,96075.64097,BTC-USD,dydx,DEX,False,0.0
BTC-USD,0.000035625,96267.17316,63439341,2025-11-15T08:00:00.338Z,2025-11-15 08:00:00.338000+00:00,3.5625e-05,96267.17316,BTC-USD,dydx,DEX,False,0.0
BTC-USD,0.000030375,95873.04078,63445058,2025-11-15T09:00:00.549Z,2025-11-15 09:00:00.549000+00:00,3.0375e-05,95873.04078,BTC-USD,dydx,DEX,False,0.0
BTC-USD,0.000027625,95804.73763,63450755,2025-11-15T10:00:00.428Z,2025-11-15 10:00:00.428000+00:00,2.7625e-05,95804.73763,BTC-USD,dydx,DEX,False,0.0
BTC-USD,0.00002575,95921.37717,63456475,2025-11-15T11:00:00.317Z,2025-11-15 11:00:00.317000+00:00,2.575e-05,95921.37717,BTC-USD,dydx,DEX,False,0.0
BTC-USD,0.000020125,95662.41879,63462143,2025-11-15T12:00:00.046Z,2025-11-15 12:00:00.046000+00:00,2.0125e-05,95662.41879,BTC-USD,dydx,DEX,False,0.0
BTC-USD,0.000023,95728.00395,63467855,2025-11-15T13:00:00.457Z,2025-11-15 13:00:00.457000+00:00,2.3e-05,95728.00395,BTC-USD,dydx,DEX,False,0.0
BTC-USD,0.00002225,96299.45027,63473651,2025-11-15T14:00:00.323Z,2025-11-15 14:00:00.323000+00:00,2.225e-05,96299.45027,BTC-USD,dydx,DEX,False,0.0
BTC-USD,0.00002125,96192.22311,63479389,2025-11-15T15:00:00.404Z,2025-11-15 15:00:00.404000+00:00,2.125e-05,96192.22311,BTC-USD,dydx,DEX,False,0.0
BTC-USD,0.00002425,96209.29736,63485187,2025-11-15T16:00:00.484Z,2025-11-15 16:00:00.484000+00:00,2.425e-05,96209.29736,BTC-USD,dydx,DEX,False,0.0
BTC-USD,0.00002775,96099.42998,63491094,2025-11-15T17:00:00.391Z,2025-11-15 17:00:00.391000+00:00,2.775e-05,96099.42998,BTC-USD,dydx,DEX,False,0.0
BTC-USD,0.000018,96147.91604,63496996,2025-11-15T18:00:00.269Z,2025-11-15 18:00:00.269000+00:00,1.8e-05,96147.91604,BTC-USD,dydx,DEX,False,0.0
BTC-USD,0.000016625,95991.55,63502918,2025-11-15T19:00:00.086Z,2025-11-15 19:00:00.086000+00:00,1.6625e-05,95991.55,BTC-USD,dydx,DEX,False,0.0
BTC-USD,0.000016625,95971.39744,63508848,2025-11-15T20:00:00.360Z,2025-11-15 20:00:00.360000+00:00,1.6625e-05,95971.39744,BTC-USD,dydx,DEX,False,0.0
BTC-USD,0.00001175,95231.3843,63514803,2025-11-15T21:00:00.479Z,2025-11-15 21:00:00.479000+00:00,1.175e-05,95231.3843,BTC-USD,dydx,DEX,False,0.0
BTC-USD,0.00001425,95181.39116,63520709,2025-11-15T22:00:00.136Z,2025-11-15 22:00:00.136000+00:00,1.425e-05,95181.39116,BTC-USD,dydx,DEX,False,0.0
BTC-USD,0.0000185,95531.35,63526618,2025-11-15T23:00:00.227Z,2025-11-15 23:00:00.227000+00:00,1.85e-05,95531.35,BTC-USD,dydx,DEX,False,0.0
BTC-USD,0.000017375,95545.19065,63532332,2025-11-16T00:00:00.060Z,2025-11-16 00:00:00.060000+00:00,1.7375e-05,95545.19065,BTC-USD,dydx,DEX,False,0.0
BTC-USD,0.0000235,95331.63145,63538073,2025-11-16T01:00:00.429Z,2025-11-16 01:00:00.429000+00:00,2.35e-05,95331.63145,BTC-USD,dydx,DEX,False,0.0
BTC-USD,0.0000205,95228.9955,63543766,2025-11-16T02:00:00.193Z,2025-11-16 02:00:00.193000+00:00,2.05e-05,95228.9955,BTC-USD,dydx,DEX,False,0.0
BTC-USD,0.000022625,95868.37897,63549490,2025-11-16T03:00:00.229Z,2025-11-16 03:00:00.229000+00:00,2.2625e-05,95868.37897,BTC-USD,dydx,DEX,False,0.0
BTC-USD,0.000021,95766.80667,63555191,2025-11-16T04:00:00.327Z,2025-11-16 04:00:00.327000+00:00,2.1e-05,95766.80667,BTC-USD,dydx,DEX,False,0.0
BTC-USD,0.000020125,95785.20692,63560887,2025-11-16T05:00:00.594Z,2025-11-16 05:00:00.594000+00:00,2.0125e-05,95785.20692,BTC-USD,dydx,DEX,False,0.0
BTC-USD,0.000020125,95816.11033,63566619,2025-11-16T06:00:00.673Z,2025-11-16 06:00:00.673000+00:00,2.0125e-05,95816.11033,BTC-USD,dydx,DEX,False,0.0
BTC-USD,0.000019125,95758.34499,63572382,2025-11-16T07:00:00.208Z,2025-11-16 07:00:00.208000+00:00,1.9125e-05,95758.34499,BTC-USD,dydx,DEX,False,0.0
BTC-USD,0.000019,96051.17441,63578110,2025-11-16T08:00:00.608Z,2025-11-16 08:00:00.608000+00:00,1.9e-05,96051.17441,BTC-USD,dydx,DEX,False,0.0
BTC-USD,0.000019375,96062.85121,63583741,2025-11-16T09:00:00.367Z,2025-11-16 09:00:00.367000+00:00,1.9375e-05,96062.85121,BTC-USD,dydx,DEX,False,0.0
BTC-USD,0.00002225,96568.5915,63589446,2025-11-16T10:00:00.151Z,2025-11-16 10:00:00.151000+00:00,2.225e-05,96568.5915,BTC-USD,dydx,DEX,False,0.0
BTC-USD,0.000026625,96372.48327,63595119,2025-11-16T11:00:00.412Z,2025-11-16 11:00:00.412000+00:00,2.6625e-05,96372.48327,BTC-USD,dydx,DEX,False,0.0
BTC-USD,0.00001825,95561.06946,63600858,2025-11-16T12:00:00.070Z,2025-11-16 12:00:00.070000+00:00,1.825e-05,95561.06946,BTC-USD,dydx,DEX,False,0.0
BTC-USD,0.0000225,95702.13926,63606676,2025-11-16T13:00:00.140Z,2025-11-16 13:00:00.140000+00:00,2.25e-05,95702.13926,BTC-USD,dydx,DEX,False,0.0
BTC-USD,0.0000215,95368.13073,63612388,2025-11-16T14:00:00.535Z,2025-11-16 14:00:00.535000+00:00,2.15e-05,95368.13073,BTC-USD,dydx,DEX,False,0.0
BTC-USD,0.0000205,95509.98072,63618093,2025-11-16T15:00:00.714Z,2025-11-16 15:00:00.714000+00:00,2.05e-05,95509.98072,BTC-USD,dydx,DEX,False,0.0
BTC-USD,0.000021,94521.51139,63623760,2025-11-16T16:00:00.414Z,2025-11-16 16:00:00.414000+00:00,2.1e-05,94521.51139,BTC-USD,dydx,DEX,False,0.0
BTC-USD,0.000008875,94156.61536,63629434,2025-11-16T17:00:00.637Z,2025-11-16 17:00:00.637000+00:00,8.875e-06,94156.61536,BTC-USD,dydx,DEX,False,0.0
BTC-USD,0.000010125,94308.01,63635009,2025-11-16T18:00:00.239Z,2025-11-16 18:00:00.239000+00:00,1.0125e-05,94308.01,BTC-USD,dydx,DEX,False,0.0
BTC-USD,0.00000375,93973.57102,63640691,2025-11-16T19:00:00.378Z,2025-11-16 19:00:00.378000+00:00,3.75e-06,93973.57102,BTC-USD,dydx,DEX,False,0.0
BTC-USD,0.000003375,93937.3913,63646289,2025-11-16T20:00:00.103Z,2025-11-16 20:00:00.103000+00:00,3.375e-06,93937.3913,BTC-USD,dydx,DEX,False,0.0
BTC-USD,0.000006375,94071.51336,63651894,2025-11-16T21:00:00.429Z,2025-11-16 21:00:00.429000+00:00,6.375e-06,94071.51336,BTC-USD,dydx,DEX,False,0.0
BTC-USD,0.00000725,93422.53067,63657525,2025-11-16T22:00:00.512Z,2025-11-16 22:00:00.512000+00:00,7.25e-06,93422.53067,BTC-USD,dydx,DEX,False,0.0
BTC-USD,0.000008,94111.53308,63663220,2025-11-16T23:00:00.106Z,2025-11-16 23:00:00.106000+00:00,8e-06,94111.53308,BTC-USD,dydx,DEX,False,0.0
BTC-USD,0.000014625,94200.47971,63668836,2025-11-17T00:00:00.125Z,2025-11-17 00:00:00.125000+00:00,1.4625e-05,94200.47971,BTC-USD,dydx,DEX,False,0.0
BTC-USD,0.000017,95241.20351,63674485,2025-11-17T01:00:00.289Z,2025-11-17 01:00:00.289000+00:00,1.7e-05,95241.20351,BTC-USD,dydx,DEX,False,0.0
BTC-USD,0.000012875,94757.82108,63680076,2025-11-17T02:00:00.342Z,2025-11-17 02:00:00.342000+00:00,1.2875e-05,94757.82108,BTC-USD,dydx,DEX,False,0.0
BTC-USD,0.000017,94875.13048,63685759,2025-11-17T03:00:00.252Z,2025-11-17 03:00:00.252000+00:00,1.7e-05,94875.13048,BTC-USD,dydx,DEX,False,0.0
BTC-USD,0.00002425,95426.76394,63691418,2025-11-17T04:00:00.347Z,2025-11-17 04:00:00.347000+00:00,2.425e-05,95426.76394,BTC-USD,dydx,DEX,False,0.0
BTC-USD,0.000021375,95078.59627,63697126,2025-11-17T05:00:00.330Z,2025-11-17 05:00:00.330000+00:00,2.1375e-05,95078.59627,BTC-USD,dydx,DEX,False,0.0
BTC-USD,0.000016875,95045.80299,63702856,2025-11-17T06:00:00.384Z,2025-11-17 06:00:00.384000+00:00,1.6875e-05,95045.80299,BTC-USD,dydx,DEX,False,0.0
BTC-USD,0.000009875,95221.09302,63708588,2025-11-17T07:00:00.128Z,2025-11-17 07:00:00.128000+00:00,9.875e-06,95221.09302,BTC-USD,dydx,DEX,False,0.0
BTC-USD,0.000009875,95221.09302,63708588,2025-11-17T07:00:00.128Z,2025-11-17 07:00:00.128000+00:00,9.875e-06,95221.09302,BTC-USD,dydx,DEX,False,0.0
BTC-USD,0.00001625,95634.19997,63714314,2025-11-17T08:00:00.015Z,2025-11-17 08:00:00.015000+00:00,1.625e-05,95634.19997,BTC-USD,dydx,DEX,False,0.0
BTC-USD,0.0000135,95549.42538,63719907,2025-11-17T09:00:00.117Z,2025-11-17 09:00:00.117000+00:00,1.35e-05,95549.42538,BTC-USD,dydx,DEX,False,0.0
BTC-USD,0.000012375,95611.43314,63725477,2025-11-17T10:00:00.567Z,2025-11-17 10:00:00.567000+00:00,1.2375e-05,95611.43314,BTC-USD,dydx,DEX,False,0.0
BTC-USD,0.000010875,95586.94783,63731227,2025-11-17T11:00:00.137Z,2025-11-17 11:00:00.137000+00:00,1.0875e-05,95586.94783,BTC-USD,dydx,DEX,False,0.0
BTC-USD,0.000017125,95517.94372,63736939,2025-11-17T12:00:00.116Z,2025-11-17 12:00:00.116000+00:00,1.7125e-05,95517.94372,BTC-USD,dydx,DEX,False,0.0
BTC-USD,0.00001725,95262.84229,63742626,2025-11-17T13:00:00.345Z,2025-11-17 13:00:00.345000+00:00,1.725e-05,95262.84229,BTC-USD,dydx,DEX,False,0.0
BTC-USD,0.000008,93869.92501,63748388,2025-11-17T14:00:00.363Z,2025-11-17 14:00:00.363000+00:00,8e-06,93869.92501,BTC-USD,dydx,DEX,False,0.0
BTC-USD,0.00000675,94667.53272,63754253,2025-11-17T15:00:00.604Z,2025-11-17 15:00:00.604000+00:00,6.75e-06,94667.53272,BTC-USD,dydx,DEX,False,0.0
BTC-USD,0.00000025,93894.06415,63760099,2025-11-17T16:00:00.031Z,2025-11-17 16:00:00.031000+00:00,2.5e-07,93894.06415,BTC-USD,dydx,DEX,False,0.0
BTC-USD,0.0000415,94192.07611,63766011,2025-11-17T17:00:00.326Z,2025-11-17 17:00:00.326000+00:00,4.15e-05,94192.07611,BTC-USD,dydx,DEX,False,0.0
BTC-USD,0.00003725,92715.71528,63771768,2025-11-17T18:00:00.083Z,2025-11-17 18:00:00.083000+00:00,3.725e-05,92715.71528,BTC-USD,dydx,DEX,False,0.0
BTC-USD,-0.000000375,92452.7699,63777570,2025-11-17T19:00:00.307Z,2025-11-17 19:00:00.307000+00:00,-3.75e-07,92452.7699,BTC-USD,dydx,DEX,False,0.0
BTC-USD,0.00001825,91598.76111,63783319,2025-11-17T20:00:00.530Z,2025-11-17 20:00:00.530000+00:00,1.825e-05,91598.76111,BTC-USD,dydx,DEX,False,0.0
BTC-USD,0.000037,91882.26704,63789216,2025-11-17T21:00:00.263Z,2025-11-17 21:00:00.263000+00:00,3.7e-05,91882.26704,BTC-USD,dydx,DEX,False,0.0
BTC-USD,0.00002325,91868.73126,63794970,2025-11-17T22:00:00.350Z,2025-11-17 22:00:00.350000+00:00,2.325e-05,91868.73126,BTC-USD,dydx,DEX,False,0.0
BTC-USD,0.000017625,92162.24438,63800719,2025-11-17T23:00:00.213Z,2025-11-17 23:00:00.213000+00:00,1.7625e-05,92162.24438,BTC-USD,dydx,DEX,False,0.0
BTC-USD,0.000005,92127.78499,63806481,2025-11-18T00:00:00.380Z,2025-11-18 00:00:00.380000+00:00,5e-06,92127.78499,BTC-USD,dydx,DEX,False,0.0
BTC-USD,0.000001375,92076.51113,63812269,2025-11-18T01:00:00.623Z,2025-11-18 01:00:00.623000+00:00,1.375e-06,92076.51113,BTC-USD,dydx,DEX,False,0.0
BTC-USD,0,91660.42414,63817992,2025-11-18T02:00:00.133Z,2025-11-18 02:00:00.133000+00:00,0.0,91660.42414,BTC-USD,dydx,DEX,False,0.0
BTC-USD,0.0000015,90807.0929,63823735,2025-11-18T03:00:00.374Z,2025-11-18 03:00:00.374000+00:00,1.5e-06,90807.0929,BTC-USD,dydx,DEX,False,0.0
BTC-USD,0.000027625,90731.99718,63829529,2025-11-18T04:00:00.462Z,2025-11-18 04:00:00.462000+00:00,2.7625e-05,90731.99718,BTC-USD,dydx,DEX,False,0.0
BTC-USD,0.000030375,89995.00449,63835332,2025-11-18T05:00:00.661Z,2025-11-18 05:00:00.661000+00:00,3.0375e-05,89995.00449,BTC-USD,dydx,DEX,False,0.0
BTC-USD,0.000019375,90153.77697,63841038,2025-11-18T06:00:00.807Z,2025-11-18 06:00:00.807000+00:00,1.9375e-05,90153.77697,BTC-USD,dydx,DEX,False,0.0
BTC-USD,0.000018375,89538.8958,63846773,2025-11-18T07:00:00.389Z,2025-11-18 07:00:00.389000+00:00,1.8375e-05,89538.8958,BTC-USD,dydx,DEX,False,0.0
BTC-USD,0.000023625,90403.996,63852553,2025-11-18T08:00:00.485Z,2025-11-18 08:00:00.485000+00:00,2.3625e-05,90403.996,BTC-USD,dydx,DEX,False,0.0
BTC-USD,0.00002675,91145.58353,63858310,2025-11-18T09:00:00.524Z,2025-11-18 09:00:00.524000+00:00,2.675e-05,91145.58353,BTC-USD,dydx,DEX,False,0.0
BTC-USD,0.00002225,91321.91028,63864034,2025-11-18T10:00:00.184Z,2025-11-18 10:00:00.184000+00:00,2.225e-05,91321.91028,BTC-USD,dydx,DEX,False,0.0
BTC-USD,0.000024125,91517.18625,63869812,2025-11-18T11:00:00.515Z,2025-11-18 11:00:00.515000+00:00,2.4125e-05,91517.18625,BTC-USD,dydx,DEX,False,0.0
BTC-USD,0.00002475,91429.4435,63875544,2025-11-18T12:00:00.627Z,2025-11-18 12:00:00.627000+00:00,2.475e-05,91429.4435,BTC-USD,dydx,DEX,False,0.0
BTC-USD,0.000027375,91415.52602,63881350,2025-11-18T13:00:00.423Z,2025-11-18 13:00:00.423000+00:00,2.7375e-05,91415.52602,BTC-USD,dydx,DEX,False,0.0
BTC-USD,0.000033625,91392.5467,63887156,2025-11-18T14:00:00.544Z,2025-11-18 14:00:00.544000+00:00,3.3625e-05,91392.5467,BTC-USD,dydx,DEX,False,0.0
BTC-USD,0.000026,91317.82395,63893055,2025-11-18T15:00:00.437Z,2025-11-18 15:00:00.437000+00:00,2.6e-05,91317.82395,BTC-USD,dydx,DEX,False,0.0
BTC-USD,0.00005475,92874.80216,63898901,2025-11-18T16:00:00.076Z,2025-11-18 16:00:00.076000+00:00,5.475e-05,92874.80216,BTC-USD,dydx,DEX,False,0.0
BTC-USD,0.0000465,93456.60735,63904657,2025-11-18T17:00:00.470Z,2025-11-18 17:00:00.470000+00:00,4.65e-05,93456.60735,BTC-USD,dydx,DEX,False,0.0
BTC-USD,0.000038875,93217.11315,63910395,2025-11-18T18:00:00.211Z,2025-11-18 18:00:00.211000+00:00,3.8875e-05,93217.11315,BTC-USD,dydx,DEX,False,0.0
BTC-USD,0.000006875,93283.20638,63916161,2025-11-18T19:00:00.087Z,2025-11-18 19:00:00.087000+00:00,6.875e-06,93283.20638,BTC-USD,dydx,DEX,False,0.0
BTC-USD,-0.00001525,93115.46536,63921857,2025-11-18T20:00:00.136Z,2025-11-18 20:00:00.136000+00:00,-1.525e-05,93115.46536,BTC-USD,dydx,DEX,False,0.0
BTC-USD,-0.0000175,92792.53406,63927599,2025-11-18T21:00:00.525Z,2025-11-18 21:00:00.525000+00:00,-1.75e-05,92792.53406,BTC-USD,dydx,DEX,False,0.0
BTC-USD,0.000031,92447.67,63933311,2025-11-18T22:00:00.284Z,2025-11-18 22:00:00.284000+00:00,3.1e-05,92447.67,BTC-USD,dydx,DEX,False,0.0
BTC-USD,0.0000535,93166.29674,63939021,2025-11-18T23:00:00.506Z,2025-11-18 23:00:00.506000+00:00,5.35e-05,93166.29674,BTC-USD,dydx,DEX,False,0.0
BTC-USD,0.000037125,92962.12136,63944670,2025-11-19T00:00:00.121Z,2025-11-19 00:00:00.121000+00:00,3.7125e-05,92962.12136,BTC-USD,dydx,DEX,False,0.0
BTC-USD,0.00003125,92396.42368,63950347,2025-11-19T01:00:00.369Z,2025-11-19 01:00:00.369000+00:00,3.125e-05,92396.42368,BTC-USD,dydx,DEX,False,0.0
BTC-USD,0.000036625,92405.7872,63956062,2025-11-19T02:00:00.538Z,2025-11-19 02:00:00.538000+00:00,3.6625e-05,92405.7872,BTC-USD,dydx,DEX,False,0.0
BTC-USD,0.000037875,92507.43314,63961801,2025-11-19T03:00:00.519Z,2025-11-19 03:00:00.519000+00:00,3.7875e-05,92507.43314,BTC-USD,dydx,DEX,False,0.0
BTC-USD,0.000035125,91824.08795,63967541,2025-11-19T04:00:00.475Z,2025-11-19 04:00:00.475000+00:00,3.5125e-05,91824.08795,BTC-USD,dydx,DEX,False,0.0
BTC-USD,0.000035125,91161.52923,63973330,2025-11-19T05:00:00.180Z,2025-11-19 05:00:00.180000+00:00,3.5125e-05,91161.52923,BTC-USD,dydx,DEX,False,0.0
BTC-USD,0.0000375,90362.41879,63979093,2025-11-19T06:00:00.272Z,2025-11-19 06:00:00.272000+00:00,3.75e-05,90362.41879,BTC-USD,dydx,DEX,False,0.0
BTC-USD,0.000021375,90913.81171,63984843,2025-11-19T07:00:00.779Z,2025-11-19 07:00:00.779000+00:00,2.1375e-05,90913.81171,BTC-USD,dydx,DEX,False,0.0
BTC-USD,0.000036375,91801.96,63990528,2025-11-19T08:00:00.069Z,2025-11-19 08:00:00.069000+00:00,3.6375e-05,91801.96,BTC-USD,dydx,DEX,False,0.0
BTC-USD,0.0000355,91436.03274,63996196,2025-11-19T09:00:00.505Z,2025-11-19 09:00:00.505000+00:00,3.55e-05,91436.03274,BTC-USD,dydx,DEX,False,0.0
BTC-USD,0.00004025,91435.12594,64001868,2025-11-19T10:00:00.303Z,2025-11-19 10:00:00.303000+00:00,4.025e-05,91435.12594,BTC-USD,dydx,DEX,False,0.0
BTC-USD,0.000042375,91278.26857,64007568,2025-11-19T11:00:00.164Z,2025-11-19 11:00:00.164000+00:00,4.2375e-05,91278.26857,BTC-USD,dydx,DEX,False,0.0
BTC-USD,0.000040125,91350.79968,64013318,2025-11-19T12:00:00.530Z,2025-11-19 12:00:00.530000+00:00,4.0125e-05,91350.79968,BTC-USD,dydx,DEX,False,0.0
BTC-USD,0.0000425,91744.32324,64019102,2025-11-19T13:00:00.564Z,2025-11-19 13:00:00.564000+00:00,4.25e-05,91744.32324,BTC-USD,dydx,DEX,False,0.0
BTC-USD,0.00004075,91316.82273,64024853,2025-11-19T14:00:00.631Z,2025-11-19 14:00:00.631000+00:00,4.075e-05,91316.82273,BTC-USD,dydx,DEX,False,0.0
BTC-USD,0.00003525,91693.98356,64030674,2025-11-19T15:00:00.176Z,2025-11-19 15:00:00.176000+00:00,3.525e-05,91693.98356,BTC-USD,dydx,DEX,False,0.0
BTC-USD,0.000014125,89864.48783,64036324,2025-11-19T16:00:00.349Z,2025-11-19 16:00:00.349000+00:00,1.4125e-05,89864.48783,BTC-USD,dydx,DEX,False,0.0
BTC-USD,0,89872.84392,64041967,2025-11-19T17:00:00.634Z,2025-11-19 17:00:00.634000+00:00,0.0,89872.84392,BTC-USD,dydx,DEX,False,0.0
BTC-USD,0.000009,89432.1313,64047545,2025-11-19T18:00:00.777Z,2025-11-19 18:00:00.777000+00:00,9e-06,89432.1313,BTC-USD,dydx,DEX,False,0.0
BTC-USD,-0.000000125,89132.6806,64053153,2025-11-19T19:00:00.774Z,2025-11-19 19:00:00.774000+00:00,-1.25e-07,89132.6806,BTC-USD,dydx,DEX,False,0.0
BTC-USD,0.000000625,88770.17684,64058841,2025-11-19T20:00:00.269Z,2025-11-19 20:00:00.269000+00:00,6.25e-07,88770.17684,BTC-USD,dydx,DEX,False,0.0
BTC-USD,0.00000125,89432.91038,64064564,2025-11-19T21:00:00.378Z,2025-11-19 21:00:00.378000+00:00,1.25e-06,89432.91038,BTC-USD,dydx,DEX,False,0.0
BTC-USD,-0.00001275,90500.67602,64070270,2025-11-19T22:00:00.324Z,2025-11-19 22:00:00.324000+00:00,-1.275e-05,90500.67602,BTC-USD,dydx,DEX,False,0.0
BTC-USD,-0.000009125,90411.00557,64076066,2025-11-19T23:00:00.563Z,2025-11-19 23:00:00.563000+00:00,-9.125e-06,90411.00557,BTC-USD,dydx,DEX,False,0.0
BTC-USD,-0.000002125,91476.81854,64081797,2025-11-20T00:00:00.187Z,2025-11-20 00:00:00.187000+00:00,-2.125e-06,91476.81854,BTC-USD,dydx,DEX,False,0.0
BTC-USD,-0.00000775,91817.96715,64087516,2025-11-20T01:00:00.539Z,2025-11-20 01:00:00.539000+00:00,-7.75e-06,91817.96715,BTC-USD,dydx,DEX,False,0.0
BTC-USD,-0.000010625,92517.24551,64093213,2025-11-20T02:00:00.582Z,2025-11-20 02:00:00.582000+00:00,-1.0625e-05,92517.24551,BTC-USD,dydx,DEX,False,0.0
BTC-USD,-0.000010125,92525.4222,64098903,2025-11-20T03:00:00.356Z,2025-11-20 03:00:00.356000+00:00,-1.0125e-05,92525.4222,BTC-USD,dydx,DEX,False,0.0
BTC-USD,-0.000009125,92375.66703,64104526,2025-11-20T04:00:00.410Z,2025-11-20 04:00:00.410000+00:00,-9.125e-06,92375.66703,BTC-USD,dydx,DEX,False,0.0
BTC-USD,-0.0000075,92898.27121,64110159,2025-11-20T05:00:00.100Z,2025-11-20 05:00:00.100000+00:00,-7.5e-06,92898.27121,BTC-USD,dydx,DEX,False,0.0
BTC-USD,-0.0000105,92539.40241,64115776,2025-11-20T06:00:00.137Z,2025-11-20 06:00:00.137000+00:00,-1.05e-05,92539.40241,BTC-USD,dydx,DEX,False,0.0
BTC-USD,-0.000010125,91894.6632,64121404,2025-11-20T07:00:00.316Z,2025-11-20 07:00:00.316000+00:00,-1.0125e-05,91894.6632,BTC-USD,dydx,DEX,False,0.0
BTC-USD,-0.000008375,92227.27817,64127031,2025-11-20T08:00:00.502Z,2025-11-20 08:00:00.502000+00:00,-8.375e-06,92227.27817,BTC-USD,dydx,DEX,False,0.0
BTC-USD,-0.00000875,92045.03847,64132593,2025-11-20T09:00:00.695Z,2025-11-20 09:00:00.695000+00:00,-8.75e-06,92045.03847,BTC-USD,dydx,DEX,False,0.0
BTC-USD,-0.00000825,91826.90393,64138218,2025-11-20T10:00:00.692Z,2025-11-20 10:00:00.692000+00:00,-8.25e-06,91826.90393,BTC-USD,dydx,DEX,False,0.0
BTC-USD,-0.00000125,91714.64828,64143852,2025-11-20T11:00:00.073Z,2025-11-20 11:00:00.073000+00:00,-1.25e-06,91714.64828,BTC-USD,dydx,DEX,False,0.0
BTC-USD,0,91874.14068,64149402,2025-11-20T12:00:00.115Z,2025-11-20 12:00:00.115000+00:00,0.0,91874.14068,BTC-USD,dydx,DEX,False,0.0
BTC-USD,-0.00000025,91745.90327,64154898,2025-11-20T13:00:00.640Z,2025-11-20 13:00:00.640000+00:00,-2.5e-07,91745.90327,BTC-USD,dydx,DEX,False,0.0
BTC-USD,-0.000000125,91484.61231,64160436,2025-11-20T14:00:00.520Z,2025-11-20 14:00:00.520000+00:00,-1.25e-07,91484.61231,BTC-USD,dydx,DEX,False,0.0
BTC-USD,0.00002275,91028.4201,64166006,2025-11-20T15:00:00.505Z,2025-11-20 15:00:00.505000+00:00,2.275e-05,91028.4201,BTC-USD,dydx,DEX,False,0.0
BTC-USD,0.00002375,89808.3633,64171585,2025-11-20T16:00:00.059Z,2025-11-20 16:00:00.059000+00:00,2.375e-05,89808.3633,BTC-USD,dydx,DEX,False,0.0
BTC-USD,0.00005525,87799.68028,64177279,2025-11-20T17:00:00.459Z,2025-11-20 17:00:00.459000+00:00,5.525e-05,87799.68028,BTC-USD,dydx,DEX,False,0.0
BTC-USD,0.00005525,87164.91459,64182803,2025-11-20T18:00:00.159Z,2025-11-20 18:00:00.159000+00:00,5.525e-05,87164.91459,BTC-USD,dydx,DEX,False,0.0
BTC-USD,0.000045375,86443.03883,64188448,2025-11-20T19:00:00.473Z,2025-11-20 19:00:00.473000+00:00,4.5375e-05,86443.03883,BTC-USD,dydx,DEX,False,0.0
BTC-USD,-0.000012625,86842.51841,64194030,2025-11-20T20:00:00.113Z,2025-11-20 20:00:00.113000+00:00,-1.2625e-05,86842.51841,BTC-USD,dydx,DEX,False,0.0
BTC-USD,-0.000003625,86342.32344,64199695,2025-11-20T21:00:00.334Z,2025-11-20 21:00:00.334000+00:00,-3.625e-06,86342.32344,BTC-USD,dydx,DEX,False,0.0
BTC-USD,0.000036125,87191.30036,64205296,2025-11-20T22:00:00.334Z,2025-11-20 22:00:00.334000+00:00,3.6125e-05,87191.30036,BTC-USD,dydx,DEX,False,0.0
BTC-USD,0.000010375,87961.5984,64210927,2025-11-20T23:00:00.597Z,2025-11-20 23:00:00.597000+00:00,1.0375e-05,87961.5984,BTC-USD,dydx,DEX,False,0.0
BTC-USD,0.000010875,86564.14656,64216549,2025-11-21T00:00:00.429Z,2025-11-21 00:00:00.429000+00:00,1.0875e-05,86564.14656,BTC-USD,dydx,DEX,False,0.0
BTC-USD,0.000003875,87201.41872,64222137,2025-11-21T01:00:00.214Z,2025-11-21 01:00:00.214000+00:00,3.875e-06,87201.41872,BTC-USD,dydx,DEX,False,0.0
BTC-USD,0.00000525,86976.54991,64227686,2025-11-21T02:00:00.481Z,2025-11-21 02:00:00.481000+00:00,5.25e-06,86976.54991,BTC-USD,dydx,DEX,False,0.0
BTC-USD,0.000007,85427.74236,64233252,2025-11-21T03:00:00.331Z,2025-11-21 03:00:00.331000+00:00,7e-06,85427.74236,BTC-USD,dydx,DEX,False,0.0
BTC-USD,0.00002275,85751.14915,64238814,2025-11-21T04:00:00.854Z,2025-11-21 04:00:00.854000+00:00,2.275e-05,85751.14915,BTC-USD,dydx,DEX,False,0.0
BTC-USD,0.00002025,85964.02597,64244398,2025-11-21T05:00:00.372Z,2025-11-21 05:00:00.372000+00:00,2.025e-05,85964.02597,BTC-USD,dydx,DEX,False,0.0
BTC-USD,0.000018625,86121.67832,64250039,2025-11-21T06:00:00.328Z,2025-11-21 06:00:00.328000+00:00,1.8625e-05,86121.67832,BTC-USD,dydx,DEX,False,0.0
BTC-USD,0.0000125,85506.68601,64255719,2025-11-21T07:00:00.074Z,2025-11-21 07:00:00.074000+00:00,1.25e-05,85506.68601,BTC-USD,dydx,DEX,False,0.0
BTC-USD,0.00000775,83986.31747,64261594,2025-11-21T08:00:00.436Z,2025-11-21 08:00:00.436000+00:00,7.75e-06,83986.31747,BTC-USD,dydx,DEX,False,0.0
BTC-USD,0.000012375,83587.39488,64267427,2025-11-21T09:00:00.500Z,2025-11-21 09:00:00.500000+00:00,1.2375e-05,83587.39488,BTC-USD,dydx,DEX,False,0.0
BTC-USD,0.000014625,82146.54676,64273223,2025-11-21T10:00:00.342Z,2025-11-21 10:00:00.342000+00:00,1.4625e-05,82146.54676,BTC-USD,dydx,DEX,False,0.0
BTC-USD,0.000014625,82146.54676,64273223,2025-11-21T10:00:00.342Z,2025-11-21 10:00:00.342000+00:00,1.4625e-05,82146.54676,BTC-USD,dydx,DEX,False,0.0
BTC-USD,0.00001675,82643.00924,64279065,2025-11-21T11:00:00.038Z,2025-11-21 11:00:00.038000+00:00,1.675e-05,82643.00924,BTC-USD,dydx,DEX,False,0.0
BTC-USD,0.00001175,82237.46253,64284818,2025-11-21T12:00:00.071Z,2025-11-21 12:00:00.071000+00:00,1.175e-05,82237.46253,BTC-USD,dydx,DEX,False,0.0
BTC-USD,0.00000825,83181.61838,64290346,2025-11-21T13:00:00.139Z,2025-11-21 13:00:00.139000+00:00,8.25e-06,83181.61838,BTC-USD,dydx,DEX,False,0.0
BTC-USD,0.00001375,84034.27729,64295942,2025-11-21T14:00:00.335Z,2025-11-21 14:00:00.335000+00:00,1.375e-05,84034.27729,BTC-USD,dydx,DEX,False,0.0
BTC-USD,0.0000155,84807.1036,64301473,2025-11-21T15:00:00.362Z,2025-11-21 15:00:00.362000+00:00,1.55e-05,84807.1036,BTC-USD,dydx,DEX,False,0.0
BTC-USD,0.000019625,82840.60804,64307065,2025-11-21T16:00:00.208Z,2025-11-21 16:00:00.208000+00:00,1.9625e-05,82840.60804,BTC-USD,dydx,DEX,False,0.0
BTC-USD,0.000033375,84814.4984,64312581,2025-11-21T17:00:00.451Z,2025-11-21 17:00:00.451000+00:00,3.3375e-05,84814.4984,BTC-USD,dydx,DEX,False,0.0
BTC-USD,0.000012375,84820.10793,64318204,2025-11-21T18:00:00.592Z,2025-11-21 18:00:00.592000+00:00,1.2375e-05,84820.10793,BTC-USD,dydx,DEX,False,0.0
BTC-USD,0.000016125,84522.88626,64323853,2025-11-21T19:00:00.424Z,2025-11-21 19:00:00.424000+00:00,1.6125e-05,84522.88626,BTC-USD,dydx,DEX,False,0.0
BTC-USD,-0.000001,84173.4959,64329480,2025-11-21T20:00:00.378Z,2025-11-21 20:00:00.378000+00:00,-1e-06,84173.4959,BTC-USD,dydx,DEX,False,0.0
BTC-USD,0.000011625,84510.94452,64335175,2025-11-21T21:00:00.567Z,2025-11-21 21:00:00.567000+00:00,1.1625e-05,84510.94452,BTC-USD,dydx,DEX,False,0.0
BTC-USD,0.000018125,85104.48956,64340807,2025-11-21T22:00:00.452Z,2025-11-21 22:00:00.452000+00:00,1.8125e-05,85104.48956,BTC-USD,dydx,DEX,False,0.0
BTC-USD,0.00001325,84282.18712,64346456,2025-11-21T23:00:00.301Z,2025-11-21 23:00:00.301000+00:00,1.325e-05,84282.18712,BTC-USD,dydx,DEX,False,0.0
BTC-USD,0.000016875,85086.65667,64352038,2025-11-22T00:00:00.398Z,2025-11-22 00:00:00.398000+00:00,1.6875e-05,85086.65667,BTC-USD,dydx,DEX,False,0.0
BTC-USD,0.000013625,84724.31032,64357667,2025-11-22T01:00:00.151Z,2025-11-22 01:00:00.151000+00:00,1.3625e-05,84724.31032,BTC-USD,dydx,DEX,False,0.0
BTC-USD,0.0000135,85127.2291,64363243,2025-11-22T02:00:00.293Z,2025-11-22 02:00:00.293000+00:00,1.35e-05,85127.2291,BTC-USD,dydx,DEX,False,0.0
BTC-USD,0.000009875,84490.45477,64368866,2025-11-22T03:00:00.279Z,2025-11-22 03:00:00.279000+00:00,9.875e-06,84490.45477,BTC-USD,dydx,DEX,False,0.0
BTC-USD,0.0000105,84405.63762,64374487,2025-11-22T04:00:00.545Z,2025-11-22 04:00:00.545000+00:00,1.05e-05,84405.63762,BTC-USD,dydx,DEX,False,0.0
BTC-USD,-0.000006,84173.44196,64380159,2025-11-22T05:00:00.342Z,2025-11-22 05:00:00.342000+00:00,-6e-06,84173.44196,BTC-USD,dydx,DEX,False,0.0
BTC-USD,0.00000275,84202.2053,64385815,2025-11-22T06:00:00.161Z,2025-11-22 06:00:00.161000+00:00,2.75e-06,84202.2053,BTC-USD,dydx,DEX,False,0.0
BTC-USD,0.000001,84576.00714,64391421,2025-11-22T07:00:00.038Z,2025-11-22 07:00:00.038000+00:00,1e-06,84576.00714,BTC-USD,dydx,DEX,False,0.0
BTC-USD,0.000001,84536.10555,64397038,2025-11-22T08:00:00.026Z,2025-11-22 08:00:00.026000+00:00,1e-06,84536.10555,BTC-USD,dydx,DEX,False,0.0
BTC-USD,0.000001375,83981.14023,64402791,2025-11-22T09:00:00.086Z,2025-11-22 09:00:00.086000+00:00,1.375e-06,83981.14023,BTC-USD,dydx,DEX,False,0.0
BTC-USD,0.00000325,83853.31583,64408494,2025-11-22T10:00:00.420Z,2025-11-22 10:00:00.420000+00:00,3.25e-06,83853.31583,BTC-USD,dydx,DEX,False,0.0
BTC-USD,0.000001125,83667.67616,64414155,2025-11-22T11:00:00.240Z,2025-11-22 11:00:00.240000+00:00,1.125e-06,83667.67616,BTC-USD,dydx,DEX,False,0.0
BTC-USD,0.000024125,84069.36531,64419877,2025-11-22T12:00:00.409Z,2025-11-22 12:00:00.409000+00:00,2.4125e-05,84069.36531,BTC-USD,dydx,DEX,False,0.0
BTC-USD,0.000007375,83869.81817,64425649,2025-11-22T13:00:00.722Z,2025-11-22 13:00:00.722000+00:00,7.375e-06,83869.81817,BTC-USD,dydx,DEX,False,0.0
BTC-USD,0.000009375,83885.54578,64431252,2025-11-22T14:00:00.562Z,2025-11-22 14:00:00.562000+00:00,9.375e-06,83885.54578,BTC-USD,dydx,DEX,False,0.0
BTC-USD,0.000011375,84471.85844,64436934,2025-11-22T15:00:00.262Z,2025-11-22 15:00:00.262000+00:00,1.1375e-05,84471.85844,BTC-USD,dydx,DEX,False,0.0
BTC-USD,0.000010625,84247.20111,64442555,2025-11-22T16:00:00.403Z,2025-11-22 16:00:00.403000+00:00,1.0625e-05,84247.20111,BTC-USD,dydx,DEX,False,0.0
BTC-USD,0.000011875,84681.30274,64448308,2025-11-22T17:00:00.144Z,2025-11-22 17:00:00.144000+00:00,1.1875e-05,84681.30274,BTC-USD,dydx,DEX,False,0.0
BTC-USD,0.00001125,84549.68012,64454028,2025-11-22T18:00:00.301Z,2025-11-22 18:00:00.301000+00:00,1.125e-05,84549.68012,BTC-USD,dydx,DEX,False,0.0
BTC-USD,0.000014625,84609.58712,64459783,2025-11-22T19:00:00.697Z,2025-11-22 19:00:00.697000+00:00,1.4625e-05,84609.58712,BTC-USD,dydx,DEX,False,0.0
BTC-USD,0.00001325,84584.57616,64465486,2025-11-22T20:00:00.586Z,2025-11-22 20:00:00.586000+00:00,1.325e-05,84584.57616,BTC-USD,dydx,DEX,False,0.0
BTC-USD,0.000010125,84445.89835,64471240,2025-11-22T21:00:00.171Z,2025-11-22 21:00:00.171000+00:00,1.0125e-05,84445.89835,BTC-USD,dydx,DEX,False,0.0
BTC-USD,0.000010625,84379.48615,64476999,2025-11-22T22:00:00.249Z,2025-11-22 22:00:00.249000+00:00,1.0625e-05,84379.48615,BTC-USD,dydx,DEX,False,0.0
BTC-USD,0.000011625,85046.78596,64482759,2025-11-22T23:00:00.329Z,2025-11-22 23:00:00.329000+00:00,1.1625e-05,85046.78596,BTC-USD,dydx,DEX,False,0.0
BTC-USD,0.000011375,84675.1064,64488356,2025-11-23T00:00:00.284Z,2025-11-23 00:00:00.284000+00:00,1.1375e-05,84675.1064,BTC-USD,dydx,DEX,False,0.0
BTC-USD,0.00001075,84905.93762,64494053,2025-11-23T01:00:00.830Z,2025-11-23 01:00:00.830000+00:00,1.075e-05,84905.93762,BTC-USD,dydx,DEX,False,0.0
BTC-USD,0.00001525,85839.86405,64499685,2025-11-23T02:00:00.557Z,2025-11-23 02:00:00.557000+00:00,1.525e-05,85839.86405,BTC-USD,dydx,DEX,False,0.0
BTC-USD,0.000017875,85966.01359,64505425,2025-11-23T03:00:00.074Z,2025-11-23 03:00:00.074000+00:00,1.7875e-05,85966.01359,BTC-USD,dydx,DEX,False,0.0
BTC-USD,0.000015625,86241.68395,64511088,2025-11-23T04:00:00.516Z,2025-11-23 04:00:00.516000+00:00,1.5625e-05,86241.68395,BTC-USD,dydx,DEX,False,0.0
BTC-USD,0.000013625,86518.07457,64516857,2025-11-23T05:00:00.375Z,2025-11-23 05:00:00.375000+00:00,1.3625e-05,86518.07457,BTC-USD,dydx,DEX,False,0.0
BTC-USD,0.0000135,86293.03209,64522565,2025-11-23T06:00:00.293Z,2025-11-23 06:00:00.293000+00:00,1.35e-05,86293.03209,BTC-USD,dydx,DEX,False,0.0
BTC-USD,0.00001125,85846.36609,64528253,2025-11-23T07:00:00.903Z,2025-11-23 07:00:00.903000+00:00,1.125e-05,85846.36609,BTC-USD,dydx,DEX,False,0.0
BTC-USD,0.000011625,85739.67809,64534003,2025-11-23T08:00:00.328Z,2025-11-23 08:00:00.328000+00:00,1.1625e-05,85739.67809,BTC-USD,dydx,DEX,False,0.0
BTC-USD,0.000013,86091.43437,64539738,2025-11-23T09:00:00.454Z,2025-11-23 09:00:00.454000+00:00,1.3e-05,86091.43437,BTC-USD,dydx,DEX,False,0.0
BTC-USD,0.000013,86354.42398,64545472,2025-11-23T10:00:00.203Z,2025-11-23 10:00:00.203000+00:00,1.3e-05,86354.42398,BTC-USD,dydx,DEX,False,0.0
BTC-USD,0.0000115,86030.69772,64551239,2025-11-23T11:00:00.483Z,2025-11-23 11:00:00.483000+00:00,1.15e-05,86030.69772,BTC-USD,dydx,DEX,False,0.0
BTC-USD,0.000021875,86281.91723,64556948,2025-11-23T12:00:00.582Z,2025-11-23 12:00:00.582000+00:00,2.1875e-05,86281.91723,BTC-USD,dydx,DEX,False,0.0
BTC-USD,0.00000225,86470.90238,64562509,2025-11-23T13:00:00.323Z,2025-11-23 13:00:00.323000+00:00,2.25e-06,86470.90238,BTC-USD,dydx,DEX,False,0.0
BTC-USD,0.00000975,86884.52464,64568034,2025-11-23T14:00:00.116Z,2025-11-23 14:00:00.116000+00:00,9.75e-06,86884.52464,BTC-USD,dydx,DEX,False,0.0
BTC-USD,0.0000125,86543.96305,64573532,2025-11-23T15:00:00.439Z,2025-11-23 15:00:00.439000+00:00,1.25e-05,86543.96305,BTC-USD,dydx,DEX,False,0.0
BTC-USD,0.000013875,87061.97357,64578954,2025-11-23T16:00:00.363Z,2025-11-23 16:00:00.363000+00:00,1.3875e-05,87061.97357,BTC-USD,dydx,DEX,False,0.0
BTC-USD,0.0000105,86682.52209,64584382,2025-11-23T17:00:00.466Z,2025-11-23 17:00:00.466000+00:00,1.05e-05,86682.52209,BTC-USD,dydx,DEX,False,0.0
BTC-USD,0.0000085,86740.75184,64589779,2025-11-23T18:00:00.290Z,2025-11-23 18:00:00.290000+00:00,8.5e-06,86740.75184,BTC-USD,dydx,DEX,False,0.0
BTC-USD,0.00000775,86974.80503,64595215,2025-11-23T19:00:00.011Z,2025-11-23 19:00:00.011000+00:00,7.75e-06,86974.80503,BTC-USD,dydx,DEX,False,0.0
BTC-USD,0.000008125,87348.36516,64600593,2025-11-23T20:00:00.543Z,2025-11-23 20:00:00.543000+00:00,8.125e-06,87348.36516,BTC-USD,dydx,DEX,False,0.0
BTC-USD,0.000006625,87475.54662,64606038,2025-11-23T21:00:00.117Z,2025-11-23 21:00:00.117000+00:00,6.625e-06,87475.54662,BTC-USD,dydx,DEX,False,0.0
BTC-USD,0.00000875,87953.09129,64611479,2025-11-23T22:00:00.003Z,2025-11-23 22:00:00.003000+00:00,8.75e-06,87953.09129,BTC-USD,dydx,DEX,False,0.0
BTC-USD,0.00000675,87994.72004,64616950,2025-11-23T23:00:00.175Z,2025-11-23 23:00:00.175000+00:00,6.75e-06,87994.72004,BTC-USD,dydx,DEX,False,0.0
BTC-USD,0.000005875,86798.32016,64622410,2025-11-24T00:00:00.017Z,2025-11-24 00:00:00.017000+00:00,5.875e-06,86798.32016,BTC-USD,dydx,DEX,False,0.0
BTC-USD,0.000007,86724.26684,64627848,2025-11-24T01:00:00.025Z,2025-11-24 01:00:00.025000+00:00,7e-06,86724.26684,BTC-USD,dydx,DEX,False,0.0
BTC-USD,0.00000575,87030.47169,64633235,2025-11-24T02:00:00.171Z,2025-11-24 02:00:00.171000+00:00,5.75e-06,87030.47169,BTC-USD,dydx,DEX,False,0.0
BTC-USD,0.000006875,87455.81883,64638790,2025-11-24T03:00:00.339Z,2025-11-24 03:00:00.339000+00:00,6.875e-06,87455.81883,BTC-USD,dydx,DEX,False,0.0
BTC-USD,0.000005125,87430.23093,64644265,2025-11-24T04:00:00.677Z,2025-11-24 04:00:00.677000+00:00,5.125e-06,87430.23093,BTC-USD,dydx,DEX,False,0.0
BTC-USD,0.0000025,86712.12878,64649769,2025-11-24T05:00:00.153Z,2025-11-24 05:00:00.153000+00:00,2.5e-06,86712.12878,BTC-USD,dydx,DEX,False,0.0
BTC-USD,0.000001375,87461.65383,64655233,2025-11-24T06:00:00.357Z,2025-11-24 06:00:00.357000+00:00,1.375e-06,87461.65383,BTC-USD,dydx,DEX,False,0.0
BTC-USD,0.000003625,86884.42311,64660764,2025-11-24T07:00:00.025Z,2025-11-24 07:00:00.025000+00:00,3.625e-06,86884.42311,BTC-USD,dydx,DEX,False,0.0
BTC-USD,0.000003875,87022.59548,64666269,2025-11-24T08:00:00.576Z,2025-11-24 08:00:00.576000+00:00,3.875e-06,87022.59548,BTC-USD,dydx,DEX,False,0.0
BTC-USD,0.000003375,86938.19087,64671740,2025-11-24T09:00:00.257Z,2025-11-24 09:00:00.257000+00:00,3.375e-06,86938.19087,BTC-USD,dydx,DEX,False,0.0
BTC-USD,0.000005625,85907.10423,64677184,2025-11-24T10:00:00.626Z,2025-11-24 10:00:00.626000+00:00,5.625e-06,85907.10423,BTC-USD,dydx,DEX,False,0.0
BTC-USD,0.000009125,86049.68509,64682743,2025-11-24T11:00:00.339Z,2025-11-24 11:00:00.339000+00:00,9.125e-06,86049.68509,BTC-USD,dydx,DEX,False,0.0
BTC-USD,0.000012375,86236.95903,64688407,2025-11-24T12:00:00.014Z,2025-11-24 12:00:00.014000+00:00,1.2375e-05,86236.95903,BTC-USD,dydx,DEX,False,0.0
BTC-USD,0.00001025,86000.26991,64694034,2025-11-24T13:00:00.024Z,2025-11-24 13:00:00.024000+00:00,1.025e-05,86000.26991,BTC-USD,dydx,DEX,False,0.0
BTC-USD,0.000009875,86129.67406,64699702,2025-11-24T14:00:00.460Z,2025-11-24 14:00:00.460000+00:00,9.875e-06,86129.67406,BTC-USD,dydx,DEX,False,0.0
BTC-USD,0.0000075,86101.77131,64705332,2025-11-24T15:00:00.584Z,2025-11-24 15:00:00.584000+00:00,7.5e-06,86101.77131,BTC-USD,dydx,DEX,False,0.0
BTC-USD,0.000009,86582.55348,64710846,2025-11-24T16:00:00.393Z,2025-11-24 16:00:00.393000+00:00,9e-06,86582.55348,BTC-USD,dydx,DEX,False,0.0
BTC-USD,0.0000095,87172.67819,64716476,2025-11-24T17:00:00.379Z,2025-11-24 17:00:00.379000+00:00,9.5e-06,87172.67819,BTC-USD,dydx,DEX,False,0.0
BTC-USD,0.000007875,88364.52709,64722062,2025-11-24T18:00:00.098Z,2025-11-24 18:00:00.098000+00:00,7.875e-06,88364.52709,BTC-USD,dydx,DEX,False,0.0
BTC-USD,0.0000045,88679.83201,64727746,2025-11-24T19:00:00.278Z,2025-11-24 19:00:00.278000+00:00,4.5e-06,88679.83201,BTC-USD,dydx,DEX,False,0.0
BTC-USD,0.000001125,88291.17088,64733382,2025-11-24T20:00:00.136Z,2025-11-24 20:00:00.136000+00:00,1.125e-06,88291.17088,BTC-USD,dydx,DEX,False,0.0
BTC-USD,0.00000325,89083.06263,64738993,2025-11-24T21:00:00.371Z,2025-11-24 21:00:00.371000+00:00,3.25e-06,89083.06263,BTC-USD,dydx,DEX,False,0.0
BTC-USD,0.000001,88758.73632,64744580,2025-11-24T22:00:00.574Z,2025-11-24 22:00:00.574000+00:00,1e-06,88758.73632,BTC-USD,dydx,DEX,False,0.0
BTC-USD,0.000006625,88599.31278,64750169,2025-11-24T23:00:00.054Z,2025-11-24 23:00:00.054000+00:00,6.625e-06,88599.31278,BTC-USD,dydx,DEX,False,0.0
BTC-USD,0.000001375,88291.8,64755805,2025-11-25T00:00:00.783Z,2025-11-25 00:00:00.783000+00:00,1.375e-06,88291.8,BTC-USD,dydx,DEX,False,0.0
BTC-USD,0.0000035,88056.90416,64761485,2025-11-25T01:00:00.259Z,2025-11-25 01:00:00.259000+00:00,3.5e-06,88056.90416,BTC-USD,dydx,DEX,False,0.0
BTC-USD,0.00000625,87704.25081,64767153,2025-11-25T02:00:00.146Z,2025-11-25 02:00:00.146000+00:00,6.25e-06,87704.25081,BTC-USD,dydx,DEX,False,0.0
BTC-USD,0.000008,87904.30956,64772850,2025-11-25T03:00:00.523Z,2025-11-25 03:00:00.523000+00:00,8e-06,87904.30956,BTC-USD,dydx,DEX,False,0.0
BTC-USD,0.000007875,87807.7,64778488,2025-11-25T04:00:00.053Z,2025-11-25 04:00:00.053000+00:00,7.875e-06,87807.7,BTC-USD,dydx,DEX,False,0.0
BTC-USD,0.00001375,88331.09378,64784244,2025-11-25T05:00:00.074Z,2025-11-25 05:00:00.074000+00:00,1.375e-05,88331.09378,BTC-USD,dydx,DEX,False,0.0
BTC-USD,0.0000125,88078.59126,64789991,2025-11-25T06:00:00.260Z,2025-11-25 06:00:00.260000+00:00,1.25e-05,88078.59126,BTC-USD,dydx,DEX,False,0.0
BTC-USD,0.000007,87999.7493,64795745,2025-11-25T07:00:00.016Z,2025-11-25 07:00:00.016000+00:00,7e-06,87999.7493,BTC-USD,dydx,DEX,False,0.0
BTC-USD,0.000007375,87374.83555,64801449,2025-11-25T08:00:00.271Z,2025-11-25 08:00:00.271000+00:00,7.375e-06,87374.83555,BTC-USD,dydx,DEX,False,0.0
BTC-USD,0.000008,86991.40085,64807063,2025-11-25T09:00:00.117Z,2025-11-25 09:00:00.117000+00:00,8e-06,86991.40085,BTC-USD,dydx,DEX,False,0.0
BTC-USD,0.00001725,87202.28541,64812678,2025-11-25T10:00:00.555Z,2025-11-25 10:00:00.555000+00:00,1.725e-05,87202.28541,BTC-USD,dydx,DEX,False,0.0
BTC-USD,0.000016875,87406.22999,64818286,2025-11-25T11:00:00.133Z,2025-11-25 11:00:00.133000+00:00,1.6875e-05,87406.22999,BTC-USD,dydx,DEX,False,0.0
BTC-USD,0.00001375,87393.09,64823865,2025-11-25T12:00:00.451Z,2025-11-25 12:00:00.451000+00:00,1.375e-05,87393.09,BTC-USD,dydx,DEX,False,0.0
BTC-USD,0.000012875,87494.07118,64829446,2025-11-25T13:00:00.042Z,2025-11-25 13:00:00.042000+00:00,1.2875e-05,87494.07118,BTC-USD,dydx,DEX,False,0.0
BTC-USD,0.000012875,87494.07118,64829446,2025-11-25T13:00:00.042Z,2025-11-25 13:00:00.042000+00:00,1.2875e-05,87494.07118,BTC-USD,dydx,DEX,False,0.0
BTC-USD,0.000010375,87055.27268,64834994,2025-11-25T14:00:00.313Z,2025-11-25 14:00:00.313000+00:00,1.0375e-05,87055.27268,BTC-USD,dydx,DEX,False,0.0
BTC-USD,0.000010375,86747.9856,64840648,2025-11-25T15:00:00.285Z,2025-11-25 15:00:00.285000+00:00,1.0375e-05,86747.9856,BTC-USD,dydx,DEX,False,0.0
BTC-USD,0.000050625,86970.02099,64846200,2025-11-25T16:00:00.508Z,2025-11-25 16:00:00.508000+00:00,5.0625e-05,86970.02099,BTC-USD,dydx,DEX,False,0.0
BTC-USD,0.000039375,87095.61269,64851753,2025-11-25T17:00:00.486Z,2025-11-25 17:00:00.486000+00:00,3.9375e-05,87095.61269,BTC-USD,dydx,DEX,False,0.0
BTC-USD,0.000020375,87604.53037,64857325,2025-11-25T18:00:00.092Z,2025-11-25 18:00:00.092000+00:00,2.0375e-05,87604.53037,BTC-USD,dydx,DEX,False,0.0
BTC-USD,0.00001025,87253.22459,64862873,2025-11-25T19:00:00.085Z,2025-11-25 19:00:00.085000+00:00,1.025e-05,87253.22459,BTC-USD,dydx,DEX,False,0.0
BTC-USD,0.000018875,86869.11661,64868362,2025-11-25T20:00:00.026Z,2025-11-25 20:00:00.026000+00:00,1.8875e-05,86869.11661,BTC-USD,dydx,DEX,False,0.0
BTC-USD,0.0000185,87366.08802,64873892,2025-11-25T21:00:00.531Z,2025-11-25 21:00:00.531000+00:00,1.85e-05,87366.08802,BTC-USD,dydx,DEX,False,0.0
BTC-USD,0.000017125,87011.31812,64879393,2025-11-25T22:00:00.037Z,2025-11-25 22:00:00.037000+00:00,1.7125e-05,87011.31812,BTC-USD,dydx,DEX,False,0.0
BTC-USD,0.00002225,87633.9698,64884957,2025-11-25T23:00:00.633Z,2025-11-25 23:00:00.633000+00:00,2.225e-05,87633.9698,BTC-USD,dydx,DEX,False,0.0
BTC-USD,0.0000165,87371.26287,64890525,2025-11-26T00:00:00.127Z,2025-11-26 00:00:00.127000+00:00,1.65e-05,87371.26287,BTC-USD,dydx,DEX,False,0.0
BTC-USD,0.000022125,87565.4869,64896126,2025-11-26T01:00:00.405Z,2025-11-26 01:00:00.405000+00:00,2.2125e-05,87565.4869,BTC-USD,dydx,DEX,False,0.0
BTC-USD,0.000019875,87889.21107,64901723,2025-11-26T02:00:00.184Z,2025-11-26 02:00:00.184000+00:00,1.9875e-05,87889.21107,BTC-USD,dydx,DEX,False,0.0
BTC-USD,0.0000205,87663.693,64907342,2025-11-26T03:00:00.362Z,2025-11-26 03:00:00.362000+00:00,2.05e-05,87663.693,BTC-USD,dydx,DEX,False,0.0
BTC-USD,0.00001075,87100.02078,64912980,2025-11-26T04:00:00.117Z,2025-11-26 04:00:00.117000+00:00,1.075e-05,87100.02078,BTC-USD,dydx,DEX,False,0.0
BTC-USD,0.00000125,87216.02679,64918623,2025-11-26T05:00:00.471Z,2025-11-26 05:00:00.471000+00:00,1.25e-06,87216.02679,BTC-USD,dydx,DEX,False,0.0
BTC-USD,0.0000005,87500.09998,64924265,2025-11-26T06:00:00.404Z,2025-11-26 06:00:00.404000+00:00,5e-07,87500.09998,BTC-USD,dydx,DEX,False,0.0
BTC-USD,0.000001,87810.70785,64929950,2025-11-26T07:00:00.293Z,2025-11-26 07:00:00.293000+00:00,1e-06,87810.70785,BTC-USD,dydx,DEX,False,0.0
BTC-USD,0.0000055,87931.33373,64935627,2025-11-26T08:00:00.347Z,2025-11-26 08:00:00.347000+00:00,5.5e-06,87931.33373,BTC-USD,dydx,DEX,False,0.0
BTC-USD,0.000002375,87429.20432,64941193,2025-11-26T09:00:00.337Z,2025-11-26 09:00:00.337000+00:00,2.375e-06,87429.20432,BTC-USD,dydx,DEX,False,0.0
BTC-USD,0.000001375,86788.54229,64946774,2025-11-26T10:00:00.257Z,2025-11-26 10:00:00.257000+00:00,1.375e-06,86788.54229,BTC-USD,dydx,DEX,False,0.0
BTC-USD,0.000002125,86922.64547,64952382,2025-11-26T11:00:00.174Z,2025-11-26 11:00:00.174000+00:00,2.125e-06,86922.64547,BTC-USD,dydx,DEX,False,0.0
BTC-USD,0.00000925,87046.67253,64958030,2025-11-26T12:00:00.142Z,2025-11-26 12:00:00.142000+00:00,9.25e-06,87046.67253,BTC-USD,dydx,DEX,False,0.0
BTC-USD,0.000001,86640.03198,64963783,2025-11-26T13:00:00.102Z,2025-11-26 13:00:00.102000+00:00,1e-06,86640.03198,BTC-USD,dydx,DEX,False,0.0
BTC-USD,0.000002375,87081.94361,64969374,2025-11-26T14:00:00.509Z,2025-11-26 14:00:00.509000+00:00,2.375e-06,87081.94361,BTC-USD,dydx,DEX,False,0.0
BTC-USD,-0.00000875,86850,64975041,2025-11-26T15:00:00.005Z,2025-11-26 15:00:00.005000+00:00,-8.75e-06,86850.0,BTC-USD,dydx,DEX,False,0.0
BTC-USD,-0.000020125,86960.9039,64980724,2025-11-26T16:00:00.037Z,2025-11-26 16:00:00.037000+00:00,-2.0125e-05,86960.9039,BTC-USD,dydx,DEX,False,0.0
BTC-USD,-0.000015375,87842.38,64986423,2025-11-26T17:00:00.758Z,2025-11-26 17:00:00.758000+00:00,-1.5375e-05,87842.38,BTC-USD,dydx,DEX,False,0.0
BTC-USD,0.000019125,89822.71522,64992099,2025-11-26T18:00:00.068Z,2025-11-26 18:00:00.068000+00:00,1.9125e-05,89822.71522,BTC-USD,dydx,DEX,False,0.0
BTC-USD,0.000015875,90132.9,64997761,2025-11-26T19:00:00.266Z,2025-11-26 19:00:00.266000+00:00,1.5875e-05,90132.9,BTC-USD,dydx,DEX,False,0.0
BTC-USD,0.00000625,89950.80048,65003421,2025-11-26T20:00:00.015Z,2025-11-26 20:00:00.015000+00:00,6.25e-06,89950.80048,BTC-USD,dydx,DEX,False,0.0
BTC-USD,0.0000085,89864.25,65009146,2025-11-26T21:00:00.275Z,2025-11-26 21:00:00.275000+00:00,8.5e-06,89864.25,BTC-USD,dydx,DEX,False,0.0
BTC-USD,0.00000525,90206.4,65014805,2025-11-26T22:00:00.558Z,2025-11-26 22:00:00.558000+00:00,5.25e-06,90206.4,BTC-USD,dydx,DEX,False,0.0
BTC-USD,-0.000032375,90354.6,65020489,2025-11-26T23:00:00.448Z,2025-11-26 23:00:00.448000+00:00,-3.2375e-05,90354.6,BTC-USD,dydx,DEX,False,0.0
BTC-USD,0.00000675,90507.99,65026158,2025-11-27T00:00:00.219Z,2025-11-27 00:00:00.219000+00:00,6.75e-06,90507.99,BTC-USD,dydx,DEX,False,0.0
BTC-USD,-0.000044625,90507.42074,65031807,2025-11-27T01:00:00.486Z,2025-11-27 01:00:00.486000+00:00,-4.4625e-05,90507.42074,BTC-USD,dydx,DEX,False,0.0
BTC-USD,-0.00002675,91168.4,65037366,2025-11-27T02:00:00.373Z,2025-11-27 02:00:00.373000+00:00,-2.675e-05,91168.4,BTC-USD,dydx,DEX,False,0.0
BTC-USD,-0.00002225,91374.69745,65043013,2025-11-27T03:00:00.034Z,2025-11-27 03:00:00.034000+00:00,-2.225e-05,91374.69745,BTC-USD,dydx,DEX,False,0.0
BTC-USD,-0.0000235,91075.9,65048668,2025-11-27T04:00:00.216Z,2025-11-27 04:00:00.216000+00:00,-2.35e-05,91075.9,BTC-USD,dydx,DEX,False,0.0
BTC-USD,-0.00003675,91287.6,65054320,2025-11-27T05:00:00.121Z,2025-11-27 05:00:00.121000+00:00,-3.675e-05,91287.6,BTC-USD,dydx,DEX,False,0.0
BTC-USD,-0.00003125,90952.8,65059990,2025-11-27T06:00:00.339Z,2025-11-27 06:00:00.339000+00:00,-3.125e-05,90952.8,BTC-USD,dydx,DEX,False,0.0
BTC-USD,-0.000024125,91255.12551,65065635,2025-11-27T07:00:00.087Z,2025-11-27 07:00:00.087000+00:00,-2.4125e-05,91255.12551,BTC-USD,dydx,DEX,False,0.0
BTC-USD,-0.000023,91417.99,65071370,2025-11-27T08:00:00.293Z,2025-11-27 08:00:00.293000+00:00,-2.3e-05,91417.99,BTC-USD,dydx,DEX,False,0.0
BTC-USD,-0.000027125,91525.20504,65077068,2025-11-27T09:00:00.321Z,2025-11-27 09:00:00.321000+00:00,-2.7125e-05,91525.20504,BTC-USD,dydx,DEX,False,0.0
BTC-USD,-0.00002425,91541.00999,65082810,2025-11-27T10:00:00.511Z,2025-11-27 10:00:00.511000+00:00,-2.425e-05,91541.00999,BTC-USD,dydx,DEX,False,0.0
BTC-USD,-0.00002625,91643.92609,65088558,2025-11-27T11:00:00.537Z,2025-11-27 11:00:00.537000+00:00,-2.625e-05,91643.92609,BTC-USD,dydx,DEX,False,0.0
BTC-USD,-0.000024875,91380,65094280,2025-11-27T12:00:00.219Z,2025-11-27 12:00:00.219000+00:00,-2.4875e-05,91380.0,BTC-USD,dydx,DEX,False,0.0
BTC-USD,-0.00002325,90953.68112,65100025,2025-11-27T13:00:00.633Z,2025-11-27 13:00:00.633000+00:00,-2.325e-05,90953.68112,BTC-USD,dydx,DEX,False,0.0
BTC-USD,-0.000011875,90898.08897,65105758,2025-11-27T14:00:00.004Z,2025-11-27 14:00:00.004000+00:00,-1.1875e-05,90898.08897,BTC-USD,dydx,DEX,False,0.0
BTC-USD,-0.00001375,90800.18396,65111614,2025-11-27T15:00:00.280Z,2025-11-27 15:00:00.280000+00:00,-1.375e-05,90800.18396,BTC-USD,dydx,DEX,False,0.0
BTC-USD,-0.000010375,90953.89538,65117447,2025-11-27T16:00:00.026Z,2025-11-27 16:00:00.026000+00:00,-1.0375e-05,90953.89538,BTC-USD,dydx,DEX,False,0.0
BTC-USD,-0.00000825,91446.74467,65123277,2025-11-27T17:00:00.033Z,2025-11-27 17:00:00.033000+00:00,-8.25e-06,91446.74467,BTC-USD,dydx,DEX,False,0.0
BTC-USD,-0.0000115,91492.75002,65128992,2025-11-27T18:00:00.326Z,2025-11-27 18:00:00.326000+00:00,-1.15e-05,91492.75002,BTC-USD,dydx,DEX,False,0.0
BTC-USD,-0.00001,91825.58255,65134778,2025-11-27T19:00:00.462Z,2025-11-27 19:00:00.462000+00:00,-1e-05,91825.58255,BTC-USD,dydx,DEX,False,0.0
BTC-USD,-0.000014625,91506.21927,65140552,2025-11-27T20:00:00.378Z,2025-11-27 20:00:00.378000+00:00,-1.4625e-05,91506.21927,BTC-USD,dydx,DEX,False,0.0
BTC-USD,-0.000013,91462.52651,65146340,2025-11-27T21:00:00.338Z,2025-11-27 21:00:00.338000+00:00,-1.3e-05,91462.52651,BTC-USD,dydx,DEX,False,0.0
BTC-USD,-0.00001375,91429.16415,65152110,2025-11-27T22:00:00.461Z,2025-11-27 22:00:00.461000+00:00,-1.375e-05,91429.16415,BTC-USD,dydx,DEX,False,0.0
BTC-USD,-0.000014625,91328.51006,65157866,2025-11-27T23:00:00.461Z,2025-11-27 23:00:00.461000+00:00,-1.4625e-05,91328.51006,BTC-USD,dydx,DEX,False,0.0
BTC-USD,-0.000009125,91344.13441,65163618,2025-11-28T00:00:00.315Z,2025-11-28 00:00:00.315000+00:00,-9.125e-06,91344.13441,BTC-USD,dydx,DEX,False,0.0
BTC-USD,-0.00001225,91189.88898,65169365,2025-11-28T01:00:00.043Z,2025-11-28 01:00:00.043000+00:00,-1.225e-05,91189.88898,BTC-USD,dydx,DEX,False,0.0
BTC-USD,-0.000014,90799.10199,65175111,2025-11-28T02:00:00.441Z,2025-11-28 02:00:00.441000+00:00,-1.4e-05,90799.10199,BTC-USD,dydx,DEX,False,0.0
BTC-USD,-0.000012375,91066.37799,65180841,2025-11-28T03:00:00.033Z,2025-11-28 03:00:00.033000+00:00,-1.2375e-05,91066.37799,BTC-USD,dydx,DEX,False,0.0
BTC-USD,-0.0000115,91231.13,65186549,2025-11-28T04:00:00.536Z,2025-11-28 04:00:00.536000+00:00,-1.15e-05,91231.13,BTC-USD,dydx,DEX,False,0.0
BTC-USD,-0.00000875,91460.30603,65192294,2025-11-28T05:00:00.449Z,2025-11-28 05:00:00.449000+00:00,-8.75e-06,91460.30603,BTC-USD,dydx,DEX,False,0.0
BTC-USD,-0.0000055,91611.103,65198117,2025-11-28T06:00:00.345Z,2025-11-28 06:00:00.345000+00:00,-5.5e-06,91611.103,BTC-USD,dydx,DEX,False,0.0
BTC-USD,-0.000009875,91308.3915,65203976,2025-11-28T07:00:00.571Z,2025-11-28 07:00:00.571000+00:00,-9.875e-06,91308.3915,BTC-USD,dydx,DEX,False,0.0
BTC-USD,-0.000006625,90900.90927,65209806,2025-11-28T08:00:00.378Z,2025-11-28 08:00:00.378000+00:00,-6.625e-06,90900.90927,BTC-USD,dydx,DEX,False,0.0
BTC-USD,-0.00000675,91653.10531,65215606,2025-11-28T09:00:00.046Z,2025-11-28 09:00:00.046000+00:00,-6.75e-06,91653.10531,BTC-USD,dydx,DEX,False,0.0
BTC-USD,-0.000009,91604.32086,65221392,2025-11-28T10:00:00.611Z,2025-11-28 10:00:00.611000+00:00,-9e-06,91604.32086,BTC-USD,dydx,DEX,False,0.0
BTC-USD,-0.000005875,91814.51668,65227178,2025-11-28T11:00:00.498Z,2025-11-28 11:00:00.498000+00:00,-5.875e-06,91814.51668,BTC-USD,dydx,DEX,False,0.0
BTC-USD,-0.000005375,91428.57139,65232985,2025-11-28T12:00:00.589Z,2025-11-28 12:00:00.589000+00:00,-5.375e-06,91428.57139,BTC-USD,dydx,DEX,False,0.0
BTC-USD,-0.000006,91494.14941,65238793,2025-11-28T13:00:00.038Z,2025-11-28 13:00:00.038000+00:00,-6e-06,91494.14941,BTC-USD,dydx,DEX,False,0.0
BTC-USD,0.0000005,92358.17163,65244612,2025-11-28T14:00:00.220Z,2025-11-28 14:00:00.220000+00:00,5e-07,92358.17163,BTC-USD,dydx,DEX,False,0.0
BTC-USD,0.000005875,92246.47394,65250457,2025-11-28T15:00:00.152Z,2025-11-28 15:00:00.152000+00:00,5.875e-06,92246.47394,BTC-USD,dydx,DEX,False,0.0
BTC-USD,-0.000061375,92379.99631,65256192,2025-11-28T16:00:00.239Z,2025-11-28 16:00:00.239000+00:00,-6.1375e-05,92379.99631,BTC-USD,dydx,DEX,False,0.0
BTC-USD,-0.00001725,90944.29234,65262079,2025-11-28T17:00:00.355Z,2025-11-28 17:00:00.355000+00:00,-1.725e-05,90944.29234,BTC-USD,dydx,DEX,False,0.0
BTC-USD,-0.000016375,90614.30715,65267708,2025-11-28T18:00:00.319Z,2025-11-28 18:00:00.319000+00:00,-1.6375e-05,90614.30715,BTC-USD,dydx,DEX,False,0.0
BTC-USD,-0.000027,90862.30775,65273334,2025-11-28T19:00:00.328Z,2025-11-28 19:00:00.328000+00:00,-2.7e-05,90862.30775,BTC-USD,dydx,DEX,False,0.0
BTC-USD,-0.00002525,91185.06551,65278921,2025-11-28T20:00:00.124Z,2025-11-28 20:00:00.124000+00:00,-2.525e-05,91185.06551,BTC-USD,dydx,DEX,False,0.0
BTC-USD,-0.0000275,91186.37454,65284578,2025-11-28T21:00:00.438Z,2025-11-28 21:00:00.438000+00:00,-2.75e-05,91186.37454,BTC-USD,dydx,DEX,False,0.0
BTC-USD,-0.0000285,90959.22368,65290312,2025-11-28T22:00:00.550Z,2025-11-28 22:00:00.550000+00:00,-2.85e-05,90959.22368,BTC-USD,dydx,DEX,False,0.0
BTC-USD,-0.000028875,91115.88991,65296178,2025-11-28T23:00:00.081Z,2025-11-28 23:00:00.081000+00:00,-2.8875e-05,91115.88991,BTC-USD,dydx,DEX,False,0.0
BTC-USD,-0.000026375,90927.64504,65301986,2025-11-29T00:00:00.210Z,2025-11-29 00:00:00.210000+00:00,-2.6375e-05,90927.64504,BTC-USD,dydx,DEX,False,0.0
BTC-USD,-0.00002375,90913.47404,65307771,2025-11-29T01:00:00.106Z,2025-11-29 01:00:00.106000+00:00,-2.375e-05,90913.47404,BTC-USD,dydx,DEX,False,0.0
BTC-USD,-0.000022875,90940.17607,65313533,2025-11-29T02:00:00.514Z,2025-11-29 02:00:00.514000+00:00,-2.2875e-05,90940.17607,BTC-USD,dydx,DEX,False,0.0
BTC-USD,-0.000023375,90804.32172,65319291,2025-11-29T03:00:00.458Z,2025-11-29 03:00:00.458000+00:00,-2.3375e-05,90804.32172,BTC-USD,dydx,DEX,False,0.0
BTC-USD,-0.000020625,90722.24444,65325065,2025-11-29T04:00:00.568Z,2025-11-29 04:00:00.568000+00:00,-2.0625e-05,90722.24444,BTC-USD,dydx,DEX,False,0.0
BTC-USD,-0.000015,90918.58371,65330910,2025-11-29T05:00:00.461Z,2025-11-29 05:00:00.461000+00:00,-1.5e-05,90918.58371,BTC-USD,dydx,DEX,False,0.0
BTC-USD,-0.000013875,90771.11599,65336704,2025-11-29T06:00:00.061Z,2025-11-29 06:00:00.061000+00:00,-1.3875e-05,90771.11599,BTC-USD,dydx,DEX,False,0.0
BTC-USD,-0.00001225,90611.55346,65342519,2025-11-29T07:00:00.125Z,2025-11-29 07:00:00.125000+00:00,-1.225e-05,90611.55346,BTC-USD,dydx,DEX,False,0.0
BTC-USD,-0.000011375,90576.57201,65348334,2025-11-29T08:00:00.552Z,2025-11-29 08:00:00.552000+00:00,-1.1375e-05,90576.57201,BTC-USD,dydx,DEX,False,0.0
BTC-USD,-0.000010875,90634.38375,65354071,2025-11-29T09:00:00.208Z,2025-11-29 09:00:00.208000+00:00,-1.0875e-05,90634.38375,BTC-USD,dydx,DEX,False,0.0
BTC-USD,-0.000009875,90595.57867,65359861,2025-11-29T10:00:00.298Z,2025-11-29 10:00:00.298000+00:00,-9.875e-06,90595.57867,BTC-USD,dydx,DEX,False,0.0
BTC-USD,-0.000008625,90613.79551,65365654,2025-11-29T11:00:00.219Z,2025-11-29 11:00:00.219000+00:00,-8.625e-06,90613.79551,BTC-USD,dydx,DEX,False,0.0
BTC-USD,-0.000008375,90701.96628,65371395,2025-11-29T12:00:00.379Z,2025-11-29 12:00:00.379000+00:00,-8.375e-06,90701.96628,BTC-USD,dydx,DEX,False,0.0
BTC-USD,-0.00000725,90662.04861,65377183,2025-11-29T13:00:00.082Z,2025-11-29 13:00:00.082000+00:00,-7.25e-06,90662.04861,BTC-USD,dydx,DEX,False,0.0
BTC-USD,-0.000007625,90818.21182,65382899,2025-11-29T14:00:00.589Z,2025-11-29 14:00:00.589000+00:00,-7.625e-06,90818.21182,BTC-USD,dydx,DEX,False,0.0
BTC-USD,-0.000008,90670.30521,65388603,2025-11-29T15:00:00.040Z,2025-11-29 15:00:00.040000+00:00,-8e-06,90670.30521,BTC-USD,dydx,DEX,False,0.0
BTC-USD,-0.000008,91065.46787,65394287,2025-11-29T16:00:00.508Z,2025-11-29 16:00:00.508000+00:00,-8e-06,91065.46787,BTC-USD,dydx,DEX,False,0.0
BTC-USD,-0.000008,91065.46787,65394287,2025-11-29T16:00:00.508Z,2025-11-29 16:00:00.508000+00:00,-8e-06,91065.46787,BTC-USD,dydx,DEX,False,0.0
BTC-USD,-0.000010625,91040.10937,65400078,2025-11-29T17:00:00.179Z,2025-11-29 17:00:00.179000+00:00,-1.0625e-05,91040.10937,BTC-USD,dydx,DEX,False,0.0
BTC-USD,-0.000010625,90481.45401,65405820,2025-11-29T18:00:00.520Z,2025-11-29 18:00:00.520000+00:00,-1.0625e-05,90481.45401,BTC-USD,dydx,DEX,False,0.0
BTC-USD,-0.000006,90747.7506,65411466,2025-11-29T19:00:00.171Z,2025-11-29 19:00:00.171000+00:00,-6e-06,90747.7506,BTC-USD,dydx,DEX,False,0.0
BTC-USD,-0.000008,90704.31,65417102,2025-11-29T20:00:00.380Z,2025-11-29 20:00:00.380000+00:00,-8e-06,90704.31,BTC-USD,dydx,DEX,False,0.0
BTC-USD,-0.0000035,91027.62104,65422766,2025-11-29T21:00:00.163Z,2025-11-29 21:00:00.163000+00:00,-3.5e-06,91027.62104,BTC-USD,dydx,DEX,False,0.0
BTC-USD,-0.0000065,91062.98605,65428370,2025-11-29T22:00:00.457Z,2025-11-29 22:00:00.457000+00:00,-6.5e-06,91062.98605,BTC-USD,dydx,DEX,False,0.0
BTC-USD,-0.000007,90802.03244,65434028,2025-11-29T23:00:00.293Z,2025-11-29 23:00:00.293000+00:00,-7e-06,90802.03244,BTC-USD,dydx,DEX,False,0.0
BTC-USD,-0.000005375,90844.37775,65439639,2025-11-30T00:00:00.656Z,2025-11-30 00:00:00.656000+00:00,-5.375e-06,90844.37775,BTC-USD,dydx,DEX,False,0.0
BTC-USD,-0.000007875,90912.35494,65445300,2025-11-30T01:00:00.574Z,2025-11-30 01:00:00.574000+00:00,-7.875e-06,90912.35494,BTC-USD,dydx,DEX,False,0.0
BTC-USD,-0.0000105,90974.67558,65450957,2025-11-30T02:00:00.135Z,2025-11-30 02:00:00.135000+00:00,-1.05e-05,90974.67558,BTC-USD,dydx,DEX,False,0.0
BTC-USD,-0.000009375,90800.03184,65456718,2025-11-30T03:00:00.636Z,2025-11-30 03:00:00.636000+00:00,-9.375e-06,90800.03184,BTC-USD,dydx,DEX,False,0.0
BTC-USD,-0.000013125,90935.37414,65462501,2025-11-30T04:00:00.384Z,2025-11-30 04:00:00.384000+00:00,-1.3125e-05,90935.37414,BTC-USD,dydx,DEX,False,0.0
BTC-USD,-0.00001325,90889.15566,65468212,2025-11-30T05:00:00.186Z,2025-11-30 05:00:00.186000+00:00,-1.325e-05,90889.15566,BTC-USD,dydx,DEX,False,0.0
BTC-USD,-0.0000135,90842.33693,65473902,2025-11-30T06:00:00.176Z,2025-11-30 06:00:00.176000+00:00,-1.35e-05,90842.33693,BTC-USD,dydx,DEX,False,0.0
BTC-USD,-0.000014875,90926.25,65479570,2025-11-30T07:00:00.107Z,2025-11-30 07:00:00.107000+00:00,-1.4875e-05,90926.25,BTC-USD,dydx,DEX,False,0.0
BTC-USD,-0.000005125,90993.59807,65485279,2025-11-30T08:00:00.561Z,2025-11-30 08:00:00.561000+00:00,-5.125e-06,90993.59807,BTC-USD,dydx,DEX,False,0.0
BTC-USD,-0.0000075,91201.06021,65490826,2025-11-30T09:00:00.259Z,2025-11-30 09:00:00.259000+00:00,-7.5e-06,91201.06021,BTC-USD,dydx,DEX,False,0.0
BTC-USD,-0.00000775,91433.28665,65496366,2025-11-30T10:00:00.661Z,2025-11-30 10:00:00.661000+00:00,-7.75e-06,91433.28665,BTC-USD,dydx,DEX,False,0.0
BTC-USD,-0.000009375,91247.75955,65501980,2025-11-30T11:00:00.397Z,2025-11-30 11:00:00.397000+00:00,-9.375e-06,91247.75955,BTC-USD,dydx,DEX,False,0.0
BTC-USD,-0.000008375,91090.62718,65507631,2025-11-30T12:00:00.413Z,2025-11-30 12:00:00.413000+00:00,-8.375e-06,91090.62718,BTC-USD,dydx,DEX,False,0.0
BTC-USD,-0.00001025,91456.86137,65513277,2025-11-30T13:00:00.580Z,2025-11-30 13:00:00.580000+00:00,-1.025e-05,91456.86137,BTC-USD,dydx,DEX,False,0.0
BTC-USD,0.000027125,91773.86,65518851,2025-11-30T14:00:00.523Z,2025-11-30 14:00:00.523000+00:00,2.7125e-05,91773.86,BTC-USD,dydx,DEX,False,0.0
BTC-USD,0.00002525,91479.85597,65524447,2025-11-30T15:00:00.199Z,2025-11-30 15:00:00.199000+00:00,2.525e-05,91479.85597,BTC-USD,dydx,DEX,False,0.0
BTC-USD,0.000046625,91450.51,65530074,2025-11-30T16:00:00.180Z,2025-11-30 16:00:00.180000+00:00,4.6625e-05,91450.51,BTC-USD,dydx,DEX,False,0.0
BTC-USD,0.000016125,91821.56443,65535745,2025-11-30T17:00:00.101Z,2025-11-30 17:00:00.101000+00:00,1.6125e-05,91821.56443,BTC-USD,dydx,DEX,False,0.0
BTC-USD,0.000014375,91486.96,65541404,2025-11-30T18:00:00.364Z,2025-11-30 18:00:00.364000+00:00,1.4375e-05,91486.96,BTC-USD,dydx,DEX,False,0.0
BTC-USD,0.000019625,91480.04,65547111,2025-11-30T19:00:00.513Z,2025-11-30 19:00:00.513000+00:00,1.9625e-05,91480.04,BTC-USD,dydx,DEX,False,0.0
BTC-USD,0.000016125,91486.69733,65552808,2025-11-30T20:00:00.163Z,2025-11-30 20:00:00.163000+00:00,1.6125e-05,91486.69733,BTC-USD,dydx,DEX,False,0.0
BTC-USD,0.00001325,91335.76715,65558458,2025-11-30T21:00:00.045Z,2025-11-30 21:00:00.045000+00:00,1.325e-05,91335.76715,BTC-USD,dydx,DEX,False,0.0
BTC-USD,0.000009125,91191.04143,65564111,2025-11-30T22:00:00.185Z,2025-11-30 22:00:00.185000+00:00,9.125e-06,91191.04143,BTC-USD,dydx,DEX,False,0.0
BTC-USD,0.000007625,91236.26725,65569770,2025-11-30T23:00:00.185Z,2025-11-30 23:00:00.185000+00:00,7.625e-06,91236.26725,BTC-USD,dydx,DEX,False,0.0
BTC-USD,0.00000675,90381.08621,65575437,2025-12-01T00:00:00.559Z,2025-12-01 00:00:00.559000+00:00,6.75e-06,90381.08621,BTC-USD,dydx,DEX,False,0.0
BTC-USD,0.000007875,87020.03104,65580890,2025-12-01T01:00:00.374Z,2025-12-01 01:00:00.374000+00:00,7.875e-06,87020.03104,BTC-USD,dydx,DEX,False,0.0
BTC-USD,0.000007625,87223.39,65586450,2025-12-01T02:00:00.661Z,2025-12-01 02:00:00.661000+00:00,7.625e-06,87223.39,BTC-USD,dydx,DEX,False,0.0
BTC-USD,0.000007625,86739.10744,65592088,2025-12-01T03:00:00.080Z,2025-12-01 03:00:00.080000+00:00,7.625e-06,86739.10744,BTC-USD,dydx,DEX,False,0.0
BTC-USD,0.000005625,86362.9625,65597743,2025-12-01T04:00:00.910Z,2025-12-01 04:00:00.910000+00:00,5.625e-06,86362.9625,BTC-USD,dydx,DEX,False,0.0
BTC-USD,0.000027375,85784.54759,65603399,2025-12-01T05:00:00.027Z,2025-12-01 05:00:00.027000+00:00,2.7375e-05,85784.54759,BTC-USD,dydx,DEX,False,0.0
BTC-USD,0.000038125,85977.19543,65608976,2025-12-01T06:00:00.326Z,2025-12-01 06:00:00.326000+00:00,3.8125e-05,85977.19543,BTC-USD,dydx,DEX,False,0.0
BTC-USD,0.0000285,86270.92709,65614571,2025-12-01T07:00:00.020Z,2025-12-01 07:00:00.020000+00:00,2.85e-05,86270.92709,BTC-USD,dydx,DEX,False,0.0
BTC-USD,0.000024875,86557.15897,65620143,2025-12-01T08:00:00.062Z,2025-12-01 08:00:00.062000+00:00,2.4875e-05,86557.15897,BTC-USD,dydx,DEX,False,0.0
BTC-USD,0.000003375,86883.86883,65625682,2025-12-01T09:00:00.453Z,2025-12-01 09:00:00.453000+00:00,3.375e-06,86883.86883,BTC-USD,dydx,DEX,False,0.0
BTC-USD,0.000004,86743.67436,65631235,2025-12-01T10:00:00.295Z,2025-12-01 10:00:00.295000+00:00,4e-06,86743.67436,BTC-USD,dydx,DEX,False,0.0
BTC-USD,0.00000925,86645.41523,65636788,2025-12-01T11:00:00.548Z,2025-12-01 11:00:00.548000+00:00,9.25e-06,86645.41523,BTC-USD,dydx,DEX,False,0.0
BTC-USD,0.00000825,86150,65642346,2025-12-01T12:00:00.407Z,2025-12-01 12:00:00.407000+00:00,8.25e-06,86150.0,BTC-USD,dydx,DEX,False,0.0
BTC-USD,0.00000475,85413.07747,65647905,2025-12-01T13:00:00.081Z,2025-12-01 13:00:00.081000+00:00,4.75e-06,85413.07747,BTC-USD,dydx,DEX,False,0.0
BTC-USD,0.000043375,86012.22,65653441,2025-12-01T14:00:00.097Z,2025-12-01 14:00:00.097000+00:00,4.3375e-05,86012.22,BTC-USD,dydx,DEX,False,0.0
BTC-USD,0.00002775,86019.38572,65659041,2025-12-01T15:00:00.173Z,2025-12-01 15:00:00.173000+00:00,2.775e-05,86019.38572,BTC-USD,dydx,DEX,False,0.0
BTC-USD,-0.000003125,84674.7,65664467,2025-12-01T16:00:00.386Z,2025-12-01 16:00:00.386000+00:00,-3.125e-06,84674.7,BTC-USD,dydx,DEX,False,0.0
BTC-USD,0.0000075,84508.00309,65670039,2025-12-01T17:00:00.766Z,2025-12-01 17:00:00.766000+00:00,7.5e-06,84508.00309,BTC-USD,dydx,DEX,False,0.0
BTC-USD,0.000002,84951.4056,65675639,2025-12-01T18:00:00.308Z,2025-12-01 18:00:00.308000+00:00,2e-06,84951.4056,BTC-USD,dydx,DEX,False,0.0
BTC-USD,-0.000011125,85219.5313,65681342,2025-12-01T19:00:00.476Z,2025-12-01 19:00:00.476000+00:00,-1.1125e-05,85219.5313,BTC-USD,dydx,DEX,False,0.0
BTC-USD,-0.00000175,85012.63915,65687028,2025-12-01T20:00:00.124Z,2025-12-01 20:00:00.124000+00:00,-1.75e-06,85012.63915,BTC-USD,dydx,DEX,False,0.0
BTC-USD,-0.000005,85510.40208,65692753,2025-12-01T21:00:00.013Z,2025-12-01 21:00:00.013000+00:00,-5e-06,85510.40208,BTC-USD,dydx,DEX,False,0.0
BTC-USD,-0.000026125,86436.35,65698495,2025-12-01T22:00:00.372Z,2025-12-01 22:00:00.372000+00:00,-2.6125e-05,86436.35,BTC-USD,dydx,DEX,False,0.0
BTC-USD,-0.000055875,86591.11822,65704242,2025-12-01T23:00:00.583Z,2025-12-01 23:00:00.583000+00:00,-5.5875e-05,86591.11822,BTC-USD,dydx,DEX,False,0.0
BTC-USD,-0.0000295,86293.78574,65709968,2025-12-02T00:00:00.283Z,2025-12-02 00:00:00.283000+00:00,-2.95e-05,86293.78574,BTC-USD,dydx,DEX,False,0.0
BTC-USD,-0.000013625,86525.80516,65715703,2025-12-02T01:00:00.732Z,2025-12-02 01:00:00.732000+00:00,-1.3625e-05,86525.80516,BTC-USD,dydx,DEX,False,0.0
BTC-USD,-0.0000235,86451.4718,65721430,2025-12-02T02:00:00.604Z,2025-12-02 02:00:00.604000+00:00,-2.35e-05,86451.4718,BTC-USD,dydx,DEX,False,0.0
BTC-USD,-0.000018125,86523.94,65727152,2025-12-02T03:00:00.400Z,2025-12-02 03:00:00.400000+00:00,-1.8125e-05,86523.94,BTC-USD,dydx,DEX,False,0.0
BTC-USD,-0.00000975,86982.36156,65732854,2025-12-02T04:00:00.397Z,2025-12-02 04:00:00.397000+00:00,-9.75e-06,86982.36156,BTC-USD,dydx,DEX,False,0.0
BTC-USD,0.000024125,86954.14169,65738586,2025-12-02T05:00:00.390Z,2025-12-02 05:00:00.390000+00:00,2.4125e-05,86954.14169,BTC-USD,dydx,DEX,False,0.0
BTC-USD,0.000007375,87005.01007,65744357,2025-12-02T06:00:00.271Z,2025-12-02 06:00:00.271000+00:00,7.375e-06,87005.01007,BTC-USD,dydx,DEX,False,0.0
BTC-USD,0.000004875,87117.81345,65750092,2025-12-02T07:00:00.315Z,2025-12-02 07:00:00.315000+00:00,4.875e-06,87117.81345,BTC-USD,dydx,DEX,False,0.0
BTC-USD,0.000005375,87049.30986,65755741,2025-12-02T08:00:00.692Z,2025-12-02 08:00:00.692000+00:00,5.375e-06,87049.30986,BTC-USD,dydx,DEX,False,0.0
BTC-USD,0.000001375,86488.19763,65761425,2025-12-02T09:00:00.097Z,2025-12-02 09:00:00.097000+00:00,1.375e-06,86488.19763,BTC-USD,dydx,DEX,False,0.0
BTC-USD,0.00000525,86771.95439,65767062,2025-12-02T10:00:00.720Z,2025-12-02 10:00:00.720000+00:00,5.25e-06,86771.95439,BTC-USD,dydx,DEX,False,0.0
BTC-USD,0.000008,87279.23792,65772742,2025-12-02T11:00:00.565Z,2025-12-02 11:00:00.565000+00:00,8e-06,87279.23792,BTC-USD,dydx,DEX,False,0.0
BTC-USD,0.00000925,87375.30506,65778413,2025-12-02T12:00:00.270Z,2025-12-02 12:00:00.270000+00:00,9.25e-06,87375.30506,BTC-USD,dydx,DEX,False,0.0
BTC-USD,-0.000012,87288.29765,65784103,2025-12-02T13:00:00.030Z,2025-12-02 13:00:00.030000+00:00,-1.2e-05,87288.29765,BTC-USD,dydx,DEX,False,0.0
BTC-USD,-0.000023,87708.44168,65789821,2025-12-02T14:00:00.489Z,2025-12-02 14:00:00.489000+00:00,-2.3e-05,87708.44168,BTC-USD,dydx,DEX,False,0.0
BTC-USD,0.00001425,89270.59,65795615,2025-12-02T15:00:00.421Z,2025-12-02 15:00:00.421000+00:00,1.425e-05,89270.59,BTC-USD,dydx,DEX,False,0.0
BTC-USD,-0.000034,90908.13857,65801371,2025-12-02T16:00:00.349Z,2025-12-02 16:00:00.349000+00:00,-3.4e-05,90908.13857,BTC-USD,dydx,DEX,False,0.0
BTC-USD,-0.000027125,90739.81796,65807123,2025-12-02T17:00:00.284Z,2025-12-02 17:00:00.284000+00:00,-2.7125e-05,90739.81796,BTC-USD,dydx,DEX,False,0.0
BTC-USD,-0.000025875,91496.4,65812825,2025-12-02T18:00:00.134Z,2025-12-02 18:00:00.134000+00:00,-2.5875e-05,91496.4,BTC-USD,dydx,DEX,False,0.0
BTC-USD,0.00001875,91962.68925,65818596,2025-12-02T19:00:00.104Z,2025-12-02 19:00:00.104000+00:00,1.875e-05,91962.68925,BTC-USD,dydx,DEX,False,0.0
BTC-USD,0.000018375,91923.11454,65824347,2025-12-02T20:00:00.417Z,2025-12-02 20:00:00.417000+00:00,1.8375e-05,91923.11454,BTC-USD,dydx,DEX,False,0.0
BTC-USD,0.00002625,91094.45072,65830131,2025-12-02T21:00:00.304Z,2025-12-02 21:00:00.304000+00:00,2.625e-05,91094.45072,BTC-USD,dydx,DEX,False,0.0
BTC-USD,0.000046875,91633.35334,65835896,2025-12-02T22:00:00.423Z,2025-12-02 22:00:00.423000+00:00,4.6875e-05,91633.35334,BTC-USD,dydx,DEX,False,0.0
BTC-USD,-0.000001625,92006.10334,65841689,2025-12-02T23:00:00.076Z,2025-12-02 23:00:00.076000+00:00,-1.625e-06,92006.10334,BTC-USD,dydx,DEX,False,0.0
BTC-USD,-0.00000325,91309.58204,65847466,2025-12-03T00:00:00.689Z,2025-12-03 00:00:00.689000+00:00,-3.25e-06,91309.58204,BTC-USD,dydx,DEX,False,0.0
BTC-USD,0.000001875,91675.47723,65853198,2025-12-03T01:00:00.551Z,2025-12-03 01:00:00.551000+00:00,1.875e-06,91675.47723,BTC-USD,dydx,DEX,False,0.0
BTC-USD,0.00000375,92242.97289,65858902,2025-12-03T02:00:00.499Z,2025-12-03 02:00:00.499000+00:00,3.75e-06,92242.97289,BTC-USD,dydx,DEX,False,0.0
BTC-USD,0.000007375,92814.54436,65864612,2025-12-03T03:00:00.415Z,2025-12-03 03:00:00.415000+00:00,7.375e-06,92814.54436,BTC-USD,dydx,DEX,False,0.0
BTC-USD,0.000010875,92696.20886,65870289,2025-12-03T04:00:00.108Z,2025-12-03 04:00:00.108000+00:00,1.0875e-05,92696.20886,BTC-USD,dydx,DEX,False,0.0
BTC-USD,0.000005625,93359.03233,65875987,2025-12-03T05:00:00.070Z,2025-12-03 05:00:00.070000+00:00,5.625e-06,93359.03233,BTC-USD,dydx,DEX,False,0.0
BTC-USD,0.000008875,93656.22,65881673,2025-12-03T06:00:00.392Z,2025-12-03 06:00:00.392000+00:00,8.875e-06,93656.22,BTC-USD,dydx,DEX,False,0.0
BTC-USD,0.000010375,93460.01,65887401,2025-12-03T07:00:00.232Z,2025-12-03 07:00:00.232000+00:00,1.0375e-05,93460.01,BTC-USD,dydx,DEX,False,0.0
BTC-USD,0.00000775,92984.73576,65893094,2025-12-03T08:00:00.065Z,2025-12-03 08:00:00.065000+00:00,7.75e-06,92984.73576,BTC-USD,dydx,DEX,False,0.0
BTC-USD,0.000005875,92814.77591,65898807,2025-12-03T09:00:00.015Z,2025-12-03 09:00:00.015000+00:00,5.875e-06,92814.77591,BTC-USD,dydx,DEX,False,0.0
BTC-USD,0.000010375,93188.71808,65904402,2025-12-03T10:00:00.221Z,2025-12-03 10:00:00.221000+00:00,1.0375e-05,93188.71808,BTC-USD,dydx,DEX,False,0.0
BTC-USD,0.000009625,92964.74765,65910100,2025-12-03T11:00:00.514Z,2025-12-03 11:00:00.514000+00:00,9.625e-06,92964.74765,BTC-USD,dydx,DEX,False,0.0
BTC-USD,0.000007375,93047.81912,65915881,2025-12-03T12:00:00.449Z,2025-12-03 12:00:00.449000+00:00,7.375e-06,93047.81912,BTC-USD,dydx,DEX,False,0.0
BTC-USD,-0.000005125,92967.82735,65921595,2025-12-03T13:00:00.387Z,2025-12-03 13:00:00.387000+00:00,-5.125e-06,92967.82735,BTC-USD,dydx,DEX,False,0.0
BTC-USD,-0.000016875,93166.43924,65927293,2025-12-03T14:00:00.651Z,2025-12-03 14:00:00.651000+00:00,-1.6875e-05,93166.43924,BTC-USD,dydx,DEX,False,0.0
BTC-USD,0.000019875,92419.01,65933009,2025-12-03T15:00:00.006Z,2025-12-03 15:00:00.006000+00:00,1.9875e-05,92419.01,BTC-USD,dydx,DEX,False,0.0
BTC-USD,0.000004625,92363.17894,65938618,2025-12-03T16:00:00.097Z,2025-12-03 16:00:00.097000+00:00,4.625e-06,92363.17894,BTC-USD,dydx,DEX,False,0.0
BTC-USD,-0.000017,92298.15944,65944210,2025-12-03T17:00:00.135Z,2025-12-03 17:00:00.135000+00:00,-1.7e-05,92298.15944,BTC-USD,dydx,DEX,False,0.0
BTC-USD,0.000013875,92998.14271,65949748,2025-12-03T18:00:00.332Z,2025-12-03 18:00:00.332000+00:00,1.3875e-05,92998.14271,BTC-USD,dydx,DEX,False,0.0
BTC-USD,-0.000020875,92618.44737,65955321,2025-12-03T19:00:00.022Z,2025-12-03 19:00:00.022000+00:00,-2.0875e-05,92618.44737,BTC-USD,dydx,DEX,False,0.0
BTC-USD,-0.000020875,92618.44737,65955321,2025-12-03T19:00:00.022Z,2025-12-03 19:00:00.022000+00:00,-2.0875e-05,92618.44737,BTC-USD,dydx,DEX,False,0.0
BTC-USD,-0.00006075,93040.21608,65961025,2025-12-03T20:00:00.405Z,2025-12-03 20:00:00.405000+00:00,-6.075e-05,93040.21608,BTC-USD,dydx,DEX,False,0.0
BTC-USD,-0.0000175,93018.20546,65966779,2025-12-03T21:00:00.644Z,2025-12-03 21:00:00.644000+00:00,-1.75e-05,93018.20546,BTC-USD,dydx,DEX,False,0.0
BTC-USD,-0.000024125,93738.41152,65972463,2025-12-03T22:00:00.547Z,2025-12-03 22:00:00.547000+00:00,-2.4125e-05,93738.41152,BTC-USD,dydx,DEX,False,0.0
BTC-USD,-0.000008625,93799.76995,65978243,2025-12-03T23:00:00.558Z,2025-12-03 23:00:00.558000+00:00,-8.625e-06,93799.76995,BTC-USD,dydx,DEX,False,0.0
BTC-USD,-0.00001825,93477.47604,65983981,2025-12-04T00:00:00.527Z,2025-12-04 00:00:00.527000+00:00,-1.825e-05,93477.47604,BTC-USD,dydx,DEX,False,0.0
BTC-USD,-0.000006,93094.23769,65989710,2025-12-04T01:00:00.465Z,2025-12-04 01:00:00.465000+00:00,-6e-06,93094.23769,BTC-USD,dydx,DEX,False,0.0
BTC-USD,-0.00000375,93200.03,65995404,2025-12-04T02:00:00.728Z,2025-12-04 02:00:00.728000+00:00,-3.75e-06,93200.03,BTC-USD,dydx,DEX,False,0.0
BTC-USD,-0.000002,93946.58931,66001109,2025-12-04T03:00:00.188Z,2025-12-04 03:00:00.188000+00:00,-2e-06,93946.58931,BTC-USD,dydx,DEX,False,0.0
BTC-USD,-0.000003875,93531.45629,66006782,2025-12-04T04:00:00.337Z,2025-12-04 04:00:00.337000+00:00,-3.875e-06,93531.45629,BTC-USD,dydx,DEX,False,0.0
BTC-USD,-0.000000125,93371.93,66012535,2025-12-04T05:00:00.207Z,2025-12-04 05:00:00.207000+00:00,-1.25e-07,93371.93,BTC-USD,dydx,DEX,False,0.0
BTC-USD,-0.000001125,92981.53297,66018262,2025-12-04T06:00:00.443Z,2025-12-04 06:00:00.443000+00:00,-1.125e-06,92981.53297,BTC-USD,dydx,DEX,False,0.0
BTC-USD,-0.00000025,93160.70826,66023992,2025-12-04T07:00:00.231Z,2025-12-04 07:00:00.231000+00:00,-2.5e-07,93160.70826,BTC-USD,dydx,DEX,False,0.0
BTC-USD,-0.0000015,93434.7304,66029704,2025-12-04T08:00:00.386Z,2025-12-04 08:00:00.386000+00:00,-1.5e-06,93434.7304,BTC-USD,dydx,DEX,False,0.0
BTC-USD,0.00000225,93256.20686,66035430,2025-12-04T09:00:00.275Z,2025-12-04 09:00:00.275000+00:00,2.25e-06,93256.20686,BTC-USD,dydx,DEX,False,0.0
BTC-USD,0.000034875,93492.81393,66041163,2025-12-04T10:00:00.206Z,2025-12-04 10:00:00.206000+00:00,3.4875e-05,93492.81393,BTC-USD,dydx,DEX,False,0.0
BTC-USD,0.000029625,93275.19074,66046889,2025-12-04T11:00:00.121Z,2025-12-04 11:00:00.121000+00:00,2.9625e-05,93275.19074,BTC-USD,dydx,DEX,False,0.0
BTC-USD,0.000011125,92961.59947,66052632,2025-12-04T12:00:00.029Z,2025-12-04 12:00:00.029000+00:00,1.1125e-05,92961.59947,BTC-USD,dydx,DEX,False,0.0
BTC-USD,0.00001225,93026.39826,66058364,2025-12-04T13:00:00.178Z,2025-12-04 13:00:00.178000+00:00,1.225e-05,93026.39826,BTC-USD,dydx,DEX,False,0.0
BTC-USD,0.00001025,92578.27,66064122,2025-12-04T14:00:00.143Z,2025-12-04 14:00:00.143000+00:00,1.025e-05,92578.27,BTC-USD,dydx,DEX,False,0.0
BTC-USD,0.000008,91893.26798,66069894,2025-12-04T15:00:00.021Z,2025-12-04 15:00:00.021000+00:00,8e-06,91893.26798,BTC-USD,dydx,DEX,False,0.0
BTC-USD,0.000009125,93027.90837,66075671,2025-12-04T16:00:00.189Z,2025-12-04 16:00:00.189000+00:00,9.125e-06,93027.90837,BTC-USD,dydx,DEX,False,0.0
BTC-USD,-0.00000225,92477.70331,66081445,2025-12-04T17:00:00.249Z,2025-12-04 17:00:00.249000+00:00,-2.25e-06,92477.70331,BTC-USD,dydx,DEX,False,0.0
BTC-USD,-0.00000325,92471.26181,66087196,2025-12-04T18:00:00.279Z,2025-12-04 18:00:00.279000+00:00,-3.25e-06,92471.26181,BTC-USD,dydx,DEX,False,0.0
BTC-USD,-0.0000005,92172.96918,66092947,2025-12-04T19:00:00.382Z,2025-12-04 19:00:00.382000+00:00,-5e-07,92172.96918,BTC-USD,dydx,DEX,False,0.0
BTC-USD,0.000000125,92035.65472,66098643,2025-12-04T20:00:00.006Z,2025-12-04 20:00:00.006000+00:00,1.25e-07,92035.65472,BTC-USD,dydx,DEX,False,0.0
BTC-USD,-0.0000015,92560.03,66104413,2025-12-04T21:00:00.679Z,2025-12-04 21:00:00.679000+00:00,-1.5e-06,92560.03,BTC-USD,dydx,DEX,False,0.0
BTC-USD,-0.0000235,92177.30786,66110153,2025-12-04T22:00:00.549Z,2025-12-04 22:00:00.549000+00:00,-2.35e-05,92177.30786,BTC-USD,dydx,DEX,False,0.0
BTC-USD,-0.000020625,92385.73572,66115892,2025-12-04T23:00:00.525Z,2025-12-04 23:00:00.525000+00:00,-2.0625e-05,92385.73572,BTC-USD,dydx,DEX,False,0.0
BTC-USD,-0.000008375,92129.69,66121618,2025-12-05T00:00:00.671Z,2025-12-05 00:00:00.671000+00:00,-8.375e-06,92129.69,BTC-USD,dydx,DEX,False,0.0
BTC-USD,-0.000006875,92353.19659,66127380,2025-12-05T01:00:00.346Z,2025-12-05 01:00:00.346000+00:00,-6.875e-06,92353.19659,BTC-USD,dydx,DEX,False,0.0
BTC-USD,-0.0000085,92381.74484,66133140,2025-12-05T02:00:00.178Z,2025-12-05 02:00:00.178000+00:00,-8.5e-06,92381.74484,BTC-USD,dydx,DEX,False,0.0
BTC-USD,-0.000005625,92567.72709,66138968,2025-12-05T03:00:00.190Z,2025-12-05 03:00:00.190000+00:00,-5.625e-06,92567.72709,BTC-USD,dydx,DEX,False,0.0
BTC-USD,-0.000004,92212.87515,66144768,2025-12-05T04:00:00.509Z,2025-12-05 04:00:00.509000+00:00,-4e-06,92212.87515,BTC-USD,dydx,DEX,False,0.0
BTC-USD,-0.00000675,92076.23049,66150588,2025-12-05T05:00:00.477Z,2025-12-05 05:00:00.477000+00:00,-6.75e-06,92076.23049,BTC-USD,dydx,DEX,False,0.0
BTC-USD,-0.000009875,91929.11214,66156458,2025-12-05T06:00:00.591Z,2025-12-05 06:00:00.591000+00:00,-9.875e-06,91929.11214,BTC-USD,dydx,DEX,False,0.0
BTC-USD,-0.00000675,92324.2944,66162337,2025-12-05T07:00:00.361Z,2025-12-05 07:00:00.361000+00:00,-6.75e-06,92324.2944,BTC-USD,dydx,DEX,False,0.0
BTC-USD,-0.000009375,92259.43557,66168152,2025-12-05T08:00:00.350Z,2025-12-05 08:00:00.350000+00:00,-9.375e-06,92259.43557,BTC-USD,dydx,DEX,False,0.0
BTC-USD,-0.000009125,92165.91636,66172977,2025-12-05T09:00:00.048Z,2025-12-05 09:00:00.048000+00:00,-9.125e-06,92165.91636,BTC-USD,dydx,DEX,False,0.0
BTC-USD,-0.00001725,91155.76,66178771,2025-12-05T10:00:00.591Z,2025-12-05 10:00:00.591000+00:00,-1.725e-05,91155.76,BTC-USD,dydx,DEX,False,0.0
BTC-USD,0.0000025,91309.39375,66184558,2025-12-05T11:00:00.384Z,2025-12-05 11:00:00.384000+00:00,2.5e-06,91309.39375,BTC-USD,dydx,DEX,False,0.0
BTC-USD,-0.0000015,91385.71571,66190304,2025-12-05T12:00:00.491Z,2025-12-05 12:00:00.491000+00:00,-1.5e-06,91385.71571,BTC-USD,dydx,DEX,False,0.0
BTC-USD,-0.000000875,91262.70508,66196071,2025-12-05T13:00:00.450Z,2025-12-05 13:00:00.450000+00:00,-8.75e-07,91262.70508,BTC-USD,dydx,DEX,False,0.0
BTC-USD,-0.0000005,90496.47559,66201800,2025-12-05T14:00:00.122Z,2025-12-05 14:00:00.122000+00:00,-5e-07,90496.47559,BTC-USD,dydx,DEX,False,0.0
BTC-USD,-0.000003875,90295.98879,66207633,2025-12-05T15:00:00.363Z,2025-12-05 15:00:00.363000+00:00,-3.875e-06,90295.98879,BTC-USD,dydx,DEX,False,0.0
BTC-USD,-0.000003875,90458.09161,66213461,2025-12-05T16:00:00.059Z,2025-12-05 16:00:00.059000+00:00,-3.875e-06,90458.09161,BTC-USD,dydx,DEX,False,0.0
BTC-USD,0.000006375,88853.66,66219208,2025-12-05T17:00:00.407Z,2025-12-05 17:00:00.407000+00:00,6.375e-06,88853.66,BTC-USD,dydx,DEX,False,0.0
BTC-USD,0.00004325,89333.39,66224924,2025-12-05T18:00:00.229Z,2025-12-05 18:00:00.229000+00:00,4.325e-05,89333.39,BTC-USD,dydx,DEX,False,0.0
BTC-USD,-0.000001125,88969.30836,66230621,2025-12-05T19:00:00.449Z,2025-12-05 19:00:00.449000+00:00,-1.125e-06,88969.30836,BTC-USD,dydx,DEX,False,0.0
BTC-USD,-0.000009625,89694.17767,66236291,2025-12-05T20:00:00.020Z,2025-12-05 20:00:00.020000+00:00,-9.625e-06,89694.17767,BTC-USD,dydx,DEX,False,0.0
BTC-USD,-0.0000275,89344.99241,66241975,2025-12-05T21:00:00.534Z,2025-12-05 21:00:00.534000+00:00,-2.75e-05,89344.99241,BTC-USD,dydx,DEX,False,0.0
BTC-USD,0.000016125,89206.98279,66247647,2025-12-05T22:00:00.430Z,2025-12-05 22:00:00.430000+00:00,1.6125e-05,89206.98279,BTC-USD,dydx,DEX,False,0.0
BTC-USD,0.000011125,89260.48,66253378,2025-12-05T23:00:00.024Z,2025-12-05 23:00:00.024000+00:00,1.1125e-05,89260.48,BTC-USD,dydx,DEX,False,0.0
BTC-USD,0.00000175,89390.08665,66259098,2025-12-06T00:00:00.311Z,2025-12-06 00:00:00.311000+00:00,1.75e-06,89390.08665,BTC-USD,dydx,DEX,False,0.0
BTC-USD,0,89437.8382,66264821,2025-12-06T01:00:00.522Z,2025-12-06 01:00:00.522000+00:00,0.0,89437.8382,BTC-USD,dydx,DEX,False,0.0
BTC-USD,0.000000875,89348.55838,66270514,2025-12-06T02:00:00.596Z,2025-12-06 02:00:00.596000+00:00,8.75e-07,89348.55838,BTC-USD,dydx,DEX,False,0.0
BTC-USD,0,89435.7743,66276227,2025-12-06T03:00:00.576Z,2025-12-06 03:00:00.576000+00:00,0.0,89435.7743,BTC-USD,dydx,DEX,False,0.0
BTC-USD,0.000003625,89719.60588,66281909,2025-12-06T04:00:00.104Z,2025-12-06 04:00:00.104000+00:00,3.625e-06,89719.60588,BTC-USD,dydx,DEX,False,0.0
BTC-USD,-0.000000375,89702.48099,66287610,2025-12-06T05:00:00.259Z,2025-12-06 05:00:00.259000+00:00,-3.75e-07,89702.48099,BTC-USD,dydx,DEX,False,0.0
BTC-USD,0.000000125,89648.31732,66293227,2025-12-06T06:00:00.073Z,2025-12-06 06:00:00.073000+00:00,1.25e-07,89648.31732,BTC-USD,dydx,DEX,False,0.0
BTC-USD,0,89703.08123,66298874,2025-12-06T07:00:00.283Z,2025-12-06 07:00:00.283000+00:00,0.0,89703.08123,BTC-USD,dydx,DEX,False,0.0
BTC-USD,0.00000075,89615.96907,66304609,2025-12-06T08:00:00.094Z,2025-12-06 08:00:00.094000+00:00,7.5e-07,89615.96907,BTC-USD,dydx,DEX,False,0.0
BTC-USD,0,89279.88396,66310350,2025-12-06T09:00:00.618Z,2025-12-06 09:00:00.618000+00:00,0.0,89279.88396,BTC-USD,dydx,DEX,False,0.0
BTC-USD,0.00000025,89631.25937,66316010,2025-12-06T10:00:00.577Z,2025-12-06 10:00:00.577000+00:00,2.5e-07,89631.25937,BTC-USD,dydx,DEX,False,0.0
BTC-USD,0.000000375,89538.61544,66321730,2025-12-06T11:00:00.296Z,2025-12-06 11:00:00.296000+00:00,3.75e-07,89538.61544,BTC-USD,dydx,DEX,False,0.0
BTC-USD,0,89676.90307,66327427,2025-12-06T12:00:00.077Z,2025-12-06 12:00:00.077000+00:00,0.0,89676.90307,BTC-USD,dydx,DEX,False,0.0
BTC-USD,0.000000125,89592.82784,66333102,2025-12-06T13:00:00.457Z,2025-12-06 13:00:00.457000+00:00,1.25e-07,89592.82784,BTC-USD,dydx,DEX,False,0.0
BTC-USD,0,89714.81445,66338760,2025-12-06T14:00:00.028Z,2025-12-06 14:00:00.028000+00:00,0.0,89714.81445,BTC-USD,dydx,DEX,False,0.0
BTC-USD,0.000004875,90022.75455,66344476,2025-12-06T15:00:00.191Z,2025-12-06 15:00:00.191000+00:00,4.875e-06,90022.75455,BTC-USD,dydx,DEX,False,0.0
BTC-USD,0.000000875,89779.6739,66350131,2025-12-06T16:00:00.411Z,2025-12-06 16:00:00.411000+00:00,8.75e-07,89779.6739,BTC-USD,dydx,DEX,False,0.0
BTC-USD,0.0000015,89750.48584,66355826,2025-12-06T17:00:00.172Z,2025-12-06 17:00:00.172000+00:00,1.5e-06,89750.48584,BTC-USD,dydx,DEX,False,0.0
BTC-USD,0.000001625,89720.41612,66361520,2025-12-06T18:00:00.656Z,2025-12-06 18:00:00.656000+00:00,1.625e-06,89720.41612,BTC-USD,dydx,DEX,False,0.0
BTC-USD,0.00000575,89669.66786,66367264,2025-12-06T19:00:00.429Z,2025-12-06 19:00:00.429000+00:00,5.75e-06,89669.66786,BTC-USD,dydx,DEX,False,0.0
BTC-USD,0.000004,89442.69591,66372989,2025-12-06T20:00:00.035Z,2025-12-06 20:00:00.035000+00:00,4e-06,89442.69591,BTC-USD,dydx,DEX,False,0.0
BTC-USD,0.0000055,89569.42777,66378690,2025-12-06T21:00:00.134Z,2025-12-06 21:00:00.134000+00:00,5.5e-06,89569.42777,BTC-USD,dydx,DEX,False,0.0
BTC-USD,0.000001625,89463.31603,66384336,2025-12-06T22:00:00.217Z,2025-12-06 22:00:00.217000+00:00,1.625e-06,89463.31603,BTC-USD,dydx,DEX,False,0.0
BTC-USD,0.00000275,89298.65,66390033,2025-12-06T23:00:00.585Z,2025-12-06 23:00:00.585000+00:00,2.75e-06,89298.65,BTC-USD,dydx,DEX,False,0.0
BTC-USD,0.00000475,89253.53588,66395702,2025-12-07T00:00:00.372Z,2025-12-07 00:00:00.372000+00:00,4.75e-06,89253.53588,BTC-USD,dydx,DEX,False,0.0
BTC-USD,0.0000065,89435.3014,66401404,2025-12-07T01:00:00.437Z,2025-12-07 01:00:00.437000+00:00,6.5e-06,89435.3014,BTC-USD,dydx,DEX,False,0.0
BTC-USD,0.000002125,89326.80804,66407081,2025-12-07T02:00:00.569Z,2025-12-07 02:00:00.569000+00:00,2.125e-06,89326.80804,BTC-USD,dydx,DEX,False,0.0
BTC-USD,0.0000025,89648.82464,66412803,2025-12-07T03:00:00.768Z,2025-12-07 03:00:00.768000+00:00,2.5e-06,89648.82464,BTC-USD,dydx,DEX,False,0.0
BTC-USD,0.000001875,89718.29696,66418504,2025-12-07T04:00:00.460Z,2025-12-07 04:00:00.460000+00:00,1.875e-06,89718.29696,BTC-USD,dydx,DEX,False,0.0
BTC-USD,0.0000025,89558.88464,66424227,2025-12-07T05:00:00.839Z,2025-12-07 05:00:00.839000+00:00,2.5e-06,89558.88464,BTC-USD,dydx,DEX,False,0.0
BTC-USD,0.000005375,89561.46844,66429927,2025-12-07T06:00:00.453Z,2025-12-07 06:00:00.453000+00:00,5.375e-06,89561.46844,BTC-USD,dydx,DEX,False,0.0
BTC-USD,0.000007,89721.23144,66435646,2025-12-07T07:00:00.228Z,2025-12-07 07:00:00.228000+00:00,7e-06,89721.23144,BTC-USD,dydx,DEX,False,0.0
BTC-USD,0.000007375,89381.91457,66441330,2025-12-07T08:00:00.479Z,2025-12-07 08:00:00.479000+00:00,7.375e-06,89381.91457,BTC-USD,dydx,DEX,False,0.0
BTC-USD,0.000009375,89335.38272,66447113,2025-12-07T09:00:00.131Z,2025-12-07 09:00:00.131000+00:00,9.375e-06,89335.38272,BTC-USD,dydx,DEX,False,0.0
BTC-USD,0.000009875,89155.58711,66452807,2025-12-07T10:00:00.447Z,2025-12-07 10:00:00.447000+00:00,9.875e-06,89155.58711,BTC-USD,dydx,DEX,False,0.0
BTC-USD,0.000011,89268.96,66458570,2025-12-07T11:00:00.130Z,2025-12-07 11:00:00.130000+00:00,1.1e-05,89268.96,BTC-USD,dydx,DEX,False,0.0
BTC-USD,0.000004,89181.38113,66464292,2025-12-07T12:00:00.272Z,2025-12-07 12:00:00.272000+00:00,4e-06,89181.38113,BTC-USD,dydx,DEX,False,0.0
BTC-USD,0.00000675,89487.71516,66470041,2025-12-07T13:00:00.052Z,2025-12-07 13:00:00.052000+00:00,6.75e-06,89487.71516,BTC-USD,dydx,DEX,False,0.0
BTC-USD,0.0000055,89085.55622,66475735,2025-12-07T14:00:00.351Z,2025-12-07 14:00:00.351000+00:00,5.5e-06,89085.55622,BTC-USD,dydx,DEX,False,0.0
BTC-USD,0.000003,88265.83374,66481383,2025-12-07T15:00:00.608Z,2025-12-07 15:00:00.608000+00:00,3e-06,88265.83374,BTC-USD,dydx,DEX,False,0.0
BTC-USD,0.000001875,89591.78408,66487094,2025-12-07T16:00:00.821Z,2025-12-07 16:00:00.821000+00:00,1.875e-06,89591.78408,BTC-USD,dydx,DEX,False,0.0
BTC-USD,0,89917.37366,66492823,2025-12-07T17:00:00.132Z,2025-12-07 17:00:00.132000+00:00,0.0,89917.37366,BTC-USD,dydx,DEX,False,0.0
BTC-USD,0.00000025,90970.034,66498497,2025-12-07T18:00:00.448Z,2025-12-07 18:00:00.448000+00:00,2.5e-07,90970.034,BTC-USD,dydx,DEX,False,0.0
BTC-USD,0.000000625,91384.63539,66504131,2025-12-07T19:00:00.148Z,2025-12-07 19:00:00.148000+00:00,6.25e-07,91384.63539,BTC-USD,dydx,DEX,False,0.0
BTC-USD,0.00000175,91441.4519,66509741,2025-12-07T20:00:00.381Z,2025-12-07 20:00:00.381000+00:00,1.75e-06,91441.4519,BTC-USD,dydx,DEX,False,0.0
BTC-USD,0.00000175,91481.43443,66515357,2025-12-07T21:00:00.437Z,2025-12-07 21:00:00.437000+00:00,1.75e-06,91481.43443,BTC-USD,dydx,DEX,False,0.0
BTC-USD,0.000000375,90246.59065,66520974,2025-12-07T22:00:00.051Z,2025-12-07 22:00:00.051000+00:00,3.75e-07,90246.59065,BTC-USD,dydx,DEX,False,0.0
BTC-USD,0.000000375,90246.59065,66520974,2025-12-07T22:00:00.051Z,2025-12-07 22:00:00.051000+00:00,3.75e-07,90246.59065,BTC-USD,dydx,DEX,False,0.0
BTC-USD,0.000002125,89635.62705,66526641,2025-12-07T23:00:00.185Z,2025-12-07 23:00:00.185000+00:00,2.125e-06,89635.62705,BTC-USD,dydx,DEX,False,0.0
BTC-USD,0.0000015,90460.46814,66532271,2025-12-08T00:00:00.032Z,2025-12-08 00:00:00.032000+00:00,1.5e-06,90460.46814,BTC-USD,dydx,DEX,False,0.0
BTC-USD,0.00000375,90399.82904,66537924,2025-12-08T01:00:00.022Z,2025-12-08 01:00:00.022000+00:00,3.75e-06,90399.82904,BTC-USD,dydx,DEX,False,0.0
BTC-USD,0.000005375,90912.68934,66543569,2025-12-08T02:00:00.600Z,2025-12-08 02:00:00.600000+00:00,5.375e-06,90912.68934,BTC-USD,dydx,DEX,False,0.0
BTC-USD,0.000011125,91386.35139,66549295,2025-12-08T03:00:00.278Z,2025-12-08 03:00:00.278000+00:00,1.1125e-05,91386.35139,BTC-USD,dydx,DEX,False,0.0
BTC-USD,0.0000055,91119.39387,66554972,2025-12-08T04:00:00.127Z,2025-12-08 04:00:00.127000+00:00,5.5e-06,91119.39387,BTC-USD,dydx,DEX,False,0.0
BTC-USD,0.000009625,91276.5453,66560685,2025-12-08T05:00:00.077Z,2025-12-08 05:00:00.077000+00:00,9.625e-06,91276.5453,BTC-USD,dydx,DEX,False,0.0
BTC-USD,0.000008375,91358.84836,66566398,2025-12-08T06:00:00.453Z,2025-12-08 06:00:00.453000+00:00,8.375e-06,91358.84836,BTC-USD,dydx,DEX,False,0.0
BTC-USD,0.00001,91465.1932,66572143,2025-12-08T07:00:00.232Z,2025-12-08 07:00:00.232000+00:00,1e-05,91465.1932,BTC-USD,dydx,DEX,False,0.0
BTC-USD,0.000012875,91547.30947,66577891,2025-12-08T08:00:00.456Z,2025-12-08 08:00:00.456000+00:00,1.2875e-05,91547.30947,BTC-USD,dydx,DEX,False,0.0
BTC-USD,0.000017125,91854.97099,66583635,2025-12-08T09:00:00.402Z,2025-12-08 09:00:00.402000+00:00,1.7125e-05,91854.97099,BTC-USD,dydx,DEX,False,0.0
BTC-USD,0.000007,91947.49667,66589310,2025-12-08T10:00:00.180Z,2025-12-08 10:00:00.180000+00:00,7e-06,91947.49667,BTC-USD,dydx,DEX,False,0.0
BTC-USD,0,92134.45,66594882,2025-12-08T11:00:00.238Z,2025-12-08 11:00:00.238000+00:00,0.0,92134.45,BTC-USD,dydx,DEX,False,0.0
BTC-USD,0.000007125,91999.89996,66600454,2025-12-08T12:00:00.477Z,2025-12-08 12:00:00.477000+00:00,7.125e-06,91999.89996,BTC-USD,dydx,DEX,False,0.0
BTC-USD,0.000000125,91813.83415,66606097,2025-12-08T13:00:00.114Z,2025-12-08 13:00:00.114000+00:00,1.25e-07,91813.83415,BTC-USD,dydx,DEX,False,0.0
BTC-USD,0.000000625,91459.59191,66611773,2025-12-08T14:00:00.112Z,2025-12-08 14:00:00.112000+00:00,6.25e-07,91459.59191,BTC-USD,dydx,DEX,False,0.0
BTC-USD,0.000000375,90860.48604,66617413,2025-12-08T15:00:00.586Z,2025-12-08 15:00:00.586000+00:00,3.75e-07,90860.48604,BTC-USD,dydx,DEX,False,0.0
BTC-USD,0.000002375,89993.8,66622979,2025-12-08T16:00:00.219Z,2025-12-08 16:00:00.219000+00:00,2.375e-06,89993.8,BTC-USD,dydx,DEX,False,0.0
BTC-USD,0.00000175,89972.31446,66628764,2025-12-08T17:00:00.679Z,2025-12-08 17:00:00.679000+00:00,1.75e-06,89972.31446,BTC-USD,dydx,DEX,False,0.0
BTC-USD,0.0000015,90259.5,66634755,2025-12-08T18:00:00.739Z,2025-12-08 18:00:00.739000+00:00,1.5e-06,90259.5,BTC-USD,dydx,DEX,False,0.0
BTC-USD,0.000001125,89925.00289,66640789,2025-12-08T19:00:00.318Z,2025-12-08 19:00:00.318000+00:00,1.125e-06,89925.00289,BTC-USD,dydx,DEX,False,0.0
BTC-USD,0.000000125,90105.031,66646693,2025-12-08T20:00:00.576Z,2025-12-08 20:00:00.576000+00:00,1.25e-07,90105.031,BTC-USD,dydx,DEX,False,0.0
BTC-USD,0.000000375,90798.25965,66652535,2025-12-08T21:00:00.428Z,2025-12-08 21:00:00.428000+00:00,3.75e-07,90798.25965,BTC-USD,dydx,DEX,False,0.0
BTC-USD,0,91364.30927,66658348,2025-12-08T22:00:00.589Z,2025-12-08 22:00:00.589000+00:00,0.0,91364.30927,BTC-USD,dydx,DEX,False,0.0
BTC-USD,-0.00000025,90860.15804,66664145,2025-12-08T23:00:00.086Z,2025-12-08 23:00:00.086000+00:00,-2.5e-07,90860.15804,BTC-USD,dydx,DEX,False,0.0
BTC-USD,-0.000000125,90652.99589,66669911,2025-12-09T00:00:00.729Z,2025-12-09 00:00:00.729000+00:00,-1.25e-07,90652.99589,BTC-USD,dydx,DEX,False,0.0
BTC-USD,0.00000025,90442.22871,66675617,2025-12-09T01:00:00.347Z,2025-12-09 01:00:00.347000+00:00,2.5e-07,90442.22871,BTC-USD,dydx,DEX,False,0.0
BTC-USD,0.000000125,90086.1925,66681259,2025-12-09T02:00:00.134Z,2025-12-09 02:00:00.134000+00:00,1.25e-07,90086.1925,BTC-USD,dydx,DEX,False,0.0
BTC-USD,0.000000875,90078.1602,66686993,2025-12-09T03:00:00.480Z,2025-12-09 03:00:00.480000+00:00,8.75e-07,90078.1602,BTC-USD,dydx,DEX,False,0.0
BTC-USD,-0.000000125,90427.52,66692692,2025-12-09T04:00:00.609Z,2025-12-09 04:00:00.609000+00:00,-1.25e-07,90427.52,BTC-USD,dydx,DEX,False,0.0
BTC-USD,0.00000025,89927.82615,66698371,2025-12-09T05:00:00.629Z,2025-12-09 05:00:00.629000+00:00,2.5e-07,89927.82615,BTC-USD,dydx,DEX,False,0.0
BTC-USD,0.000000125,89933.6801,66704047,2025-12-09T06:00:00.035Z,2025-12-09 06:00:00.035000+00:00,1.25e-07,89933.6801,BTC-USD,dydx,DEX,False,0.0
BTC-USD,0.000000625,90160.6108,66709810,2025-12-09T07:00:00.326Z,2025-12-09 07:00:00.326000+00:00,6.25e-07,90160.6108,BTC-USD,dydx,DEX,False,0.0
BTC-USD,0.000001125,90492.61,66715484,2025-12-09T08:00:00.026Z,2025-12-09 08:00:00.026000+00:00,1.125e-06,90492.61,BTC-USD,dydx,DEX,False,0.0
BTC-USD,0.000000625,90521.60432,66721177,2025-12-09T09:00:00.428Z,2025-12-09 09:00:00.428000+00:00,6.25e-07,90521.60432,BTC-USD,dydx,DEX,False,0.0
BTC-USD,0.0000055,90163.88984,66726865,2025-12-09T10:00:00.825Z,2025-12-09 10:00:00.825000+00:00,5.5e-06,90163.88984,BTC-USD,dydx,DEX,False,0.0
BTC-USD,0.00000325,90290.85817,66732586,2025-12-09T11:00:00.341Z,2025-12-09 11:00:00.341000+00:00,3.25e-06,90290.85817,BTC-USD,dydx,DEX,False,0.0
BTC-USD,0.00000075,90396.56931,66738250,2025-12-09T12:00:00.343Z,2025-12-09 12:00:00.343000+00:00,7.5e-07,90396.56931,BTC-USD,dydx,DEX,False,0.0
BTC-USD,0.000021875,90587.04412,66743910,2025-12-09T13:00:00.267Z,2025-12-09 13:00:00.267000+00:00,2.1875e-05,90587.04412,BTC-USD,dydx,DEX,False,0.0
BTC-USD,0.00001625,90426.68533,66749536,2025-12-09T14:00:00.252Z,2025-12-09 14:00:00.252000+00:00,1.625e-05,90426.68533,BTC-USD,dydx,DEX,False,0.0
BTC-USD,0.00000875,90374.87497,66755270,2025-12-09T15:00:00.569Z,2025-12-09 15:00:00.569000+00:00,8.75e-06,90374.87497,BTC-USD,dydx,DEX,False,0.0
BTC-USD,0.00001325,92677.40774,66760765,2025-12-09T16:00:00.296Z,2025-12-09 16:00:00.296000+00:00,1.325e-05,92677.40774,BTC-USD,dydx,DEX,False,0.0
BTC-USD,0.00000025,94207.64861,66766196,2025-12-09T17:00:00.599Z,2025-12-09 17:00:00.599000+00:00,2.5e-07,94207.64861,BTC-USD,dydx,DEX,False,0.0
BTC-USD,-0.0000085,93932.70654,66771672,2025-12-09T18:00:00.413Z,2025-12-09 18:00:00.413000+00:00,-8.5e-06,93932.70654,BTC-USD,dydx,DEX,False,0.0
BTC-USD,-0.00001175,93944.48889,66777192,2025-12-09T19:00:00.591Z,2025-12-09 19:00:00.591000+00:00,-1.175e-05,93944.48889,BTC-USD,dydx,DEX,False,0.0
BTC-USD,-0.0000145,93811.59,66782717,2025-12-09T20:00:00.111Z,2025-12-09 20:00:00.111000+00:00,-1.45e-05,93811.59,BTC-USD,dydx,DEX,False,0.0
BTC-USD,-0.000003125,93138.14144,66788311,2025-12-09T21:00:00.039Z,2025-12-09 21:00:00.039000+00:00,-3.125e-06,93138.14144,BTC-USD,dydx,DEX,False,0.0
BTC-USD,0.000005375,92672.13447,66793894,2025-12-09T22:00:00.586Z,2025-12-09 22:00:00.586000+00:00,5.375e-06,92672.13447,BTC-USD,dydx,DEX,False,0.0
BTC-USD,0.000009875,92907.59075,66799568,2025-12-09T23:00:00.148Z,2025-12-09 23:00:00.148000+00:00,9.875e-06,92907.59075,BTC-USD,dydx,DEX,False,0.0
BTC-USD,0.000012125,92710.35983,66805193,2025-12-10T00:00:00.237Z,2025-12-10 00:00:00.237000+00:00,1.2125e-05,92710.35983,BTC-USD,dydx,DEX,False,0.0
BTC-USD,0.000013375,92173.09792,66810782,2025-12-10T01:00:00.121Z,2025-12-10 01:00:00.121000+00:00,1.3375e-05,92173.09792,BTC-USD,dydx,DEX,False,0.0
BTC-USD,0.000017625,92366.07321,66816325,2025-12-10T02:00:00.446Z,2025-12-10 02:00:00.446000+00:00,1.7625e-05,92366.07321,BTC-USD,dydx,DEX,False,0.0
BTC-USD,0.000022,92496.48964,66821855,2025-12-10T03:00:00.580Z,2025-12-10 03:00:00.580000+00:00,2.2e-05,92496.48964,BTC-USD,dydx,DEX,False,0.0
BTC-USD,0.000020625,92426.94176,66827369,2025-12-10T04:00:00.602Z,2025-12-10 04:00:00.602000+00:00,2.0625e-05,92426.94176,BTC-USD,dydx,DEX,False,0.0
BTC-USD,0.000020625,92574.93,66832936,2025-12-10T05:00:00.614Z,2025-12-10 05:00:00.614000+00:00,2.0625e-05,92574.93,BTC-USD,dydx,DEX,False,0.0
BTC-USD,0.000019,92589.26892,66838530,2025-12-10T06:00:00.250Z,2025-12-10 06:00:00.250000+00:00,1.9e-05,92589.26892,BTC-USD,dydx,DEX,False,0.0
BTC-USD,0.000020375,92708.6352,66844198,2025-12-10T07:00:00.045Z,2025-12-10 07:00:00.045000+00:00,2.0375e-05,92708.6352,BTC-USD,dydx,DEX,False,0.0
BTC-USD,0.00001875,92797.31946,66849800,2025-12-10T08:00:00.606Z,2025-12-10 08:00:00.606000+00:00,1.875e-05,92797.31946,BTC-USD,dydx,DEX,False,0.0
BTC-USD,0.0000235,92614.28665,66855453,2025-12-10T09:00:00.253Z,2025-12-10 09:00:00.253000+00:00,2.35e-05,92614.28665,BTC-USD,dydx,DEX,False,0.0
BTC-USD,0.000023375,92929.29292,66861049,2025-12-10T10:00:00.174Z,2025-12-10 10:00:00.174000+00:00,2.3375e-05,92929.29292,BTC-USD,dydx,DEX,False,0.0
BTC-USD,0.000018375,92299.15983,66866643,2025-12-10T11:00:00.343Z,2025-12-10 11:00:00.343000+00:00,1.8375e-05,92299.15983,BTC-USD,dydx,DEX,False,0.0
BTC-USD,0.000013125,92143.23824,66872243,2025-12-10T12:00:00.397Z,2025-12-10 12:00:00.397000+00:00,1.3125e-05,92143.23824,BTC-USD,dydx,DEX,False,0.0
BTC-USD,0.00001525,92045.46909,66877837,2025-12-10T13:00:00.564Z,2025-12-10 13:00:00.564000+00:00,1.525e-05,92045.46909,BTC-USD,dydx,DEX,False,0.0
BTC-USD,0.0000125,92086.20862,66883387,2025-12-10T14:00:00.110Z,2025-12-10 14:00:00.110000+00:00,1.25e-05,92086.20862,BTC-USD,dydx,DEX,False,0.0
BTC-USD,0.0000085,91823.29233,66889077,2025-12-10T15:00:00.247Z,2025-12-10 15:00:00.247000+00:00,8.5e-06,91823.29233,BTC-USD,dydx,DEX,False,0.0
BTC-USD,-0.0000005,92054.0108,66894601,2025-12-10T16:00:00.344Z,2025-12-10 16:00:00.344000+00:00,-5e-07,92054.0108,BTC-USD,dydx,DEX,False,0.0
BTC-USD,0.000005375,92187.06732,66900117,2025-12-10T17:00:00.328Z,2025-12-10 17:00:00.328000+00:00,5.375e-06,92187.06732,BTC-USD,dydx,DEX,False,0.0
BTC-USD,0.00001225,92409.23184,66905617,2025-12-10T18:00:00.128Z,2025-12-10 18:00:00.128000+00:00,1.225e-05,92409.23184,BTC-USD,dydx,DEX,False,0.0
BTC-USD,-0.0000195,92524.99,66911137,2025-12-10T19:00:00.515Z,2025-12-10 19:00:00.515000+00:00,-1.95e-05,92524.99,BTC-USD,dydx,DEX,False,0.0
BTC-USD,-0.000019125,92936.98109,66916397,2025-12-10T20:00:00.646Z,2025-12-10 20:00:00.646000+00:00,-1.9125e-05,92936.98109,BTC-USD,dydx,DEX,False,0.0
BTC-USD,-0.000019875,92491.04641,66921788,2025-12-10T21:00:00.175Z,2025-12-10 21:00:00.175000+00:00,-1.9875e-05,92491.04641,BTC-USD,dydx,DEX,False,0.0
BTC-USD,-0.000016625,92382.96,66927278,2025-12-10T22:00:00.396Z,2025-12-10 22:00:00.396000+00:00,-1.6625e-05,92382.96,BTC-USD,dydx,DEX,False,0.0
BTC-USD,-0.000018125,92550.04501,66932824,2025-12-10T23:00:00.479Z,2025-12-10 23:00:00.479000+00:00,-1.8125e-05,92550.04501,BTC-USD,dydx,DEX,False,0.0
BTC-USD,-0.00001725,92042.41272,66938343,2025-12-11T00:00:00.099Z,2025-12-11 00:00:00.099000+00:00,-1.725e-05,92042.41272,BTC-USD,dydx,DEX,False,0.0
BTC-USD,-0.000013875,91420.016,66943789,2025-12-11T01:00:00.452Z,2025-12-11 01:00:00.452000+00:00,-1.3875e-05,91420.016,BTC-USD,dydx,DEX,False,0.0
BTC-USD,-0.00000175,90714.77932,66949258,2025-12-11T02:00:00.114Z,2025-12-11 02:00:00.114000+00:00,-1.75e-06,90714.77932,BTC-USD,dydx,DEX,False,0.0
BTC-USD,0.000001875,90072.99919,66954738,2025-12-11T03:00:00.268Z,2025-12-11 03:00:00.268000+00:00,1.875e-06,90072.99919,BTC-USD,dydx,DEX,False,0.0
BTC-USD,0.000009375,89884.88395,66960153,2025-12-11T04:00:00.354Z,2025-12-11 04:00:00.354000+00:00,9.375e-06,89884.88395,BTC-USD,dydx,DEX,False,0.0
BTC-USD,0.000011875,90436.92965,66965677,2025-12-11T05:00:00.232Z,2025-12-11 05:00:00.232000+00:00,1.1875e-05,90436.92965,BTC-USD,dydx,DEX,False,0.0
BTC-USD,0.00000875,90298.5197,66971179,2025-12-11T06:00:00.243Z,2025-12-11 06:00:00.243000+00:00,8.75e-06,90298.5197,BTC-USD,dydx,DEX,False,0.0
BTC-USD,0.000008125,90325.99,66976667,2025-12-11T07:00:00.071Z,2025-12-11 07:00:00.071000+00:00,8.125e-06,90325.99,BTC-USD,dydx,DEX,False,0.0
BTC-USD,0.0000075,90275.43036,66982168,2025-12-11T08:00:00.395Z,2025-12-11 08:00:00.395000+00:00,7.5e-06,90275.43036,BTC-USD,dydx,DEX,False,0.0
BTC-USD,0.0000025,90192,66987546,2025-12-11T09:00:00.611Z,2025-12-11 09:00:00.611000+00:00,2.5e-06,90192.0,BTC-USD,dydx,DEX,False,0.0
BTC-USD,-0.0000025,90215.51973,66992950,2025-12-11T10:00:00.537Z,2025-12-11 10:00:00.537000+00:00,-2.5e-06,90215.51973,BTC-USD,dydx,DEX,False,0.0
BTC-USD,-0.00000775,90364.60938,66998405,2025-12-11T11:00:00.030Z,2025-12-11 11:00:00.030000+00:00,-7.75e-06,90364.60938,BTC-USD,dydx,DEX,False,0.0
BTC-USD,-0.00000975,90266.07982,67003890,2025-12-11T12:00:00.287Z,2025-12-11 12:00:00.287000+00:00,-9.75e-06,90266.07982,BTC-USD,dydx,DEX,False,0.0
BTC-USD,-0.00000425,90060.51815,67009388,2025-12-11T13:00:00.112Z,2025-12-11 13:00:00.112000+00:00,-4.25e-06,90060.51815,BTC-USD,dydx,DEX,False,0.0
BTC-USD,-0.000009,90106.65133,67014845,2025-12-11T14:00:00.244Z,2025-12-11 14:00:00.244000+00:00,-9e-06,90106.65133,BTC-USD,dydx,DEX,False,0.0
BTC-USD,0.000003625,89611.0222,67020430,2025-12-11T15:00:00.560Z,2025-12-11 15:00:00.560000+00:00,3.625e-06,89611.0222,BTC-USD,dydx,DEX,False,0.0
BTC-USD,0.000010375,89909.47284,67025874,2025-12-11T16:00:00.135Z,2025-12-11 16:00:00.135000+00:00,1.0375e-05,89909.47284,BTC-USD,dydx,DEX,False,0.0
BTC-USD,0.000006,89753.69073,67031432,2025-12-11T17:00:00.461Z,2025-12-11 17:00:00.461000+00:00,6e-06,89753.69073,BTC-USD,dydx,DEX,False,0.0
BTC-USD,0.000014,90007.10142,67036957,2025-12-11T18:00:00.180Z,2025-12-11 18:00:00.180000+00:00,1.4e-05,90007.10142,BTC-USD,dydx,DEX,False,0.0
BTC-USD,0.0000135,90702.62,67042471,2025-12-11T19:00:00.050Z,2025-12-11 19:00:00.050000+00:00,1.35e-05,90702.62,BTC-USD,dydx,DEX,False,0.0
BTC-USD,0.0000125,90877.86335,67047987,2025-12-11T20:00:00.519Z,2025-12-11 20:00:00.519000+00:00,1.25e-05,90877.86335,BTC-USD,dydx,DEX,False,0.0
BTC-USD,0.000009375,91818.66389,67053562,2025-12-11T21:00:00.409Z,2025-12-11 21:00:00.409000+00:00,9.375e-06,91818.66389,BTC-USD,dydx,DEX,False,0.0
BTC-USD,0.000011125,92902.27068,67059038,2025-12-11T22:00:00.132Z,2025-12-11 22:00:00.132000+00:00,1.1125e-05,92902.27068,BTC-USD,dydx,DEX,False,0.0
BTC-USD,0.000011875,92378,67064514,2025-12-11T23:00:00.599Z,2025-12-11 23:00:00.599000+00:00,1.1875e-05,92378.0,BTC-USD,dydx,DEX,False,0.0
BTC-USD,0.000016375,92542,67069967,2025-12-12T00:00:00.050Z,2025-12-12 00:00:00.050000+00:00,1.6375e-05,92542.0,BTC-USD,dydx,DEX,False,0.0
BTC-USD,0.00001175,91590.3571,67075442,2025-12-12T01:00:00.510Z,2025-12-12 01:00:00.510000+00:00,1.175e-05,91590.3571,BTC-USD,dydx,DEX,False,0.0
BTC-USD,0.00001175,91590.3571,67075442,2025-12-12T01:00:00.510Z,2025-12-12 01:00:00.510000+00:00,1.175e-05,91590.3571,BTC-USD,dydx,DEX,False,0.0
BTC-USD,0.00002475,92204.68187,67080944,2025-12-12T02:00:00.169Z,2025-12-12 02:00:00.169000+00:00,2.475e-05,92204.68187,BTC-USD,dydx,DEX,False,0.0
BTC-USD,0.000038125,92593.27,67086468,2025-12-12T03:00:00.325Z,2025-12-12 03:00:00.325000+00:00,3.8125e-05,92593.27,BTC-USD,dydx,DEX,False,0.0
BTC-USD,0.000036375,92336,67091968,2025-12-12T04:00:00.373Z,2025-12-12 04:00:00.373000+00:00,3.6375e-05,92336.0,BTC-USD,dydx,DEX,False,0.0
BTC-USD,0.000036375,92373.22464,67097433,2025-12-12T05:00:00.512Z,2025-12-12 05:00:00.512000+00:00,3.6375e-05,92373.22464,BTC-USD,dydx,DEX,False,0.0
BTC-USD,0.0000375,92467.99359,67102915,2025-12-12T06:00:00.151Z,2025-12-12 06:00:00.151000+00:00,3.75e-05,92467.99359,BTC-USD,dydx,DEX,False,0.0
BTC-USD,0.000035375,92548.97263,67108465,2025-12-12T07:00:00.216Z,2025-12-12 07:00:00.216000+00:00,3.5375e-05,92548.97263,BTC-USD,dydx,DEX,False,0.0
BTC-USD,0.000029,92451.67322,67113932,2025-12-12T08:00:00.402Z,2025-12-12 08:00:00.402000+00:00,2.9e-05,92451.67322,BTC-USD,dydx,DEX,False,0.0
BTC-USD,0.000021,92293.25865,67119347,2025-12-12T09:00:00.552Z,2025-12-12 09:00:00.552000+00:00,2.1e-05,92293.25865,BTC-USD,dydx,DEX,False,0.0
BTC-USD,0.000017625,92536.10722,67124783,2025-12-12T10:00:00.328Z,2025-12-12 10:00:00.328000+00:00,1.7625e-05,92536.10722,BTC-USD,dydx,DEX,False,0.0
BTC-USD,0.000016,92519.30386,67130245,2025-12-12T11:00:00.079Z,2025-12-12 11:00:00.079000+00:00,1.6e-05,92519.30386,BTC-USD,dydx,DEX,False,0.0
BTC-USD,0.000015125,92435.01526,67135690,2025-12-12T12:00:00.214Z,2025-12-12 12:00:00.214000+00:00,1.5125e-05,92435.01526,BTC-USD,dydx,DEX,False,0.0
BTC-USD,0.00001325,92418.12543,67141083,2025-12-12T13:00:00.145Z,2025-12-12 13:00:00.145000+00:00,1.325e-05,92418.12543,BTC-USD,dydx,DEX,False,0.0
BTC-USD,0.000007875,92325.5451,67146462,2025-12-12T14:00:00.548Z,2025-12-12 14:00:00.548000+00:00,7.875e-06,92325.5451,BTC-USD,dydx,DEX,False,0.0
BTC-USD,0.000004,92489.30786,67151966,2025-12-12T15:00:00.439Z,2025-12-12 15:00:00.439000+00:00,4e-06,92489.30786,BTC-USD,dydx,DEX,False,0.0
BTC-USD,0.00001225,89937.98766,67157366,2025-12-12T16:00:00.586Z,2025-12-12 16:00:00.586000+00:00,1.225e-05,89937.98766,BTC-USD,dydx,DEX,False,0.0
BTC-USD,0.000021125,90054.5109,67162782,2025-12-12T17:00:00.011Z,2025-12-12 17:00:00.011000+00:00,2.1125e-05,90054.5109,BTC-USD,dydx,DEX,False,0.0
BTC-USD,0.000002625,90092.83713,67168159,2025-12-12T18:00:00.603Z,2025-12-12 18:00:00.603000+00:00,2.625e-06,90092.83713,BTC-USD,dydx,DEX,False,0.0
BTC-USD,-0.000019125,90397.90103,67173717,2025-12-12T19:00:00.609Z,2025-12-12 19:00:00.609000+00:00,-1.9125e-05,90397.90103,BTC-USD,dydx,DEX,False,0.0
BTC-USD,-0.000035875,90220.61405,67179207,2025-12-12T20:00:00.254Z,2025-12-12 20:00:00.254000+00:00,-3.5875e-05,90220.61405,BTC-USD,dydx,DEX,False,0.0
BTC-USD,-0.000028875,90226.93,67184832,2025-12-12T21:00:00.411Z,2025-12-12 21:00:00.411000+00:00,-2.8875e-05,90226.93,BTC-USD,dydx,DEX,False,0.0
BTC-USD,-0.000031625,90225.78515,67190397,2025-12-12T22:00:00.011Z,2025-12-12 22:00:00.011000+00:00,-3.1625e-05,90225.78515,BTC-USD,dydx,DEX,False,0.0
BTC-USD,-0.000019375,90354.16216,67195994,2025-12-12T23:00:00.058Z,2025-12-12 23:00:00.058000+00:00,-1.9375e-05,90354.16216,BTC-USD,dydx,DEX,False,0.0
BTC-USD,-0.000019875,90253.01129,67201649,2025-12-13T00:00:00.928Z,2025-12-13 00:00:00.928000+00:00,-1.9875e-05,90253.01129,BTC-USD,dydx,DEX,False,0.0
BTC-USD,-0.00001225,90339.83948,67207272,2025-12-13T01:00:00.300Z,2025-12-13 01:00:00.300000+00:00,-1.225e-05,90339.83948,BTC-USD,dydx,DEX,False,0.0
BTC-USD,-0.000012375,90248.21446,67212806,2025-12-13T02:00:00.532Z,2025-12-13 02:00:00.532000+00:00,-1.2375e-05,90248.21446,BTC-USD,dydx,DEX,False,0.0
BTC-USD,-0.0000125,90247.12942,67218399,2025-12-13T03:00:00.393Z,2025-12-13 03:00:00.393000+00:00,-1.25e-05,90247.12942,BTC-USD,dydx,DEX,False,0.0
BTC-USD,-0.00001225,90350.64012,67223963,2025-12-13T04:00:00.248Z,2025-12-13 04:00:00.248000+00:00,-1.225e-05,90350.64012,BTC-USD,dydx,DEX,False,0.0
BTC-USD,-0.000016125,90393.41802,67229515,2025-12-13T05:00:00.591Z,2025-12-13 05:00:00.591000+00:00,-1.6125e-05,90393.41802,BTC-USD,dydx,DEX,False,0.0
BTC-USD,-0.00001475,90340.96762,67235025,2025-12-13T06:00:00.536Z,2025-12-13 06:00:00.536000+00:00,-1.475e-05,90340.96762,BTC-USD,dydx,DEX,False,0.0
BTC-USD,-0.000011625,90390.07801,67240590,2025-12-13T07:00:00.529Z,2025-12-13 07:00:00.529000+00:00,-1.1625e-05,90390.07801,BTC-USD,dydx,DEX,False,0.0
BTC-USD,-0.000010875,90390.07801,67246141,2025-12-13T08:00:00.223Z,2025-12-13 08:00:00.223000+00:00,-1.0875e-05,90390.07801,BTC-USD,dydx,DEX,False,0.0
BTC-USD,-0.00000625,90430.09863,67251601,2025-12-13T09:00:00.295Z,2025-12-13 09:00:00.295000+00:00,-6.25e-06,90430.09863,BTC-USD,dydx,DEX,False,0.0
BTC-USD,-0.000008625,90442.44848,67257031,2025-12-13T10:00:00.586Z,2025-12-13 10:00:00.586000+00:00,-8.625e-06,90442.44848,BTC-USD,dydx,DEX,False,0.0
BTC-USD,-0.000007875,90619.08572,67262548,2025-12-13T11:00:00.555Z,2025-12-13 11:00:00.555000+00:00,-7.875e-06,90619.08572,BTC-USD,dydx,DEX,False,0.0
BTC-USD,-0.000008,90391.88325,67268123,2025-12-13T12:00:00.016Z,2025-12-13 12:00:00.016000+00:00,-8e-06,90391.88325,BTC-USD,dydx,DEX,False,0.0
BTC-USD,-0.000005625,90366.0198,67273695,2025-12-13T13:00:00.791Z,2025-12-13 13:00:00.791000+00:00,-5.625e-06,90366.0198,BTC-USD,dydx,DEX,False,0.0
BTC-USD,-0.00000375,90273.08192,67279249,2025-12-13T14:00:00.651Z,2025-12-13 14:00:00.651000+00:00,-3.75e-06,90273.08192,BTC-USD,dydx,DEX,False,0.0
BTC-USD,-0.000001625,90133.44686,67284840,2025-12-13T15:00:00.092Z,2025-12-13 15:00:00.092000+00:00,-1.625e-06,90133.44686,BTC-USD,dydx,DEX,False,0.0
BTC-USD,-0.000000625,90110.61249,67290378,2025-12-13T16:00:00.411Z,2025-12-13 16:00:00.411000+00:00,-6.25e-07,90110.61249,BTC-USD,dydx,DEX,False,0.0
BTC-USD,-0.00000025,90151.48535,67295962,2025-12-13T17:00:00.178Z,2025-12-13 17:00:00.178000+00:00,-2.5e-07,90151.48535,BTC-USD,dydx,DEX,False,0.0
BTC-USD,-0.00000075,90068.0204,67301529,2025-12-13T18:00:00.093Z,2025-12-13 18:00:00.093000+00:00,-7.5e-07,90068.0204,BTC-USD,dydx,DEX,False,0.0
BTC-USD,-0.000000875,90159.63541,67307130,2025-12-13T19:00:00.427Z,2025-12-13 19:00:00.427000+00:00,-8.75e-07,90159.63541,BTC-USD,dydx,DEX,False,0.0
BTC-USD,0,90215.38615,67312776,2025-12-13T20:00:00.228Z,2025-12-13 20:00:00.228000+00:00,0.0,90215.38615,BTC-USD,dydx,DEX,False,0.0
BTC-USD,-0.000001,90107.63228,67318462,2025-12-13T21:00:00.080Z,2025-12-13 21:00:00.080000+00:00,-1e-06,90107.63228,BTC-USD,dydx,DEX,False,0.0
BTC-USD,-0.0000005,90193.20124,67324126,2025-12-13T22:00:00.463Z,2025-12-13 22:00:00.463000+00:00,-5e-07,90193.20124,BTC-USD,dydx,DEX,False,0.0
BTC-USD,0,90132.23564,67329804,2025-12-13T23:00:00.403Z,2025-12-13 23:00:00.403000+00:00,0.0,90132.23564,BTC-USD,dydx,DEX,False,0.0
BTC-USD,-0.00000175,90284.6854,67335444,2025-12-14T00:00:00.497Z,2025-12-14 00:00:00.497000+00:00,-1.75e-06,90284.6854,BTC-USD,dydx,DEX,False,0.0
BTC-USD,-0.00000175,90364.80944,67341191,2025-12-14T01:00:00.542Z,2025-12-14 01:00:00.542000+00:00,-1.75e-06,90364.80944,BTC-USD,dydx,DEX,False,0.0
BTC-USD,-0.000003625,90300.53021,67347088,2025-12-14T02:00:00.348Z,2025-12-14 02:00:00.348000+00:00,-3.625e-06,90300.53021,BTC-USD,dydx,DEX,False,0.0
BTC-USD,-0.00000475,90291.34862,67352868,2025-12-14T03:00:00.526Z,2025-12-14 03:00:00.526000+00:00,-4.75e-06,90291.34862,BTC-USD,dydx,DEX,False,0.0
BTC-USD,-0.000010125,90277.48324,67358536,2025-12-14T04:00:00.291Z,2025-12-14 04:00:00.291000+00:00,-1.0125e-05,90277.48324,BTC-USD,dydx,DEX,False,0.0
BTC-USD,-0.000002375,90217.26517,67364249,2025-12-14T05:00:00.617Z,2025-12-14 05:00:00.617000+00:00,-2.375e-06,90217.26517,BTC-USD,dydx,DEX,False,0.0
BTC-USD,-0.000002,90236.70161,67369899,2025-12-14T06:00:00.308Z,2025-12-14 06:00:00.308000+00:00,-2e-06,90236.70161,BTC-USD,dydx,DEX,False,0.0
BTC-USD,-0.000001625,90193.05791,67375579,2025-12-14T07:00:00.195Z,2025-12-14 07:00:00.195000+00:00,-1.625e-06,90193.05791,BTC-USD,dydx,DEX,False,0.0
BTC-USD,-0.000000125,90259.77793,67381178,2025-12-14T08:00:00.739Z,2025-12-14 08:00:00.739000+00:00,-1.25e-07,90259.77793,BTC-USD,dydx,DEX,False,0.0
BTC-USD,-0.000001,90166.71076,67386642,2025-12-14T09:00:00.021Z,2025-12-14 09:00:00.021000+00:00,-1e-06,90166.71076,BTC-USD,dydx,DEX,False,0.0
BTC-USD,-0.000000625,90055.73,67392198,2025-12-14T10:00:00.120Z,2025-12-14 10:00:00.120000+00:00,-6.25e-07,90055.73,BTC-USD,dydx,DEX,False,0.0
BTC-USD,-0.0000005,89873.63178,67397842,2025-12-14T11:00:00.427Z,2025-12-14 11:00:00.427000+00:00,-5e-07,89873.63178,BTC-USD,dydx,DEX,False,0.0
BTC-USD,-0.00000275,89385.01556,67403475,2025-12-14T12:00:00.146Z,2025-12-14 12:00:00.146000+00:00,-2.75e-06,89385.01556,BTC-USD,dydx,DEX,False,0.0
BTC-USD,-0.0000025,89429.72186,67409054,2025-12-14T13:00:00.418Z,2025-12-14 13:00:00.418000+00:00,-2.5e-06,89429.72186,BTC-USD,dydx,DEX,False,0.0
BTC-USD,-0.000004,89502.55085,67414614,2025-12-14T14:00:00.439Z,2025-12-14 14:00:00.439000+00:00,-4e-06,89502.55085,BTC-USD,dydx,DEX,False,0.0
BTC-USD,-0.000004625,89107.76155,67420214,2025-12-14T15:00:00.452Z,2025-12-14 15:00:00.452000+00:00,-4.625e-06,89107.76155,BTC-USD,dydx,DEX,False,0.0
BTC-USD,-0.000001125,89056.31689,67425813,2025-12-14T16:00:00.532Z,2025-12-14 16:00:00.532000+00:00,-1.125e-06,89056.31689,BTC-USD,dydx,DEX,False,0.0
BTC-USD,-0.000000875,88872.71,67431441,2025-12-14T17:00:00.389Z,2025-12-14 17:00:00.389000+00:00,-8.75e-07,88872.71,BTC-USD,dydx,DEX,False,0.0
BTC-USD,-0.000001375,88817.77355,67437002,2025-12-14T18:00:00.355Z,2025-12-14 18:00:00.355000+00:00,-1.375e-06,88817.77355,BTC-USD,dydx,DEX,False,0.0
BTC-USD,-0.00000075,89034.71041,67442528,2025-12-14T19:00:00.066Z,2025-12-14 19:00:00.066000+00:00,-7.5e-07,89034.71041,BTC-USD,dydx,DEX,False,0.0
BTC-USD,-0.00000375,88675.13312,67448011,2025-12-14T20:00:00.528Z,2025-12-14 20:00:00.528000+00:00,-3.75e-06,88675.13312,BTC-USD,dydx,DEX,False,0.0
BTC-USD,-0.0000045,88605.24252,67453539,2025-12-14T21:00:00.577Z,2025-12-14 21:00:00.577000+00:00,-4.5e-06,88605.24252,BTC-USD,dydx,DEX,False,0.0
BTC-USD,-0.0000035,88498.16,67459012,2025-12-14T22:00:00.484Z,2025-12-14 22:00:00.484000+00:00,-3.5e-06,88498.16,BTC-USD,dydx,DEX,False,0.0
BTC-USD,-0.000001,88425.393,67464524,2025-12-14T23:00:00.307Z,2025-12-14 23:00:00.307000+00:00,-1e-06,88425.393,BTC-USD,dydx,DEX,False,0.0
BTC-USD,-0.000002625,88148.03899,67469967,2025-12-15T00:00:00.697Z,2025-12-15 00:00:00.697000+00:00,-2.625e-06,88148.03899,BTC-USD,dydx,DEX,False,0.0
BTC-USD,0.00000025,88467.08466,67475470,2025-12-15T01:00:00.394Z,2025-12-15 01:00:00.394000+00:00,2.5e-07,88467.08466,BTC-USD,dydx,DEX,False,0.0
BTC-USD,0.00000125,89284.94548,67480955,2025-12-15T02:00:00.154Z,2025-12-15 02:00:00.154000+00:00,1.25e-06,89284.94548,BTC-USD,dydx,DEX,False,0.0
BTC-USD,0.0000005,89332.16643,67486447,2025-12-15T03:00:00.523Z,2025-12-15 03:00:00.523000+00:00,5e-07,89332.16643,BTC-USD,dydx,DEX,False,0.0
BTC-USD,0.000000625,89296.96009,67491894,2025-12-15T04:00:00.316Z,2025-12-15 04:00:00.316000+00:00,6.25e-07,89296.96009,BTC-USD,dydx,DEX,False,0.0
BTC-USD,0.000001625,89692.21847,67497401,2025-12-15T05:00:00.345Z,2025-12-15 05:00:00.345000+00:00,1.625e-06,89692.21847,BTC-USD,dydx,DEX,False,0.0
BTC-USD,0.000001625,89606.87137,67502895,2025-12-15T06:00:00.100Z,2025-12-15 06:00:00.100000+00:00,1.625e-06,89606.87137,BTC-USD,dydx,DEX,False,0.0
BTC-USD,0.00000025,89777.66776,67508392,2025-12-15T07:00:00.179Z,2025-12-15 07:00:00.179000+00:00,2.5e-07,89777.66776,BTC-USD,dydx,DEX,False,0.0
BTC-USD,-0.000000375,89787.0787,67513879,2025-12-15T08:00:00.385Z,2025-12-15 08:00:00.385000+00:00,-3.75e-07,89787.0787,BTC-USD,dydx,DEX,False,0.0
BTC-USD,0,89800.16001,67519265,2025-12-15T09:00:00.404Z,2025-12-15 09:00:00.404000+00:00,0.0,89800.16001,BTC-USD,dydx,DEX,False,0.0
BTC-USD,-0.0000005,89864.59928,67524611,2025-12-15T10:00:00.131Z,2025-12-15 10:00:00.131000+00:00,-5e-07,89864.59928,BTC-USD,dydx,DEX,False,0.0
BTC-USD,-0.000001125,89863.0963,67530048,2025-12-15T11:00:00.382Z,2025-12-15 11:00:00.382000+00:00,-1.125e-06,89863.0963,BTC-USD,dydx,DEX,False,0.0
BTC-USD,-0.000000625,89663.2583,67535468,2025-12-15T12:00:00.177Z,2025-12-15 12:00:00.177000+00:00,-6.25e-07,89663.2583,BTC-USD,dydx,DEX,False,0.0
BTC-USD,-0.000002875,89710.9,67541121,2025-12-15T13:00:00.127Z,2025-12-15 13:00:00.127000+00:00,-2.875e-06,89710.9,BTC-USD,dydx,DEX,False,0.0
BTC-USD,-0.000004,89454.66688,67546829,2025-12-15T14:00:00.399Z,2025-12-15 14:00:00.399000+00:00,-4e-06,89454.66688,BTC-USD,dydx,DEX,False,0.0
BTC-USD,-0.00000825,88060.428,67552366,2025-12-15T15:00:00.500Z,2025-12-15 15:00:00.500000+00:00,-8.25e-06,88060.428,BTC-USD,dydx,DEX,False,0.0
BTC-USD,0.000002375,87041.6477,67557578,2025-12-15T16:00:00.374Z,2025-12-15 16:00:00.374000+00:00,2.375e-06,87041.6477,BTC-USD,dydx,DEX,False,0.0
BTC-USD,-0.000000125,86423.0423,67562905,2025-12-15T17:00:00.244Z,2025-12-15 17:00:00.244000+00:00,-1.25e-07,86423.0423,BTC-USD,dydx,DEX,False,0.0
BTC-USD,0.000010125,85767.26672,67568249,2025-12-15T18:00:00.544Z,2025-12-15 18:00:00.544000+00:00,1.0125e-05,85767.26672,BTC-USD,dydx,DEX,False,0.0
BTC-USD,0.00002675,86223.67236,67573567,2025-12-15T19:00:00.892Z,2025-12-15 19:00:00.892000+00:00,2.675e-05,86223.67236,BTC-USD,dydx,DEX,False,0.0
BTC-USD,0.000019375,86189.17104,67578855,2025-12-15T20:00:00.472Z,2025-12-15 20:00:00.472000+00:00,1.9375e-05,86189.17104,BTC-USD,dydx,DEX,False,0.0
BTC-USD,0.0000245,85799.36338,67584161,2025-12-15T21:00:00.575Z,2025-12-15 21:00:00.575000+00:00,2.45e-05,85799.36338,BTC-USD,dydx,DEX,False,0.0
BTC-USD,0.0000225,86226.3111,67589518,2025-12-15T22:00:00.511Z,2025-12-15 22:00:00.511000+00:00,2.25e-05,86226.3111,BTC-USD,dydx,DEX,False,0.0
BTC-USD,0.000019625,86234.95046,67594876,2025-12-15T23:00:00.299Z,2025-12-15 23:00:00.299000+00:00,1.9625e-05,86234.95046,BTC-USD,dydx,DEX,False,0.0
BTC-USD,0.000010625,86431.80006,67600234,2025-12-16T00:00:00.361Z,2025-12-16 00:00:00.361000+00:00,1.0625e-05,86431.80006,BTC-USD,dydx,DEX,False,0.0
BTC-USD,0.00001175,85873.32,67605614,2025-12-16T01:00:00.336Z,2025-12-16 01:00:00.336000+00:00,1.175e-05,85873.32,BTC-USD,dydx,DEX,False,0.0
BTC-USD,0.00001075,85916.35915,67610941,2025-12-16T02:00:00.401Z,2025-12-16 02:00:00.401000+00:00,1.075e-05,85916.35915,BTC-USD,dydx,DEX,False,0.0
BTC-USD,0.000011125,85941.92999,67616315,2025-12-16T03:00:00.461Z,2025-12-16 03:00:00.461000+00:00,1.1125e-05,85941.92999,BTC-USD,dydx,DEX,False,0.0
BTC-USD,0.00000975,85848,67621664,2025-12-16T04:00:00.761Z,2025-12-16 04:00:00.761000+00:00,9.75e-06,85848.0,BTC-USD,dydx,DEX,False,0.0
BTC-USD,0.00000975,85848,67621664,2025-12-16T04:00:00.761Z,2025-12-16 04:00:00.761000+00:00,9.75e-06,85848.0,BTC-USD,dydx,DEX,False,0.0
BTC-USD,0.000010375,85839.9,67627107,2025-12-16T05:00:00.199Z,2025-12-16 05:00:00.199000+00:00,1.0375e-05,85839.9,BTC-USD,dydx,DEX,False,0.0
BTC-USD,0.00001,86016.78115,67632530,2025-12-16T06:00:00.348Z,2025-12-16 06:00:00.348000+00:00,1e-05,86016.78115,BTC-USD,dydx,DEX,False,0.0
BTC-USD,0.000010875,86537.9,67638041,2025-12-16T07:00:00.231Z,2025-12-16 07:00:00.231000+00:00,1.0875e-05,86537.9,BTC-USD,dydx,DEX,False,0.0
BTC-USD,0.000007375,85999.65917,67643520,2025-12-16T08:00:00.575Z,2025-12-16 08:00:00.575000+00:00,7.375e-06,85999.65917,BTC-USD,dydx,DEX,False,0.0
BTC-USD,0.000005625,86280.66806,67648930,2025-12-16T09:00:00.255Z,2025-12-16 09:00:00.255000+00:00,5.625e-06,86280.66806,BTC-USD,dydx,DEX,False,0.0
BTC-USD,0.000002,86342.6,67654358,2025-12-16T10:00:00.279Z,2025-12-16 10:00:00.279000+00:00,2e-06,86342.6,BTC-USD,dydx,DEX,False,0.0
BTC-USD,0.00000875,86975.33166,67659835,2025-12-16T11:00:00.474Z,2025-12-16 11:00:00.474000+00:00,8.75e-06,86975.33166,BTC-USD,dydx,DEX,False,0.0
BTC-USD,0.000019375,87278.68628,67665293,2025-12-16T12:00:00.182Z,2025-12-16 12:00:00.182000+00:00,1.9375e-05,87278.68628,BTC-USD,dydx,DEX,False,0.0
BTC-USD,0.000022,87220,67670808,2025-12-16T13:00:00.197Z,2025-12-16 13:00:00.197000+00:00,2.2e-05,87220.0,BTC-USD,dydx,DEX,False,0.0
BTC-USD,0.00001225,86482.63586,67676254,2025-12-16T14:00:00.524Z,2025-12-16 14:00:00.524000+00:00,1.225e-05,86482.63586,BTC-USD,dydx,DEX,False,0.0
BTC-USD,0.000013125,87283.57164,67681762,2025-12-16T15:00:00.096Z,2025-12-16 15:00:00.096000+00:00,1.3125e-05,87283.57164,BTC-USD,dydx,DEX,False,0.0
BTC-USD,0.000015,87935.62963,67687215,2025-12-16T16:00:00.511Z,2025-12-16 16:00:00.511000+00:00,1.5e-05,87935.62963,BTC-USD,dydx,DEX,False,0.0
BTC-USD,0.000006875,87577.74222,67692695,2025-12-16T17:00:00.354Z,2025-12-16 17:00:00.354000+00:00,6.875e-06,87577.74222,BTC-USD,dydx,DEX,False,0.0
BTC-USD,0.000003625,87107.62923,67698147,2025-12-16T18:00:00.438Z,2025-12-16 18:00:00.438000+00:00,3.625e-06,87107.62923,BTC-USD,dydx,DEX,False,0.0
BTC-USD,0.00000075,87731.82682,67703650,2025-12-16T19:00:00.467Z,2025-12-16 19:00:00.467000+00:00,7.5e-07,87731.82682,BTC-USD,dydx,DEX,False,0.0
BTC-USD,0.000004625,87598.58904,67709158,2025-12-16T20:00:00.157Z,2025-12-16 20:00:00.157000+00:00,4.625e-06,87598.58904,BTC-USD,dydx,DEX,False,0.0
BTC-USD,0.00000875,87613.58999,67714682,2025-12-16T21:00:00.075Z,2025-12-16 21:00:00.075000+00:00,8.75e-06,87613.58999,BTC-USD,dydx,DEX,False,0.0
BTC-USD,0.000007875,87772.8,67720256,2025-12-16T22:00:00.416Z,2025-12-16 22:00:00.416000+00:00,7.875e-06,87772.8,BTC-USD,dydx,DEX,False,0.0
BTC-USD,0.000010875,87774.3,67725894,2025-12-16T23:00:00.301Z,2025-12-16 23:00:00.301000+00:00,1.0875e-05,87774.3,BTC-USD,dydx,DEX,False,0.0
BTC-USD,0.00000025,87821.22177,67731508,2025-12-17T00:00:00.068Z,2025-12-17 00:00:00.068000+00:00,2.5e-07,87821.22177,BTC-USD,dydx,DEX,False,0.0
BTC-USD,0.00000325,87516.76398,67737140,2025-12-17T01:00:00.045Z,2025-12-17 01:00:00.045000+00:00,3.25e-06,87516.76398,BTC-USD,dydx,DEX,False,0.0
BTC-USD,0.000001625,87504.81826,67742708,2025-12-17T02:00:00.132Z,2025-12-17 02:00:00.132000+00:00,1.625e-06,87504.81826,BTC-USD,dydx,DEX,False,0.0
BTC-USD,-0.000000125,87462.85371,67748313,2025-12-17T03:00:00.560Z,2025-12-17 03:00:00.560000+00:00,-1.25e-07,87462.85371,BTC-USD,dydx,DEX,False,0.0
BTC-USD,-0.000000375,87188.78112,67753850,2025-12-17T04:00:00.650Z,2025-12-17 04:00:00.650000+00:00,-3.75e-07,87188.78112,BTC-USD,dydx,DEX,False,0.0
BTC-USD,0,86733.35666,67759444,2025-12-17T05:00:00.284Z,2025-12-17 05:00:00.284000+00:00,0.0,86733.35666,BTC-USD,dydx,DEX,False,0.0
BTC-USD,-0.000000375,86635.46456,67765036,2025-12-17T06:00:00.285Z,2025-12-17 06:00:00.285000+00:00,-3.75e-07,86635.46456,BTC-USD,dydx,DEX,False,0.0
BTC-USD,-0.00000125,86730.51807,67770590,2025-12-17T07:00:00.009Z,2025-12-17 07:00:00.009000+00:00,-1.25e-06,86730.51807,BTC-USD,dydx,DEX,False,0.0
BTC-USD,-0.000000125,87033.33304,67776145,2025-12-17T08:00:00.390Z,2025-12-17 08:00:00.390000+00:00,-1.25e-07,87033.33304,BTC-USD,dydx,DEX,False,0.0
BTC-USD,-0.000001875,86348.63027,67781697,2025-12-17T09:00:00.243Z,2025-12-17 09:00:00.243000+00:00,-1.875e-06,86348.63027,BTC-USD,dydx,DEX,False,0.0
BTC-USD,-0.00000025,86392.63831,67787292,2025-12-17T10:00:00.716Z,2025-12-17 10:00:00.716000+00:00,-2.5e-07,86392.63831,BTC-USD,dydx,DEX,False,0.0
BTC-USD,0,86576.74232,67792861,2025-12-17T11:00:00.095Z,2025-12-17 11:00:00.095000+00:00,0.0,86576.74232,BTC-USD,dydx,DEX,False,0.0
BTC-USD,0.000000375,86969.08,67798498,2025-12-17T12:00:00.080Z,2025-12-17 12:00:00.080000+00:00,3.75e-07,86969.08,BTC-USD,dydx,DEX,False,0.0
BTC-USD,-0.000000125,87008.78362,67804154,2025-12-17T13:00:00.310Z,2025-12-17 13:00:00.310000+00:00,-1.25e-07,87008.78362,BTC-USD,dydx,DEX,False,0.0
BTC-USD,-0.000000125,87610.43998,67809763,2025-12-17T14:00:00.283Z,2025-12-17 14:00:00.283000+00:00,-1.25e-07,87610.43998,BTC-USD,dydx,DEX,False,0.0
BTC-USD,-0.000000125,89643.59,67815441,2025-12-17T15:00:00.449Z,2025-12-17 15:00:00.449000+00:00,-1.25e-07,89643.59,BTC-USD,dydx,DEX,False,0.0
BTC-USD,0.000001,87209.91117,67821023,2025-12-17T16:00:00.208Z,2025-12-17 16:00:00.208000+00:00,1e-06,87209.91117,BTC-USD,dydx,DEX,False,0.0
BTC-USD,0.000009625,86965.43691,67826590,2025-12-17T17:00:00.390Z,2025-12-17 17:00:00.390000+00:00,9.625e-06,86965.43691,BTC-USD,dydx,DEX,False,0.0
BTC-USD,0.00000225,86377.536,67832149,2025-12-17T18:00:00.665Z,2025-12-17 18:00:00.665000+00:00,2.25e-06,86377.536,BTC-USD,dydx,DEX,False,0.0
BTC-USD,0.0000025,85791.9716,67837767,2025-12-17T19:00:00.184Z,2025-12-17 19:00:00.184000+00:00,2.5e-06,85791.9716,BTC-USD,dydx,DEX,False,0.0
BTC-USD,0.000004875,86004.19916,67843298,2025-12-17T20:00:00.618Z,2025-12-17 20:00:00.618000+00:00,4.875e-06,86004.19916,BTC-USD,dydx,DEX,False,0.0
BTC-USD,0.000003375,85873.38532,67848932,2025-12-17T21:00:00.422Z,2025-12-17 21:00:00.422000+00:00,3.375e-06,85873.38532,BTC-USD,dydx,DEX,False,0.0
BTC-USD,0.000005125,85947.99762,67854548,2025-12-17T22:00:00.552Z,2025-12-17 22:00:00.552000+00:00,5.125e-06,85947.99762,BTC-USD,dydx,DEX,False,0.0
BTC-USD,0.0000015,86312.72745,67860195,2025-12-17T23:00:00.165Z,2025-12-17 23:00:00.165000+00:00,1.5e-06,86312.72745,BTC-USD,dydx,DEX,False,0.0
BTC-USD,-0.000019,86200.53989,67865861,2025-12-18T00:00:00.557Z,2025-12-18 00:00:00.557000+00:00,-1.9e-05,86200.53989,BTC-USD,dydx,DEX,False,0.0
BTC-USD,-0.00001925,86199.24015,67871575,2025-12-18T01:00:00.140Z,2025-12-18 01:00:00.140000+00:00,-1.925e-05,86199.24015,BTC-USD,dydx,DEX,False,0.0
BTC-USD,-0.000019875,86108.4783,67877291,2025-12-18T02:00:00.941Z,2025-12-18 02:00:00.941000+00:00,-1.9875e-05,86108.4783,BTC-USD,dydx,DEX,False,0.0
BTC-USD,-0.00001625,86642.87142,67882930,2025-12-18T03:00:00.432Z,2025-12-18 03:00:00.432000+00:00,-1.625e-05,86642.87142,BTC-USD,dydx,DEX,False,0.0
BTC-USD,-0.0000185,86555.83325,67888520,2025-12-18T04:00:00.327Z,2025-12-18 04:00:00.327000+00:00,-1.85e-05,86555.83325,BTC-USD,dydx,DEX,False,0.0
BTC-USD,-0.000026375,86734.77176,67894139,2025-12-18T05:00:00.292Z,2025-12-18 05:00:00.292000+00:00,-2.6375e-05,86734.77176,BTC-USD,dydx,DEX,False,0.0
BTC-USD,-0.0000205,86386.41629,67899739,2025-12-18T06:00:00.006Z,2025-12-18 06:00:00.006000+00:00,-2.05e-05,86386.41629,BTC-USD,dydx,DEX,False,0.0
BTC-USD,-0.0000145,86585.5,67905346,2025-12-18T07:00:00.424Z,2025-12-18 07:00:00.424000+00:00,-1.45e-05,86585.5,BTC-USD,dydx,DEX,False,0.0
BTC-USD,-0.000011875,86815.1558,67910934,2025-12-18T08:00:00.654Z,2025-12-18 08:00:00.654000+00:00,-1.1875e-05,86815.1558,BTC-USD,dydx,DEX,False,0.0
BTC-USD,-0.000007875,86945.04391,67916397,2025-12-18T09:00:00.123Z,2025-12-18 09:00:00.123000+00:00,-7.875e-06,86945.04391,BTC-USD,dydx,DEX,False,0.0
BTC-USD,-0.000006375,87251.23988,67921951,2025-12-18T10:00:00.326Z,2025-12-18 10:00:00.326000+00:00,-6.375e-06,87251.23988,BTC-USD,dydx,DEX,False,0.0
BTC-USD,-0.00000825,87297.37116,67927525,2025-12-18T11:00:00.677Z,2025-12-18 11:00:00.677000+00:00,-8.25e-06,87297.37116,BTC-USD,dydx,DEX,False,0.0
BTC-USD,-0.000007875,87216.56503,67933062,2025-12-18T12:00:00.447Z,2025-12-18 12:00:00.447000+00:00,-7.875e-06,87216.56503,BTC-USD,dydx,DEX,False,0.0
BTC-USD,-0.000005125,87240.55188,67938710,2025-12-18T13:00:00.390Z,2025-12-18 13:00:00.390000+00:00,-5.125e-06,87240.55188,BTC-USD,dydx,DEX,False,0.0
BTC-USD,0.00000025,88852.62947,67944313,2025-12-18T14:00:00.022Z,2025-12-18 14:00:00.022000+00:00,2.5e-07,88852.62947,BTC-USD,dydx,DEX,False,0.0
BTC-USD,0.00001475,88323.80285,67950037,2025-12-18T15:00:00.580Z,2025-12-18 15:00:00.580000+00:00,1.475e-05,88323.80285,BTC-USD,dydx,DEX,False,0.0
BTC-USD,0.00001775,88452.46427,67955614,2025-12-18T16:00:00.102Z,2025-12-18 16:00:00.102000+00:00,1.775e-05,88452.46427,BTC-USD,dydx,DEX,False,0.0
BTC-USD,0.000008875,87978.80847,67961207,2025-12-18T17:00:00.371Z,2025-12-18 17:00:00.371000+00:00,8.875e-06,87978.80847,BTC-USD,dydx,DEX,False,0.0
BTC-USD,0.00001275,86439.72411,67966721,2025-12-18T18:00:00.553Z,2025-12-18 18:00:00.553000+00:00,1.275e-05,86439.72411,BTC-USD,dydx,DEX,False,0.0
BTC-USD,0.0000125,85952.92689,67972303,2025-12-18T19:00:00.454Z,2025-12-18 19:00:00.454000+00:00,1.25e-05,85952.92689,BTC-USD,dydx,DEX,False,0.0
BTC-USD,0.000017375,84442.85387,67977869,2025-12-18T20:00:00.562Z,2025-12-18 20:00:00.562000+00:00,1.7375e-05,84442.85387,BTC-USD,dydx,DEX,False,0.0
BTC-USD,0.000019,84664.83384,67983479,2025-12-18T21:00:00.163Z,2025-12-18 21:00:00.163000+00:00,1.9e-05,84664.83384,BTC-USD,dydx,DEX,False,0.0
BTC-USD,0.000024625,85576.79686,67989071,2025-12-18T22:00:00.528Z,2025-12-18 22:00:00.528000+00:00,2.4625e-05,85576.79686,BTC-USD,dydx,DEX,False,0.0
BTC-USD,0.00002275,85557.95,67994704,2025-12-18T23:00:00.379Z,2025-12-18 23:00:00.379000+00:00,2.275e-05,85557.95,BTC-USD,dydx,DEX,False,0.0
BTC-USD,0.000020375,85472.35829,68000338,2025-12-19T00:00:00.100Z,2025-12-19 00:00:00.100000+00:00,2.0375e-05,85472.35829,BTC-USD,dydx,DEX,False,0.0
BTC-USD,0.000019375,85547.33579,68006025,2025-12-19T01:00:00.324Z,2025-12-19 01:00:00.324000+00:00,1.9375e-05,85547.33579,BTC-USD,dydx,DEX,False,0.0
BTC-USD,0.000018,85276.6141,68011707,2025-12-19T02:00:00.740Z,2025-12-19 02:00:00.740000+00:00,1.8e-05,85276.6141,BTC-USD,dydx,DEX,False,0.0
BTC-USD,0.000018,85616.59914,68017382,2025-12-19T03:00:00.412Z,2025-12-19 03:00:00.412000+00:00,1.8e-05,85616.59914,BTC-USD,dydx,DEX,False,0.0
BTC-USD,0.000017125,86823.03058,68022985,2025-12-19T04:00:00.528Z,2025-12-19 04:00:00.528000+00:00,1.7125e-05,86823.03058,BTC-USD,dydx,DEX,False,0.0
BTC-USD,0.00002125,87044.36782,68028572,2025-12-19T05:00:00.507Z,2025-12-19 05:00:00.507000+00:00,2.125e-05,87044.36782,BTC-USD,dydx,DEX,False,0.0
BTC-USD,-0.000003125,87116.15353,68034111,2025-12-19T06:00:00.443Z,2025-12-19 06:00:00.443000+00:00,-3.125e-06,87116.15353,BTC-USD,dydx,DEX,False,0.0
BTC-USD,-0.000003,87413.01409,68039679,2025-12-19T07:00:00.218Z,2025-12-19 07:00:00.218000+00:00,-3e-06,87413.01409,BTC-USD,dydx,DEX,False,0.0
BTC-USD,0,87884.32758,68045243,2025-12-19T08:00:00.524Z,2025-12-19 08:00:00.524000+00:00,0.0,87884.32758,BTC-USD,dydx,DEX,False,0.0
BTC-USD,-0.00000475,88069.96501,68050772,2025-12-19T09:00:00.232Z,2025-12-19 09:00:00.232000+00:00,-4.75e-06,88069.96501,BTC-USD,dydx,DEX,False,0.0
BTC-USD,0.000000875,88047.58572,68056306,2025-12-19T10:00:00.374Z,2025-12-19 10:00:00.374000+00:00,8.75e-07,88047.58572,BTC-USD,dydx,DEX,False,0.0
BTC-USD,-0.000000125,88208.92601,68061861,2025-12-19T11:00:00.418Z,2025-12-19 11:00:00.418000+00:00,-1.25e-07,88208.92601,BTC-USD,dydx,DEX,False,0.0
BTC-USD,0,88191.32347,68067369,2025-12-19T12:00:00.520Z,2025-12-19 12:00:00.520000+00:00,0.0,88191.32347,BTC-USD,dydx,DEX,False,0.0
BTC-USD,-0.00000175,87813.95581,68072922,2025-12-19T13:00:00.128Z,2025-12-19 13:00:00.128000+00:00,-1.75e-06,87813.95581,BTC-USD,dydx,DEX,False,0.0
BTC-USD,-0.000000875,87969.76906,68078418,2025-12-19T14:00:00.472Z,2025-12-19 14:00:00.472000+00:00,-8.75e-07,87969.76906,BTC-USD,dydx,DEX,False,0.0
BTC-USD,0,88175.94721,68083993,2025-12-19T15:00:00.685Z,2025-12-19 15:00:00.685000+00:00,0.0,88175.94721,BTC-USD,dydx,DEX,False,0.0
BTC-USD,0.000004125,87951.31947,68089469,2025-12-19T16:00:00.217Z,2025-12-19 16:00:00.217000+00:00,4.125e-06,87951.31947,BTC-USD,dydx,DEX,False,0.0
BTC-USD,0.000014,87930.13027,68095063,2025-12-19T17:00:00.198Z,2025-12-19 17:00:00.198000+00:00,1.4e-05,87930.13027,BTC-USD,dydx,DEX,False,0.0
BTC-USD,0.000008375,86915.22,68100596,2025-12-19T18:00:00.305Z,2025-12-19 18:00:00.305000+00:00,8.375e-06,86915.22,BTC-USD,dydx,DEX,False,0.0
BTC-USD,0.000004625,87141.52731,68106124,2025-12-19T19:00:00.445Z,2025-12-19 19:00:00.445000+00:00,4.625e-06,87141.52731,BTC-USD,dydx,DEX,False,0.0
BTC-USD,0.000009375,87789.11461,68111624,2025-12-19T20:00:00.112Z,2025-12-19 20:00:00.112000+00:00,9.375e-06,87789.11461,BTC-USD,dydx,DEX,False,0.0
BTC-USD,0.0000125,87988.2347,68117143,2025-12-19T21:00:00.220Z,2025-12-19 21:00:00.220000+00:00,1.25e-05,87988.2347,BTC-USD,dydx,DEX,False,0.0
BTC-USD,0.00001375,87803.17872,68122675,2025-12-19T22:00:00.244Z,2025-12-19 22:00:00.244000+00:00,1.375e-05,87803.17872,BTC-USD,dydx,DEX,False,0.0
BTC-USD,0.000013875,88300.62968,68128258,2025-12-19T23:00:00.096Z,2025-12-19 23:00:00.096000+00:00,1.3875e-05,88300.62968,BTC-USD,dydx,DEX,False,0.0
BTC-USD,0.000010625,88105.94702,68133851,2025-12-20T00:00:00.094Z,2025-12-20 00:00:00.094000+00:00,1.0625e-05,88105.94702,BTC-USD,dydx,DEX,False,0.0
BTC-USD,0.000006625,87985.0549,68139473,2025-12-20T01:00:00.050Z,2025-12-20 01:00:00.050000+00:00,6.625e-06,87985.0549,BTC-USD,dydx,DEX,False,0.0
BTC-USD,0.0000075,88032.88355,68145064,2025-12-20T02:00:00.235Z,2025-12-20 02:00:00.235000+00:00,7.5e-06,88032.88355,BTC-USD,dydx,DEX,False,0.0
BTC-USD,0.000003125,88179.46159,68150584,2025-12-20T03:00:00.181Z,2025-12-20 03:00:00.181000+00:00,3.125e-06,88179.46159,BTC-USD,dydx,DEX,False,0.0
BTC-USD,0.000003875,88173.06346,68156126,2025-12-20T04:00:00.834Z,2025-12-20 04:00:00.834000+00:00,3.875e-06,88173.06346,BTC-USD,dydx,DEX,False,0.0
BTC-USD,0.000001875,88268.41947,68161712,2025-12-20T05:00:00.381Z,2025-12-20 05:00:00.381000+00:00,1.875e-06,88268.41947,BTC-USD,dydx,DEX,False,0.0
BTC-USD,0.00000525,88271.4374,68167314,2025-12-20T06:00:00.118Z,2025-12-20 06:00:00.118000+00:00,5.25e-06,88271.4374,BTC-USD,dydx,DEX,False,0.0
BTC-USD,0.000009875,88265.72859,68172936,2025-12-20T07:00:00.233Z,2025-12-20 07:00:00.233000+00:00,9.875e-06,88265.72859,BTC-USD,dydx,DEX,False,0.0
BTC-USD,0.000009875,88265.72859,68172936,2025-12-20T07:00:00.233Z,2025-12-20 07:00:00.233000+00:00,9.875e-06,88265.72859,BTC-USD,dydx,DEX,False,0.0
BTC-USD,0.000009625,88215.07547,68178463,2025-12-20T08:00:00.583Z,2025-12-20 08:00:00.583000+00:00,9.625e-06,88215.07547,BTC-USD,dydx,DEX,False,0.0
BTC-USD,0.000009875,88262.39502,68183989,2025-12-20T09:00:00.747Z,2025-12-20 09:00:00.747000+00:00,9.875e-06,88262.39502,BTC-USD,dydx,DEX,False,0.0
BTC-USD,0.0000075,88192.04238,68189476,2025-12-20T10:00:00.631Z,2025-12-20 10:00:00.631000+00:00,7.5e-06,88192.04238,BTC-USD,dydx,DEX,False,0.0
BTC-USD,0.000007375,88107.98977,68195016,2025-12-20T11:00:00.182Z,2025-12-20 11:00:00.182000+00:00,7.375e-06,88107.98977,BTC-USD,dydx,DEX,False,0.0
BTC-USD,0.00000875,88256.72298,68200522,2025-12-20T12:00:00.564Z,2025-12-20 12:00:00.564000+00:00,8.75e-06,88256.72298,BTC-USD,dydx,DEX,False,0.0
BTC-USD,0.000006375,88204.73857,68206048,2025-12-20T13:00:00.546Z,2025-12-20 13:00:00.546000+00:00,6.375e-06,88204.73857,BTC-USD,dydx,DEX,False,0.0
BTC-USD,0.00001875,88240.12796,68211630,2025-12-20T14:00:00.454Z,2025-12-20 14:00:00.454000+00:00,1.875e-05,88240.12796,BTC-USD,dydx,DEX,False,0.0
BTC-USD,0.00001525,88234.72958,68217282,2025-12-20T15:00:00.247Z,2025-12-20 15:00:00.247000+00:00,1.525e-05,88234.72958,BTC-USD,dydx,DEX,False,0.0
BTC-USD,0.0000165,88146.77064,68222901,2025-12-20T16:00:00.207Z,2025-12-20 16:00:00.207000+00:00,1.65e-05,88146.77064,BTC-USD,dydx,DEX,False,0.0
BTC-USD,0.000018375,88100.55977,68228551,2025-12-20T17:00:00.306Z,2025-12-20 17:00:00.306000+00:00,1.8375e-05,88100.55977,BTC-USD,dydx,DEX,False,0.0
BTC-USD,0.0000045,88175.49813,68234142,2025-12-20T18:00:00.178Z,2025-12-20 18:00:00.178000+00:00,4.5e-06,88175.49813,BTC-USD,dydx,DEX,False,0.0
BTC-USD,0.000000875,88310.23062,68239690,2025-12-20T19:00:00.180Z,2025-12-20 19:00:00.180000+00:00,8.75e-07,88310.23062,BTC-USD,dydx,DEX,False,0.0
BTC-USD,0.000004,88193.93874,68245250,2025-12-20T20:00:00.023Z,2025-12-20 20:00:00.023000+00:00,4e-06,88193.93874,BTC-USD,dydx,DEX,False,0.0
BTC-USD,0.000007625,88245.33,68250855,2025-12-20T21:00:00.205Z,2025-12-20 21:00:00.205000+00:00,7.625e-06,88245.33,BTC-USD,dydx,DEX,False,0.0
BTC-USD,0.0000055,88195.56133,68256471,2025-12-20T22:00:00.494Z,2025-12-20 22:00:00.494000+00:00,5.5e-06,88195.56133,BTC-USD,dydx,DEX,False,0.0
BTC-USD,0.000005,88279.80811,68262167,2025-12-20T23:00:00.100Z,2025-12-20 23:00:00.100000+00:00,5e-06,88279.80811,BTC-USD,dydx,DEX,False,0.0
BTC-USD,0.000006625,88354.55379,68267821,2025-12-21T00:00:00.218Z,2025-12-21 00:00:00.218000+00:00,6.625e-06,88354.55379,BTC-USD,dydx,DEX,False,0.0
BTC-USD,0.00000775,88341.16176,68273447,2025-12-21T01:00:00.295Z,2025-12-21 01:00:00.295000+00:00,7.75e-06,88341.16176,BTC-USD,dydx,DEX,False,0.0
BTC-USD,0.00000925,88018.35479,68279014,2025-12-21T02:00:00.314Z,2025-12-21 02:00:00.314000+00:00,9.25e-06,88018.35479,BTC-USD,dydx,DEX,False,0.0
BTC-USD,0.000003125,87901.72948,68284623,2025-12-21T03:00:00.316Z,2025-12-21 03:00:00.316000+00:00,3.125e-06,87901.72948,BTC-USD,dydx,DEX,False,0.0
BTC-USD,0.000003125,88050.74949,68290172,2025-12-21T04:00:00.670Z,2025-12-21 04:00:00.670000+00:00,3.125e-06,88050.74949,BTC-USD,dydx,DEX,False,0.0
BTC-USD,0.000003,88044.60661,68295717,2025-12-21T05:00:00.455Z,2025-12-21 05:00:00.455000+00:00,3e-06,88044.60661,BTC-USD,dydx,DEX,False,0.0
BTC-USD,0.0000015,88091.78164,68301203,2025-12-21T06:00:00.231Z,2025-12-21 06:00:00.231000+00:00,1.5e-06,88091.78164,BTC-USD,dydx,DEX,False,0.0
BTC-USD,0.000002125,88039.98,68306763,2025-12-21T07:00:00.395Z,2025-12-21 07:00:00.395000+00:00,2.125e-06,88039.98,BTC-USD,dydx,DEX,False,0.0
BTC-USD,0.000000875,88123.57528,68312259,2025-12-21T08:00:00.585Z,2025-12-21 08:00:00.585000+00:00,8.75e-07,88123.57528,BTC-USD,dydx,DEX,False,0.0
BTC-USD,0.000005375,88539.03828,68317776,2025-12-21T09:00:00.362Z,2025-12-21 09:00:00.362000+00:00,5.375e-06,88539.03828,BTC-USD,dydx,DEX,False,0.0
BTC-USD,0.000008875,88843.43754,68323262,2025-12-21T10:00:00.360Z,2025-12-21 10:00:00.360000+00:00,8.875e-06,88843.43754,BTC-USD,dydx,DEX,False,0.0
BTC-USD,0.000009625,88649.01509,68328790,2025-12-21T11:00:00.049Z,2025-12-21 11:00:00.049000+00:00,9.625e-06,88649.01509,BTC-USD,dydx,DEX,False,0.0
BTC-USD,0.000016625,88574.4851,68334341,2025-12-21T12:00:00.325Z,2025-12-21 12:00:00.325000+00:00,1.6625e-05,88574.4851,BTC-USD,dydx,DEX,False,0.0
BTC-USD,0.000016125,88583.14168,68339939,2025-12-21T13:00:00.509Z,2025-12-21 13:00:00.509000+00:00,1.6125e-05,88583.14168,BTC-USD,dydx,DEX,False,0.0
BTC-USD,0.000004125,87681.80178,68345532,2025-12-21T14:00:00.420Z,2025-12-21 14:00:00.420000+00:00,4.125e-06,87681.80178,BTC-USD,dydx,DEX,False,0.0
BTC-USD,0.000003875,88034.21315,68351016,2025-12-21T15:00:00.151Z,2025-12-21 15:00:00.151000+00:00,3.875e-06,88034.21315,BTC-USD,dydx,DEX,False,0.0
BTC-USD,0.000006375,88074.69253,68356504,2025-12-21T16:00:00.107Z,2025-12-21 16:00:00.107000+00:00,6.375e-06,88074.69253,BTC-USD,dydx,DEX,False,0.0
BTC-USD,0.00000825,88326.67388,68361997,2025-12-21T17:00:00.423Z,2025-12-21 17:00:00.423000+00:00,8.25e-06,88326.67388,BTC-USD,dydx,DEX,False,0.0
BTC-USD,0.000008375,88289.1887,68367548,2025-12-21T18:00:00.201Z,2025-12-21 18:00:00.201000+00:00,8.375e-06,88289.1887,BTC-USD,dydx,DEX,False,0.0
BTC-USD,0.00001375,88409.01819,68373158,2025-12-21T19:00:00.298Z,2025-12-21 19:00:00.298000+00:00,1.375e-05,88409.01819,BTC-USD,dydx,DEX,False,0.0
BTC-USD,0.000005125,88457.46479,68378739,2025-12-21T20:00:00.235Z,2025-12-21 20:00:00.235000+00:00,5.125e-06,88457.46479,BTC-USD,dydx,DEX,False,0.0
BTC-USD,0.000009375,88211.5286,68384420,2025-12-21T21:00:00.488Z,2025-12-21 21:00:00.488000+00:00,9.375e-06,88211.5286,BTC-USD,dydx,DEX,False,0.0
BTC-USD,0.0000085,88139.08609,68390042,2025-12-21T22:00:00.392Z,2025-12-21 22:00:00.392000+00:00,8.5e-06,88139.08609,BTC-USD,dydx,DEX,False,0.0
BTC-USD,0.00001,88432.31353,68395684,2025-12-21T23:00:00.445Z,2025-12-21 23:00:00.445000+00:00,1e-05,88432.31353,BTC-USD,dydx,DEX,False,0.0
BTC-USD,0.00001175,88598.34016,68401293,2025-12-22T00:00:00.409Z,2025-12-22 00:00:00.409000+00:00,1.175e-05,88598.34016,BTC-USD,dydx,DEX,False,0.0
BTC-USD,0.00000875,88644.72595,68406909,2025-12-22T01:00:00.334Z,2025-12-22 01:00:00.334000+00:00,8.75e-06,88644.72595,BTC-USD,dydx,DEX,False,0.0
BTC-USD,0.00000775,88644.85102,68412532,2025-12-22T02:00:00.348Z,2025-12-22 02:00:00.348000+00:00,7.75e-06,88644.85102,BTC-USD,dydx,DEX,False,0.0
BTC-USD,0.00000225,88471.57409,68418191,2025-12-22T03:00:00.257Z,2025-12-22 03:00:00.257000+00:00,2.25e-06,88471.57409,BTC-USD,dydx,DEX,False,0.0
BTC-USD,0.0000035,88753.37444,68423828,2025-12-22T04:00:00.011Z,2025-12-22 04:00:00.011000+00:00,3.5e-06,88753.37444,BTC-USD,dydx,DEX,False,0.0
BTC-USD,0.000002875,88894.9105,68429499,2025-12-22T05:00:00.277Z,2025-12-22 05:00:00.277000+00:00,2.875e-06,88894.9105,BTC-USD,dydx,DEX,False,0.0
BTC-USD,0.00000425,88841.41585,68435214,2025-12-22T06:00:00.055Z,2025-12-22 06:00:00.055000+00:00,4.25e-06,88841.41585,BTC-USD,dydx,DEX,False,0.0
BTC-USD,0.000004375,88873.29,68440908,2025-12-22T07:00:00.560Z,2025-12-22 07:00:00.560000+00:00,4.375e-06,88873.29,BTC-USD,dydx,DEX,False,0.0
BTC-USD,0.000005875,89167.66646,68446621,2025-12-22T08:00:00.017Z,2025-12-22 08:00:00.017000+00:00,5.875e-06,89167.66646,BTC-USD,dydx,DEX,False,0.0
BTC-USD,0.000012875,89273.13328,68452297,2025-12-22T09:00:00.142Z,2025-12-22 09:00:00.142000+00:00,1.2875e-05,89273.13328,BTC-USD,dydx,DEX,False,0.0
BTC-USD,0.000010375,89808.1284,68457920,2025-12-22T10:00:00.449Z,2025-12-22 10:00:00.449000+00:00,1.0375e-05,89808.1284,BTC-USD,dydx,DEX,False,0.0
BTC-USD,0.0000095,89791.14177,68463526,2025-12-22T11:00:00.339Z,2025-12-22 11:00:00.339000+00:00,9.5e-06,89791.14177,BTC-USD,dydx,DEX,False,0.0
BTC-USD,0.0000065,89903.9096,68469123,2025-12-22T12:00:00.401Z,2025-12-22 12:00:00.401000+00:00,6.5e-06,89903.9096,BTC-USD,dydx,DEX,False,0.0
BTC-USD,0.00000825,90192.36152,68474866,2025-12-22T13:00:00.617Z,2025-12-22 13:00:00.617000+00:00,8.25e-06,90192.36152,BTC-USD,dydx,DEX,False,0.0
BTC-USD,0.000006625,89889.79763,68480594,2025-12-22T14:00:00.203Z,2025-12-22 14:00:00.203000+00:00,6.625e-06,89889.79763,BTC-USD,dydx,DEX,False,0.0
BTC-USD,0.00000475,90095.4809,68486407,2025-12-22T15:00:00.153Z,2025-12-22 15:00:00.153000+00:00,4.75e-06,90095.4809,BTC-USD,dydx,DEX,False,0.0
BTC-USD,0.00000075,89724.08127,68492114,2025-12-22T16:00:00.367Z,2025-12-22 16:00:00.367000+00:00,7.5e-07,89724.08127,BTC-USD,dydx,DEX,False,0.0
BTC-USD,0.000002125,89555.76336,68497860,2025-12-22T17:00:00.148Z,2025-12-22 17:00:00.148000+00:00,2.125e-06,89555.76336,BTC-USD,dydx,DEX,False,0.0
BTC-USD,0.000014,89270.98232,68503561,2025-12-22T18:00:00.535Z,2025-12-22 18:00:00.535000+00:00,1.4e-05,89270.98232,BTC-USD,dydx,DEX,False,0.0
BTC-USD,0.0000095,89114.21281,68509250,2025-12-22T19:00:00.344Z,2025-12-22 19:00:00.344000+00:00,9.5e-06,89114.21281,BTC-USD,dydx,DEX,False,0.0
BTC-USD,0.00000075,88009.2843,68514914,2025-12-22T20:00:00.425Z,2025-12-22 20:00:00.425000+00:00,7.5e-07,88009.2843,BTC-USD,dydx,DEX,False,0.0
BTC-USD,0,88338.56861,68520593,2025-12-22T21:00:00.222Z,2025-12-22 21:00:00.222000+00:00,0.0,88338.56861,BTC-USD,dydx,DEX,False,0.0
BTC-USD,0.000001125,88238.85222,68526240,2025-12-22T22:00:00.142Z,2025-12-22 22:00:00.142000+00:00,1.125e-06,88238.85222,BTC-USD,dydx,DEX,False,0.0
BTC-USD,0.000001125,88604.36947,68531933,2025-12-22T23:00:00.146Z,2025-12-22 23:00:00.146000+00:00,1.125e-06,88604.36947,BTC-USD,dydx,DEX,False,0.0
BTC-USD,0.0000005,88569.40917,68537560,2025-12-23T00:00:00.334Z,2025-12-23 00:00:00.334000+00:00,5e-07,88569.40917,BTC-USD,dydx,DEX,False,0.0
BTC-USD,0.00000025,88736.23886,68543211,2025-12-23T01:00:00.014Z,2025-12-23 01:00:00.014000+00:00,2.5e-07,88736.23886,BTC-USD,dydx,DEX,False,0.0
BTC-USD,0.000000375,88484.55463,68548826,2025-12-23T02:00:00.453Z,2025-12-23 02:00:00.453000+00:00,3.75e-07,88484.55463,BTC-USD,dydx,DEX,False,0.0
BTC-USD,0.00000125,88167.64111,68554502,2025-12-23T03:00:00.199Z,2025-12-23 03:00:00.199000+00:00,1.25e-06,88167.64111,BTC-USD,dydx,DEX,False,0.0
BTC-USD,0.00000575,88181.02532,68560122,2025-12-23T04:00:00.548Z,2025-12-23 04:00:00.548000+00:00,5.75e-06,88181.02532,BTC-USD,dydx,DEX,False,0.0
BTC-USD,0.000004,87911.02449,68565799,2025-12-23T05:00:00.541Z,2025-12-23 05:00:00.541000+00:00,4e-06,87911.02449,BTC-USD,dydx,DEX,False,0.0
BTC-USD,0.0000065,87745.22841,68571447,2025-12-23T06:00:00.365Z,2025-12-23 06:00:00.365000+00:00,6.5e-06,87745.22841,BTC-USD,dydx,DEX,False,0.0
BTC-USD,0.000005125,87358.79325,68577040,2025-12-23T07:00:00.471Z,2025-12-23 07:00:00.471000+00:00,5.125e-06,87358.79325,BTC-USD,dydx,DEX,False,0.0
BTC-USD,0.000007375,87515.1492,68582653,2025-12-23T08:00:00.483Z,2025-12-23 08:00:00.483000+00:00,7.375e-06,87515.1492,BTC-USD,dydx,DEX,False,0.0
BTC-USD,0.000008125,87428.9855,68588313,2025-12-23T09:00:00.204Z,2025-12-23 09:00:00.204000+00:00,8.125e-06,87428.9855,BTC-USD,dydx,DEX,False,0.0
BTC-USD,0.000009625,87478.04,68593844,2025-12-23T10:00:00.047Z,2025-12-23 10:00:00.047000+00:00,9.625e-06,87478.04,BTC-USD,dydx,DEX,False,0.0
BTC-USD,0.000012125,87547.32633,68599446,2025-12-23T11:00:00.396Z,2025-12-23 11:00:00.396000+00:00,1.2125e-05,87547.32633,BTC-USD,dydx,DEX,False,0.0
BTC-USD,0.000008875,87811.74085,68605058,2025-12-23T12:00:00.447Z,2025-12-23 12:00:00.447000+00:00,8.875e-06,87811.74085,BTC-USD,dydx,DEX,False,0.0
BTC-USD,0.00000825,87772.46181,68610713,2025-12-23T13:00:00.000Z,2025-12-23 13:00:00+00:00,8.25e-06,87772.46181,BTC-USD,dydx,DEX,False,0.0
BTC-USD,0.0000065,87595.76169,68616388,2025-12-23T14:00:00.479Z,2025-12-23 14:00:00.479000+00:00,6.5e-06,87595.76169,BTC-USD,dydx,DEX,False,0.0
BTC-USD,0.0000085,86821.6535,68622072,2025-12-23T15:00:00.426Z,2025-12-23 15:00:00.426000+00:00,8.5e-06,86821.6535,BTC-USD,dydx,DEX,False,0.0
BTC-USD,0.000002,87405.04811,68627706,2025-12-23T16:00:00.390Z,2025-12-23 16:00:00.390000+00:00,2e-06,87405.04811,BTC-USD,dydx,DEX,False,0.0
BTC-USD,0.00000425,87944.08627,68633325,2025-12-23T17:00:00.383Z,2025-12-23 17:00:00.383000+00:00,4.25e-06,87944.08627,BTC-USD,dydx,DEX,False,0.0
BTC-USD,0.00000375,87170.46246,68638912,2025-12-23T18:00:00.429Z,2025-12-23 18:00:00.429000+00:00,3.75e-06,87170.46246,BTC-USD,dydx,DEX,False,0.0
BTC-USD,0.000006,87962.91112,68644544,2025-12-23T19:00:00.559Z,2025-12-23 19:00:00.559000+00:00,6e-06,87962.91112,BTC-USD,dydx,DEX,False,0.0
BTC-USD,0.000003625,87701.38958,68650171,2025-12-23T20:00:00.852Z,2025-12-23 20:00:00.852000+00:00,3.625e-06,87701.38958,BTC-USD,dydx,DEX,False,0.0
BTC-USD,0.000003375,87654.16589,68655842,2025-12-23T21:00:00.014Z,2025-12-23 21:00:00.014000+00:00,3.375e-06,87654.16589,BTC-USD,dydx,DEX,False,0.0
BTC-USD,0.000006125,87710.58682,68661499,2025-12-23T22:00:00.338Z,2025-12-23 22:00:00.338000+00:00,6.125e-06,87710.58682,BTC-USD,dydx,DEX,False,0.0
BTC-USD,0.00001225,87396.15076,68667235,2025-12-23T23:00:00.208Z,2025-12-23 23:00:00.208000+00:00,1.225e-05,87396.15076,BTC-USD,dydx,DEX,False,0.0
BTC-USD,0.00000825,87441.2965,68672970,2025-12-24T00:00:00.758Z,2025-12-24 00:00:00.758000+00:00,8.25e-06,87441.2965,BTC-USD,dydx,DEX,False,0.0
BTC-USD,0.00000975,87593.322,68678694,2025-12-24T01:00:00.378Z,2025-12-24 01:00:00.378000+00:00,9.75e-06,87593.322,BTC-USD,dydx,DEX,False,0.0
BTC-USD,0.00000725,87625.26242,68684427,2025-12-24T02:00:00.001Z,2025-12-24 02:00:00.001000+00:00,7.25e-06,87625.26242,BTC-USD,dydx,DEX,False,0.0
BTC-USD,0.000011625,87094.76774,68690185,2025-12-24T03:00:00.374Z,2025-12-24 03:00:00.374000+00:00,1.1625e-05,87094.76774,BTC-USD,dydx,DEX,False,0.0
BTC-USD,0.000011625,87295.66886,68695804,2025-12-24T04:00:00.010Z,2025-12-24 04:00:00.010000+00:00,1.1625e-05,87295.66886,BTC-USD,dydx,DEX,False,0.0
BTC-USD,0.000009875,87073.1848,68701521,2025-12-24T05:00:00.412Z,2025-12-24 05:00:00.412000+00:00,9.875e-06,87073.1848,BTC-USD,dydx,DEX,False,0.0
BTC-USD,0.00001275,86887.18652,68707199,2025-12-24T06:00:00.092Z,2025-12-24 06:00:00.092000+00:00,1.275e-05,86887.18652,BTC-USD,dydx,DEX,False,0.0
BTC-USD,0.000016375,86948.1215,68712950,2025-12-24T07:00:00.198Z,2025-12-24 07:00:00.198000+00:00,1.6375e-05,86948.1215,BTC-USD,dydx,DEX,False,0.0
BTC-USD,0.000018875,86868.7286,68718669,2025-12-24T08:00:00.443Z,2025-12-24 08:00:00.443000+00:00,1.8875e-05,86868.7286,BTC-USD,dydx,DEX,False,0.0
BTC-USD,0.00001325,86710.00644,68724367,2025-12-24T09:00:00.446Z,2025-12-24 09:00:00.446000+00:00,1.325e-05,86710.00644,BTC-USD,dydx,DEX,False,0.0
BTC-USD,0.000009625,86744.07389,68730033,2025-12-24T10:00:00.474Z,2025-12-24 10:00:00.474000+00:00,9.625e-06,86744.07389,BTC-USD,dydx,DEX,False,0.0
BTC-USD,0.000009625,86744.07389,68730033,2025-12-24T10:00:00.474Z,2025-12-24 10:00:00.474000+00:00,9.625e-06,86744.07389,BTC-USD,dydx,DEX,False,0.0
BTC-USD,0.000012875,87043.29984,68735743,2025-12-24T11:00:00.012Z,2025-12-24 11:00:00.012000+00:00,1.2875e-05,87043.29984,BTC-USD,dydx,DEX,False,0.0
BTC-USD,0.00000925,87201.05058,68741515,2025-12-24T12:00:00.290Z,2025-12-24 12:00:00.290000+00:00,9.25e-06,87201.05058,BTC-USD,dydx,DEX,False,0.0
BTC-USD,0.000012,87390.45659,68747291,2025-12-24T13:00:00.494Z,2025-12-24 13:00:00.494000+00:00,1.2e-05,87390.45659,BTC-USD,dydx,DEX,False,0.0
BTC-USD,0.000006625,87247.69092,68753033,2025-12-24T14:00:00.049Z,2025-12-24 14:00:00.049000+00:00,6.625e-06,87247.69092,BTC-USD,dydx,DEX,False,0.0
BTC-USD,0.000005875,86938.71796,68758862,2025-12-24T15:00:00.092Z,2025-12-24 15:00:00.092000+00:00,5.875e-06,86938.71796,BTC-USD,dydx,DEX,False,0.0
BTC-USD,0.0000045,87021.45356,68764512,2025-12-24T16:00:00.354Z,2025-12-24 16:00:00.354000+00:00,4.5e-06,87021.45356,BTC-USD,dydx,DEX,False,0.0
BTC-USD,0.00000325,87231.00759,68770267,2025-12-24T17:00:00.388Z,2025-12-24 17:00:00.388000+00:00,3.25e-06,87231.00759,BTC-USD,dydx,DEX,False,0.0
BTC-USD,0.000000375,87297.88084,68775991,2025-12-24T18:00:00.256Z,2025-12-24 18:00:00.256000+00:00,3.75e-07,87297.88084,BTC-USD,dydx,DEX,False,0.0
BTC-USD,0,87453.29902,68781719,2025-12-24T19:00:00.746Z,2025-12-24 19:00:00.746000+00:00,0.0,87453.29902,BTC-USD,dydx,DEX,False,0.0
BTC-USD,0,87494.10235,68787474,2025-12-24T20:00:00.285Z,2025-12-24 20:00:00.285000+00:00,0.0,87494.10235,BTC-USD,dydx,DEX,False,0.0
BTC-USD,0.00000125,87495.75212,68793232,2025-12-24T21:00:00.246Z,2025-12-24 21:00:00.246000+00:00,1.25e-06,87495.75212,BTC-USD,dydx,DEX,False,0.0
BTC-USD,0.000002375,87659.47026,68798932,2025-12-24T22:00:00.340Z,2025-12-24 22:00:00.340000+00:00,2.375e-06,87659.47026,BTC-USD,dydx,DEX,False,0.0
BTC-USD,0.000006,87967.61619,68804727,2025-12-24T23:00:00.198Z,2025-12-24 23:00:00.198000+00:00,6e-06,87967.61619,BTC-USD,dydx,DEX,False,0.0
BTC-USD,0.00000225,87620.09669,68810461,2025-12-25T00:00:00.646Z,2025-12-25 00:00:00.646000+00:00,2.25e-06,87620.09669,BTC-USD,dydx,DEX,False,0.0
BTC-USD,0.000002875,87494.56173,68816230,2025-12-25T01:00:00.181Z,2025-12-25 01:00:00.181000+00:00,2.875e-06,87494.56173,BTC-USD,dydx,DEX,False,0.0
BTC-USD,0.0000045,87627.38564,68822015,2025-12-25T02:00:00.411Z,2025-12-25 02:00:00.411000+00:00,4.5e-06,87627.38564,BTC-USD,dydx,DEX,False,0.0
BTC-USD,0.000006375,87866.17691,68827784,2025-12-25T03:00:00.046Z,2025-12-25 03:00:00.046000+00:00,6.375e-06,87866.17691,BTC-USD,dydx,DEX,False,0.0
BTC-USD,0.000004875,87817.09145,68833499,2025-12-25T04:00:00.633Z,2025-12-25 04:00:00.633000+00:00,4.875e-06,87817.09145,BTC-USD,dydx,DEX,False,0.0
BTC-USD,0.00000525,87754.78808,68839231,2025-12-25T05:00:00.941Z,2025-12-25 05:00:00.941000+00:00,5.25e-06,87754.78808,BTC-USD,dydx,DEX,False,0.0
BTC-USD,0.000007125,87703.14874,68844899,2025-12-25T06:00:00.379Z,2025-12-25 06:00:00.379000+00:00,7.125e-06,87703.14874,BTC-USD,dydx,DEX,False,0.0
BTC-USD,0.000013375,87803.79834,68850628,2025-12-25T07:00:00.199Z,2025-12-25 07:00:00.199000+00:00,1.3375e-05,87803.79834,BTC-USD,dydx,DEX,False,0.0
BTC-USD,0.0000095,87799.82584,68856408,2025-12-25T08:00:00.005Z,2025-12-25 08:00:00.005000+00:00,9.5e-06,87799.82584,BTC-USD,dydx,DEX,False,0.0
BTC-USD,0.000008125,87546.51674,68862207,2025-12-25T09:00:00.160Z,2025-12-25 09:00:00.160000+00:00,8.125e-06,87546.51674,BTC-USD,dydx,DEX,False,0.0
BTC-USD,0.00000625,87454.56,68867970,2025-12-25T10:00:00.022Z,2025-12-25 10:00:00.022000+00:00,6.25e-06,87454.56,BTC-USD,dydx,DEX,False,0.0
BTC-USD,0.000009125,87337.39558,68873753,2025-12-25T11:00:00.116Z,2025-12-25 11:00:00.116000+00:00,9.125e-06,87337.39558,BTC-USD,dydx,DEX,False,0.0
BTC-USD,0.000008875,87446.69385,68879470,2025-12-25T12:00:00.487Z,2025-12-25 12:00:00.487000+00:00,8.875e-06,87446.69385,BTC-USD,dydx,DEX,False,0.0
BTC-USD,0.00001075,87498.25087,68885206,2025-12-25T13:00:00.547Z,2025-12-25 13:00:00.547000+00:00,1.075e-05,87498.25087,BTC-USD,dydx,DEX,False,0.0
BTC-USD,0.000005875,87625.20495,68890912,2025-12-25T14:00:00.171Z,2025-12-25 14:00:00.171000+00:00,5.875e-06,87625.20495,BTC-USD,dydx,DEX,False,0.0
BTC-USD,0.00001075,87701.15228,68896712,2025-12-25T15:00:00.519Z,2025-12-25 15:00:00.519000+00:00,1.075e-05,87701.15228,BTC-USD,dydx,DEX,False,0.0
BTC-USD,0.000005875,88276.55366,68902483,2025-12-25T16:00:00.433Z,2025-12-25 16:00:00.433000+00:00,5.875e-06,88276.55366,BTC-USD,dydx,DEX,False,0.0
BTC-USD,0.000006,88051.46609,68908266,2025-12-25T17:00:00.381Z,2025-12-25 17:00:00.381000+00:00,6e-06,88051.46609,BTC-USD,dydx,DEX,False,0.0
BTC-USD,0.000007,88125.62201,68914019,2025-12-25T18:00:00.259Z,2025-12-25 18:00:00.259000+00:00,7e-06,88125.62201,BTC-USD,dydx,DEX,False,0.0
BTC-USD,0.00000675,88203.72813,68919767,2025-12-25T19:00:00.249Z,2025-12-25 19:00:00.249000+00:00,6.75e-06,88203.72813,BTC-USD,dydx,DEX,False,0.0
BTC-USD,0.000008625,88097.38915,68925520,2025-12-25T20:00:00.174Z,2025-12-25 20:00:00.174000+00:00,8.625e-06,88097.38915,BTC-USD,dydx,DEX,False,0.0
BTC-USD,0.000007125,87815.89205,68931335,2025-12-25T21:00:00.388Z,2025-12-25 21:00:00.388000+00:00,7.125e-06,87815.89205,BTC-USD,dydx,DEX,False,0.0
BTC-USD,0.000009,87840.47976,68937133,2025-12-25T22:00:00.411Z,2025-12-25 22:00:00.411000+00:00,9e-06,87840.47976,BTC-USD,dydx,DEX,False,0.0
BTC-USD,0.000005625,87588.20589,68942982,2025-12-25T23:00:00.154Z,2025-12-25 23:00:00.154000+00:00,5.625e-06,87588.20589,BTC-USD,dydx,DEX,False,0.0
BTC-USD,0.000007625,87187.40196,68948681,2025-12-26T00:00:00.472Z,2025-12-26 00:00:00.472000+00:00,7.625e-06,87187.40196,BTC-USD,dydx,DEX,False,0.0
BTC-USD,0.00001575,87049.272,68954308,2025-12-26T01:00:00.190Z,2025-12-26 01:00:00.190000+00:00,1.575e-05,87049.272,BTC-USD,dydx,DEX,False,0.0
BTC-USD,0.000020375,87419.20861,68959964,2025-12-26T02:00:00.296Z,2025-12-26 02:00:00.296000+00:00,2.0375e-05,87419.20861,BTC-USD,dydx,DEX,False,0.0
BTC-USD,0.000010625,89081.42403,68965668,2025-12-26T03:00:00.673Z,2025-12-26 03:00:00.673000+00:00,1.0625e-05,89081.42403,BTC-USD,dydx,DEX,False,0.0
BTC-USD,0.00001425,88739.76,68971329,2025-12-26T04:00:00.081Z,2025-12-26 04:00:00.081000+00:00,1.425e-05,88739.76,BTC-USD,dydx,DEX,False,0.0
BTC-USD,0.000008375,88899.69936,68977068,2025-12-26T05:00:00.522Z,2025-12-26 05:00:00.522000+00:00,8.375e-06,88899.69936,BTC-USD,dydx,DEX,False,0.0
BTC-USD,0.00001125,88918.263,68982823,2025-12-26T06:00:00.307Z,2025-12-26 06:00:00.307000+00:00,1.125e-05,88918.263,BTC-USD,dydx,DEX,False,0.0
BTC-USD,0.00001275,89096.47849,68988696,2025-12-26T07:00:00.101Z,2025-12-26 07:00:00.101000+00:00,1.275e-05,89096.47849,BTC-USD,dydx,DEX,False,0.0
BTC-USD,0.000013,88384.13244,68994545,2025-12-26T08:00:00.273Z,2025-12-26 08:00:00.273000+00:00,1.3e-05,88384.13244,BTC-USD,dydx,DEX,False,0.0
BTC-USD,0.0000125,88689.35425,69000254,2025-12-26T09:00:00.181Z,2025-12-26 09:00:00.181000+00:00,1.25e-05,88689.35425,BTC-USD,dydx,DEX,False,0.0
BTC-USD,0.000011875,88753.40661,69005950,2025-12-26T10:00:00.209Z,2025-12-26 10:00:00.209000+00:00,1.1875e-05,88753.40661,BTC-USD,dydx,DEX,False,0.0
BTC-USD,0.000011125,88717.93075,69011740,2025-12-26T11:00:00.523Z,2025-12-26 11:00:00.523000+00:00,1.1125e-05,88717.93075,BTC-USD,dydx,DEX,False,0.0
BTC-USD,0.000005875,88517.06743,69017520,2025-12-26T12:00:00.450Z,2025-12-26 12:00:00.450000+00:00,5.875e-06,88517.06743,BTC-USD,dydx,DEX,False,0.0
BTC-USD,0.000008,88627.68879,69023335,2025-12-26T13:00:00.605Z,2025-12-26 13:00:00.605000+00:00,8e-06,88627.68879,BTC-USD,dydx,DEX,False,0.0
BTC-USD,0.000010375,88990.39384,69029124,2025-12-26T14:00:00.546Z,2025-12-26 14:00:00.546000+00:00,1.0375e-05,88990.39384,BTC-USD,dydx,DEX,False,0.0
BTC-USD,0.000007875,87370.51369,69034909,2025-12-26T15:00:00.320Z,2025-12-26 15:00:00.320000+00:00,7.875e-06,87370.51369,BTC-USD,dydx,DEX,False,0.0
BTC-USD,0.0000105,87089.47109,69040590,2025-12-26T16:00:00.272Z,2025-12-26 16:00:00.272000+00:00,1.05e-05,87089.47109,BTC-USD,dydx,DEX,False,0.0
BTC-USD,0.000008875,86815.91045,69046307,2025-12-26T17:00:00.299Z,2025-12-26 17:00:00.299000+00:00,8.875e-06,86815.91045,BTC-USD,dydx,DEX,False,0.0
BTC-USD,0.00001,87251.5023,69052049,2025-12-26T18:00:00.594Z,2025-12-26 18:00:00.594000+00:00,1e-05,87251.5023,BTC-USD,dydx,DEX,False,0.0
BTC-USD,0.00001075,87196.68349,69057829,2025-12-26T19:00:00.160Z,2025-12-26 19:00:00.160000+00:00,1.075e-05,87196.68349,BTC-USD,dydx,DEX,False,0.0
BTC-USD,0.000011,87456.37181,69063616,2025-12-26T20:00:00.808Z,2025-12-26 20:00:00.808000+00:00,1.1e-05,87456.37181,BTC-USD,dydx,DEX,False,0.0
BTC-USD,0.00001,87538.65978,69069460,2025-12-26T21:00:00.270Z,2025-12-26 21:00:00.270000+00:00,1e-05,87538.65978,BTC-USD,dydx,DEX,False,0.0
BTC-USD,0.0000115,87397.12221,69075271,2025-12-26T22:00:00.828Z,2025-12-26 22:00:00.828000+00:00,1.15e-05,87397.12221,BTC-USD,dydx,DEX,False,0.0
BTC-USD,0.000008375,87450.72956,69081092,2025-12-26T23:00:00.477Z,2025-12-26 23:00:00.477000+00:00,8.375e-06,87450.72956,BTC-USD,dydx,DEX,False,0.0
BTC-USD,0.000013625,87329.31534,69086915,2025-12-27T00:00:00.441Z,2025-12-27 00:00:00.441000+00:00,1.3625e-05,87329.31534,BTC-USD,dydx,DEX,False,0.0
BTC-USD,0.00001125,87342.03318,69092740,2025-12-27T01:00:00.173Z,2025-12-27 01:00:00.173000+00:00,1.125e-05,87342.03318,BTC-USD,dydx,DEX,False,0.0
BTC-USD,0.000013375,87398.44062,69098510,2025-12-27T02:00:00.300Z,2025-12-27 02:00:00.300000+00:00,1.3375e-05,87398.44062,BTC-USD,dydx,DEX,False,0.0
BTC-USD,0.000011,87402.27908,69104332,2025-12-27T03:00:00.325Z,2025-12-27 03:00:00.325000+00:00,1.1e-05,87402.27908,BTC-USD,dydx,DEX,False,0.0
BTC-USD,0.000011125,87449.74371,69110104,2025-12-27T04:00:00.247Z,2025-12-27 04:00:00.247000+00:00,1.1125e-05,87449.74371,BTC-USD,dydx,DEX,False,0.0
BTC-USD,0.000013375,87448.25069,69115889,2025-12-27T05:00:00.452Z,2025-12-27 05:00:00.452000+00:00,1.3375e-05,87448.25069,BTC-USD,dydx,DEX,False,0.0
BTC-USD,0.000010375,87448.42063,69121619,2025-12-27T06:00:00.269Z,2025-12-27 06:00:00.269000+00:00,1.0375e-05,87448.42063,BTC-USD,dydx,DEX,False,0.0
BTC-USD,0.000010875,87400.77808,69127319,2025-12-27T07:00:00.144Z,2025-12-27 07:00:00.144000+00:00,1.0875e-05,87400.77808,BTC-USD,dydx,DEX,False,0.0
BTC-USD,0.00000925,87516.67159,69132983,2025-12-27T08:00:00.145Z,2025-12-27 08:00:00.145000+00:00,9.25e-06,87516.67159,BTC-USD,dydx,DEX,False,0.0
BTC-USD,0.000010875,87561.4615,69138543,2025-12-27T09:00:00.309Z,2025-12-27 09:00:00.309000+00:00,1.0875e-05,87561.4615,BTC-USD,dydx,DEX,False,0.0
BTC-USD,0.000012875,87565.63031,69144149,2025-12-27T10:00:00.434Z,2025-12-27 10:00:00.434000+00:00,1.2875e-05,87565.63031,BTC-USD,dydx,DEX,False,0.0
BTC-USD,0.000008,87441.77329,69149750,2025-12-27T11:00:00.010Z,2025-12-27 11:00:00.010000+00:00,8e-06,87441.77329,BTC-USD,dydx,DEX,False,0.0
BTC-USD,0.000010125,87447.35105,69155302,2025-12-27T12:00:00.406Z,2025-12-27 12:00:00.406000+00:00,1.0125e-05,87447.35105,BTC-USD,dydx,DEX,False,0.0
BTC-USD,0.00000525,87436.03558,69160869,2025-12-27T13:00:00.254Z,2025-12-27 13:00:00.254000+00:00,5.25e-06,87436.03558,BTC-USD,dydx,DEX,False,0.0
BTC-USD,0.0000035,87417.09026,69166470,2025-12-27T14:00:00.587Z,2025-12-27 14:00:00.587000+00:00,3.5e-06,87417.09026,BTC-USD,dydx,DEX,False,0.0
BTC-USD,0.00001025,87469.88204,69172110,2025-12-27T15:00:00.597Z,2025-12-27 15:00:00.597000+00:00,1.025e-05,87469.88204,BTC-USD,dydx,DEX,False,0.0
BTC-USD,0.000009625,87530.9776,69177737,2025-12-27T16:00:00.415Z,2025-12-27 16:00:00.415000+00:00,9.625e-06,87530.9776,BTC-USD,dydx,DEX,False,0.0
BTC-USD,0.0000055,87483.74151,69183371,2025-12-27T17:00:00.479Z,2025-12-27 17:00:00.479000+00:00,5.5e-06,87483.74151,BTC-USD,dydx,DEX,False,0.0
BTC-USD,0.00000825,87519.77464,69188979,2025-12-27T18:00:00.555Z,2025-12-27 18:00:00.555000+00:00,8.25e-06,87519.77464,BTC-USD,dydx,DEX,False,0.0
BTC-USD,0.000010875,87420.02535,69194657,2025-12-27T19:00:00.389Z,2025-12-27 19:00:00.389000+00:00,1.0875e-05,87420.02535,BTC-USD,dydx,DEX,False,0.0
BTC-USD,0.0000095,87491.36961,69200352,2025-12-27T20:00:00.036Z,2025-12-27 20:00:00.036000+00:00,9.5e-06,87491.36961,BTC-USD,dydx,DEX,False,0.0
BTC-USD,0.00000725,87487.476,69206041,2025-12-27T21:00:00.141Z,2025-12-27 21:00:00.141000+00:00,7.25e-06,87487.476,BTC-USD,dydx,DEX,False,0.0
BTC-USD,0.000008,87583.96641,69211679,2025-12-27T22:00:00.103Z,2025-12-27 22:00:00.103000+00:00,8e-06,87583.96641,BTC-USD,dydx,DEX,False,0.0
BTC-USD,0.0000065,87531.98528,69217265,2025-12-27T23:00:00.547Z,2025-12-27 23:00:00.547000+00:00,6.5e-06,87531.98528,BTC-USD,dydx,DEX,False,0.0
BTC-USD,0.0000065,87830.08495,69222846,2025-12-28T00:00:00.319Z,2025-12-28 00:00:00.319000+00:00,6.5e-06,87830.08495,BTC-USD,dydx,DEX,False,0.0
BTC-USD,0.0000075,87805.72219,69228361,2025-12-28T01:00:00.259Z,2025-12-28 01:00:00.259000+00:00,7.5e-06,87805.72219,BTC-USD,dydx,DEX,False,0.0
BTC-USD,0.000006875,87728.19423,69233920,2025-12-28T02:00:00.273Z,2025-12-28 02:00:00.273000+00:00,6.875e-06,87728.19423,BTC-USD,dydx,DEX,False,0.0
BTC-USD,0.0000055,87760.2612,69239526,2025-12-28T03:00:00.521Z,2025-12-28 03:00:00.521000+00:00,5.5e-06,87760.2612,BTC-USD,dydx,DEX,False,0.0
BTC-USD,0.000006625,87707.18678,69245092,2025-12-28T04:00:00.600Z,2025-12-28 04:00:00.600000+00:00,6.625e-06,87707.18678,BTC-USD,dydx,DEX,False,0.0
BTC-USD,0.000006,87699.32027,69250702,2025-12-28T05:00:00.143Z,2025-12-28 05:00:00.143000+00:00,6e-06,87699.32027,BTC-USD,dydx,DEX,False,0.0
BTC-USD,0.000007125,87584.03665,69256311,2025-12-28T06:00:00.277Z,2025-12-28 06:00:00.277000+00:00,7.125e-06,87584.03665,BTC-USD,dydx,DEX,False,0.0
BTC-USD,0.000006375,87696.22018,69261923,2025-12-28T07:00:00.246Z,2025-12-28 07:00:00.246000+00:00,6.375e-06,87696.22018,BTC-USD,dydx,DEX,False,0.0
BTC-USD,0.000011625,87652.04505,69267510,2025-12-28T08:00:00.188Z,2025-12-28 08:00:00.188000+00:00,1.1625e-05,87652.04505,BTC-USD,dydx,DEX,False,0.0
BTC-USD,0.0000105,87760.54101,69273039,2025-12-28T09:00:00.214Z,2025-12-28 09:00:00.214000+00:00,1.05e-05,87760.54101,BTC-USD,dydx,DEX,False,0.0
BTC-USD,0.000008875,87744.3371,69278547,2025-12-28T10:00:00.353Z,2025-12-28 10:00:00.353000+00:00,8.875e-06,87744.3371,BTC-USD,dydx,DEX,False,0.0
BTC-USD,0.00000925,87791.95584,69284126,2025-12-28T11:00:00.024Z,2025-12-28 11:00:00.024000+00:00,9.25e-06,87791.95584,BTC-USD,dydx,DEX,False,0.0
BTC-USD,0.0000105,87793.58899,69289784,2025-12-28T12:00:00.274Z,2025-12-28 12:00:00.274000+00:00,1.05e-05,87793.58899,BTC-USD,dydx,DEX,False,0.0
BTC-USD,0.00001075,87791.81268,69295424,2025-12-28T13:00:00.371Z,2025-12-28 13:00:00.371000+00:00,1.075e-05,87791.81268,BTC-USD,dydx,DEX,False,0.0
BTC-USD,0.00001075,87791.81268,69295424,2025-12-28T13:00:00.371Z,2025-12-28 13:00:00.371000+00:00,1.075e-05,87791.81268,BTC-USD,dydx,DEX,False,0.0
BTC-USD,0.000010125,87819.72907,69301017,2025-12-28T14:00:00.457Z,2025-12-28 14:00:00.457000+00:00,1.0125e-05,87819.72907,BTC-USD,dydx,DEX,False,0.0
BTC-USD,0.000006125,87889.37531,69306655,2025-12-28T15:00:00.222Z,2025-12-28 15:00:00.222000+00:00,6.125e-06,87889.37531,BTC-USD,dydx,DEX,False,0.0
BTC-USD,0.0000055,87796.60169,69312280,2025-12-28T16:00:00.340Z,2025-12-28 16:00:00.340000+00:00,5.5e-06,87796.60169,BTC-USD,dydx,DEX,False,0.0
BTC-USD,0.000002625,87788.68607,69317942,2025-12-28T17:00:00.436Z,2025-12-28 17:00:00.436000+00:00,2.625e-06,87788.68607,BTC-USD,dydx,DEX,False,0.0
BTC-USD,0.0000035,87734.12449,69323562,2025-12-28T18:00:00.372Z,2025-12-28 18:00:00.372000+00:00,3.5e-06,87734.12449,BTC-USD,dydx,DEX,False,0.0
BTC-USD,0.000005625,87557.487,69329195,2025-12-28T19:00:00.739Z,2025-12-28 19:00:00.739000+00:00,5.625e-06,87557.487,BTC-USD,dydx,DEX,False,0.0
BTC-USD,0.000007,87523.02026,69334791,2025-12-28T20:00:00.071Z,2025-12-28 20:00:00.071000+00:00,7e-06,87523.02026,BTC-USD,dydx,DEX,False,0.0
BTC-USD,0.000011375,87490.51596,69340464,2025-12-28T21:00:00.609Z,2025-12-28 21:00:00.609000+00:00,1.1375e-05,87490.51596,BTC-USD,dydx,DEX,False,0.0
BTC-USD,0.000012875,87529.53523,69346164,2025-12-28T22:00:00.415Z,2025-12-28 22:00:00.415000+00:00,1.2875e-05,87529.53523,BTC-USD,dydx,DEX,False,0.0
BTC-USD,0.000009625,87833.87144,69351878,2025-12-28T23:00:00.609Z,2025-12-28 23:00:00.609000+00:00,9.625e-06,87833.87144,BTC-USD,dydx,DEX,False,0.0
BTC-USD,0.00001175,87894.63087,69357606,2025-12-29T00:00:00.547Z,2025-12-29 00:00:00.547000+00:00,1.175e-05,87894.63087,BTC-USD,dydx,DEX,False,0.0
BTC-USD,0.0000105,88257.34559,69363341,2025-12-29T01:00:00.287Z,2025-12-29 01:00:00.287000+00:00,1.05e-05,88257.34559,BTC-USD,dydx,DEX,False,0.0
BTC-USD,0.000010875,88356.08634,69369006,2025-12-29T02:00:00.480Z,2025-12-29 02:00:00.480000+00:00,1.0875e-05,88356.08634,BTC-USD,dydx,DEX,False,0.0
BTC-USD,0.00001625,89103.92725,69374721,2025-12-29T03:00:00.631Z,2025-12-29 03:00:00.631000+00:00,1.625e-05,89103.92725,BTC-USD,dydx,DEX,False,0.0
BTC-USD,0.00001,90013.49021,69380429,2025-12-29T04:00:00.258Z,2025-12-29 04:00:00.258000+00:00,1e-05,90013.49021,BTC-USD,dydx,DEX,False,0.0
BTC-USD,0.00000675,90112.10351,69386079,2025-12-29T05:00:00.082Z,2025-12-29 05:00:00.082000+00:00,6.75e-06,90112.10351,BTC-USD,dydx,DEX,False,0.0
BTC-USD,0.0000075,89908.80295,69391745,2025-12-29T06:00:00.397Z,2025-12-29 06:00:00.397000+00:00,7.5e-06,89908.80295,BTC-USD,dydx,DEX,False,0.0
BTC-USD,0.000006125,89687.21894,69397509,2025-12-29T07:00:01.237Z,2025-12-29 07:00:01.237000+00:00,6.125e-06,89687.21894,BTC-USD,dydx,DEX,False,0.0
BTC-USD,0.00001175,89538.41926,69403262,2025-12-29T08:00:00.189Z,2025-12-29 08:00:00.189000+00:00,1.175e-05,89538.41926,BTC-USD,dydx,DEX,False,0.0
BTC-USD,0.000009625,89446.44284,69408834,2025-12-29T09:00:00.014Z,2025-12-29 09:00:00.014000+00:00,9.625e-06,89446.44284,BTC-USD,dydx,DEX,False,0.0
BTC-USD,0.00000475,88003.79658,69414362,2025-12-29T10:00:00.226Z,2025-12-29 10:00:00.226000+00:00,4.75e-06,88003.79658,BTC-USD,dydx,DEX,False,0.0
BTC-USD,0.000004625,87705.86472,69420003,2025-12-29T11:00:00.644Z,2025-12-29 11:00:00.644000+00:00,4.625e-06,87705.86472,BTC-USD,dydx,DEX,False,0.0
BTC-USD,0.000005,87521.50064,69425585,2025-12-29T12:00:00.039Z,2025-12-29 12:00:00.039000+00:00,5e-06,87521.50064,BTC-USD,dydx,DEX,False,0.0
BTC-USD,0.000000625,87294.66426,69431289,2025-12-29T13:00:00.592Z,2025-12-29 13:00:00.592000+00:00,6.25e-07,87294.66426,BTC-USD,dydx,DEX,False,0.0
BTC-USD,0.00000075,87291.30695,69437040,2025-12-29T14:00:00.395Z,2025-12-29 14:00:00.395000+00:00,7.5e-07,87291.30695,BTC-USD,dydx,DEX,False,0.0
BTC-USD,0.000003125,87341.00719,69442823,2025-12-29T15:00:00.491Z,2025-12-29 15:00:00.491000+00:00,3.125e-06,87341.00719,BTC-USD,dydx,DEX,False,0.0
BTC-USD,0.00000525,87629.44384,69448591,2025-12-29T16:00:00.303Z,2025-12-29 16:00:00.303000+00:00,5.25e-06,87629.44384,BTC-USD,dydx,DEX,False,0.0
BTC-USD,0.000002625,87565.62444,69454467,2025-12-29T17:00:00.161Z,2025-12-29 17:00:00.161000+00:00,2.625e-06,87565.62444,BTC-USD,dydx,DEX,False,0.0
BTC-USD,0.00000325,87762.54247,69460310,2025-12-29T18:00:00.029Z,2025-12-29 18:00:00.029000+00:00,3.25e-06,87762.54247,BTC-USD,dydx,DEX,False,0.0
BTC-USD,0.000006125,87382.79376,69466158,2025-12-29T19:00:00.281Z,2025-12-29 19:00:00.281000+00:00,6.125e-06,87382.79376,BTC-USD,dydx,DEX,False,0.0
BTC-USD,0.00000775,87262.50291,69471969,2025-12-29T20:00:00.240Z,2025-12-29 20:00:00.240000+00:00,7.75e-06,87262.50291,BTC-USD,dydx,DEX,False,0.0
BTC-USD,0.00001025,87129.98799,69477814,2025-12-29T21:00:00.329Z,2025-12-29 21:00:00.329000+00:00,1.025e-05,87129.98799,BTC-USD,dydx,DEX,False,0.0
BTC-USD,0.00001975,87243.10554,69483665,2025-12-29T22:00:00.408Z,2025-12-29 22:00:00.408000+00:00,1.975e-05,87243.10554,BTC-USD,dydx,DEX,False,0.0
BTC-USD,0.000015125,87257.53287,69489512,2025-12-29T23:00:00.383Z,2025-12-29 23:00:00.383000+00:00,1.5125e-05,87257.53287,BTC-USD,dydx,DEX,False,0.0
BTC-USD,0.000012625,87146.68265,69495436,2025-12-30T00:00:00.482Z,2025-12-30 00:00:00.482000+00:00,1.2625e-05,87146.68265,BTC-USD,dydx,DEX,False,0.0
BTC-USD,0.000006625,87194.98401,69501354,2025-12-30T01:00:01.011Z,2025-12-30 01:00:01.011000+00:00,6.625e-06,87194.98401,BTC-USD,dydx,DEX,False,0.0
BTC-USD,0.00000875,87219.582,69507241,2025-12-30T02:00:00.535Z,2025-12-30 02:00:00.535000+00:00,8.75e-06,87219.582,BTC-USD,dydx,DEX,False,0.0
BTC-USD,0.000012875,87010.2208,69513156,2025-12-30T03:00:00.746Z,2025-12-30 03:00:00.746000+00:00,1.2875e-05,87010.2208,BTC-USD,dydx,DEX,False,0.0
BTC-USD,0.00001225,87242.99747,69519058,2025-12-30T04:00:00.046Z,2025-12-30 04:00:00.046000+00:00,1.225e-05,87242.99747,BTC-USD,dydx,DEX,False,0.0
BTC-USD,0.00001575,87232.24775,69524878,2025-12-30T05:00:00.646Z,2025-12-30 05:00:00.646000+00:00,1.575e-05,87232.24775,BTC-USD,dydx,DEX,False,0.0
BTC-USD,0.000015125,87158.06193,69530713,2025-12-30T06:00:00.497Z,2025-12-30 06:00:00.497000+00:00,1.5125e-05,87158.06193,BTC-USD,dydx,DEX,False,0.0
BTC-USD,0.00001425,87376.62104,69536554,2025-12-30T07:00:00.408Z,2025-12-30 07:00:00.408000+00:00,1.425e-05,87376.62104,BTC-USD,dydx,DEX,False,0.0
BTC-USD,0.00001225,87410.88911,69542384,2025-12-30T08:00:00.255Z,2025-12-30 08:00:00.255000+00:00,1.225e-05,87410.88911,BTC-USD,dydx,DEX,False,0.0
BTC-USD,0.000006125,87804.97552,69548066,2025-12-30T09:00:00.390Z,2025-12-30 09:00:00.390000+00:00,6.125e-06,87804.97552,BTC-USD,dydx,DEX,False,0.0
BTC-USD,0.000007,87905.38515,69553671,2025-12-30T10:00:00.128Z,2025-12-30 10:00:00.128000+00:00,7e-06,87905.38515,BTC-USD,dydx,DEX,False,0.0
BTC-USD,0.000008375,87858.23671,69559358,2025-12-30T11:00:00.606Z,2025-12-30 11:00:00.606000+00:00,8.375e-06,87858.23671,BTC-USD,dydx,DEX,False,0.0
BTC-USD,0.000008375,87807.992,69565061,2025-12-30T12:00:00.357Z,2025-12-30 12:00:00.357000+00:00,8.375e-06,87807.992,BTC-USD,dydx,DEX,False,0.0
BTC-USD,0.000010375,87898.87101,69570868,2025-12-30T13:00:00.248Z,2025-12-30 13:00:00.248000+00:00,1.0375e-05,87898.87101,BTC-USD,dydx,DEX,False,0.0
BTC-USD,0.00000625,88047.26745,69576713,2025-12-30T14:00:00.678Z,2025-12-30 14:00:00.678000+00:00,6.25e-06,88047.26745,BTC-USD,dydx,DEX,False,0.0
BTC-USD,0.00000775,88749.80019,69582614,2025-12-30T15:00:00.146Z,2025-12-30 15:00:00.146000+00:00,7.75e-06,88749.80019,BTC-USD,dydx,DEX,False,0.0
BTC-USD,0.000002875,88907.44,69588434,2025-12-30T16:00:00.045Z,2025-12-30 16:00:00.045000+00:00,2.875e-06,88907.44,BTC-USD,dydx,DEX,False,0.0
BTC-USD,0.0000025,88659.99,69594254,2025-12-30T17:00:00.390Z,2025-12-30 17:00:00.390000+00:00,2.5e-06,88659.99,BTC-USD,dydx,DEX,False,0.0
BTC-USD,0.000001875,88312.5904,69599901,2025-12-30T18:00:00.511Z,2025-12-30 18:00:00.511000+00:00,1.875e-06,88312.5904,BTC-USD,dydx,DEX,False,0.0
BTC-USD,0.0000045,88228.06855,69605612,2025-12-30T19:00:00.400Z,2025-12-30 19:00:00.400000+00:00,4.5e-06,88228.06855,BTC-USD,dydx,DEX,False,0.0
BTC-USD,0.00000175,88148.19174,69611323,2025-12-30T20:00:00.123Z,2025-12-30 20:00:00.123000+00:00,1.75e-06,88148.19174,BTC-USD,dydx,DEX,False,0.0
BTC-USD,0.000001625,87854.50184,69617022,2025-12-30T21:00:00.502Z,2025-12-30 21:00:00.502000+00:00,1.625e-06,87854.50184,BTC-USD,dydx,DEX,False,0.0
BTC-USD,0.00000925,88209.25354,69622729,2025-12-30T22:00:00.076Z,2025-12-30 22:00:00.076000+00:00,9.25e-06,88209.25354,BTC-USD,dydx,DEX,False,0.0
BTC-USD,0.000009625,88341.9922,69628415,2025-12-30T23:00:00.392Z,2025-12-30 23:00:00.392000+00:00,9.625e-06,88341.9922,BTC-USD,dydx,DEX,False,0.0
BTC-USD,0.0000115,88424.49829,69634052,2025-12-31T00:00:00.179Z,2025-12-31 00:00:00.179000+00:00,1.15e-05,88424.49829,BTC-USD,dydx,DEX,False,0.0
BTC-USD,0.0000125,88165.30946,69639681,2025-12-31T01:00:00.671Z,2025-12-31 01:00:00.671000+00:00,1.25e-05,88165.30946,BTC-USD,dydx,DEX,False,0.0
BTC-USD,0.00000925,88563.59343,69645384,2025-12-31T02:00:00.447Z,2025-12-31 02:00:00.447000+00:00,9.25e-06,88563.59343,BTC-USD,dydx,DEX,False,0.0
BTC-USD,0.00001175,88589.74922,69651118,2025-12-31T03:00:00.008Z,2025-12-31 03:00:00.008000+00:00,1.175e-05,88589.74922,BTC-USD,dydx,DEX,False,0.0
BTC-USD,0.00001925,88355.65715,69656829,2025-12-31T04:00:00.489Z,2025-12-31 04:00:00.489000+00:00,1.925e-05,88355.65715,BTC-USD,dydx,DEX,False,0.0
BTC-USD,0.000013625,88243.95221,69662599,2025-12-31T05:00:00.460Z,2025-12-31 05:00:00.460000+00:00,1.3625e-05,88243.95221,BTC-USD,dydx,DEX,False,0.0
BTC-USD,0.000017,88386.73044,69668325,2025-12-31T06:00:00.677Z,2025-12-31 06:00:00.677000+00:00,1.7e-05,88386.73044,BTC-USD,dydx,DEX,False,0.0
BTC-USD,0.000012875,88438.61524,69674078,2025-12-31T07:00:00.444Z,2025-12-31 07:00:00.444000+00:00,1.2875e-05,88438.61524,BTC-USD,dydx,DEX,False,0.0
BTC-USD,0.0000085,88553.90148,69679786,2025-12-31T08:00:00.489Z,2025-12-31 08:00:00.489000+00:00,8.5e-06,88553.90148,BTC-USD,dydx,DEX,False,0.0
BTC-USD,0.000011375,88354.28114,69685257,2025-12-31T09:00:00.146Z,2025-12-31 09:00:00.146000+00:00,1.1375e-05,88354.28114,BTC-USD,dydx,DEX,False,0.0
BTC-USD,0.000012125,88598.96093,69690712,2025-12-31T10:00:00.107Z,2025-12-31 10:00:00.107000+00:00,1.2125e-05,88598.96093,BTC-USD,dydx,DEX,False,0.0
BTC-USD,0.000004875,88765.91068,69696190,2025-12-31T11:00:00.646Z,2025-12-31 11:00:00.646000+00:00,4.875e-06,88765.91068,BTC-USD,dydx,DEX,False,0.0
BTC-USD,0.000007625,88953.40651,69701621,2025-12-31T12:00:00.362Z,2025-12-31 12:00:00.362000+00:00,7.625e-06,88953.40651,BTC-USD,dydx,DEX,False,0.0
BTC-USD,0.000016125,88673.12687,69707269,2025-12-31T13:00:00.342Z,2025-12-31 13:00:00.342000+00:00,1.6125e-05,88673.12687,BTC-USD,dydx,DEX,False,0.0
BTC-USD,0.000013875,88877.48291,69712959,2025-12-31T14:00:00.191Z,2025-12-31 14:00:00.191000+00:00,1.3875e-05,88877.48291,BTC-USD,dydx,DEX,False,0.0
BTC-USD,0.000015875,88395.94365,69718618,2025-12-31T15:00:00.618Z,2025-12-31 15:00:00.618000+00:00,1.5875e-05,88395.94365,BTC-USD,dydx,DEX,False,0.0
BTC-USD,0.000007875,87847.25274,69724222,2025-12-31T16:00:00.197Z,2025-12-31 16:00:00.197000+00:00,7.875e-06,87847.25274,BTC-USD,dydx,DEX,False,0.0
BTC-USD,0.000007125,87536.88444,69729931,2025-12-31T17:00:00.150Z,2025-12-31 17:00:00.150000+00:00,7.125e-06,87536.88444,BTC-USD,dydx,DEX,False,0.0
BTC-USD,-0.000008125,87523.60639,69735553,2025-12-31T18:00:00.377Z,2025-12-31 18:00:00.377000+00:00,-8.125e-06,87523.60639,BTC-USD,dydx,DEX,False,0.0
BTC-USD,-0.000003875,87611.82149,69741136,2025-12-31T19:00:00.621Z,2025-12-31 19:00:00.621000+00:00,-3.875e-06,87611.82149,BTC-USD,dydx,DEX,False,0.0
BTC-USD,-0.00000275,87449.43777,69746693,2025-12-31T20:00:00.195Z,2025-12-31 20:00:00.195000+00:00,-2.75e-06,87449.43777,BTC-USD,dydx,DEX,False,0.0
BTC-USD,-0.000019875,87586.40767,69752368,2025-12-31T21:00:00.547Z,2025-12-31 21:00:00.547000+00:00,-1.9875e-05,87586.40767,BTC-USD,dydx,DEX,False,0.0
BTC-USD,-0.000047,87682.77072,69757965,2025-12-31T22:00:00.391Z,2025-12-31 22:00:00.391000+00:00,-4.7e-05,87682.77072,BTC-USD,dydx,DEX,False,0.0
BTC-USD,-0.000048625,87611.22764,69763555,2025-12-31T23:00:00.314Z,2025-12-31 23:00:00.314000+00:00,-4.8625e-05,87611.22764,BTC-USD,dydx,DEX,False,0.0
BTC-USD,-0.00005375,87524.78275,69769174,2026-01-01T00:00:00.242Z,2026-01-01 00:00:00.242000+00:00,-5.375e-05,87524.78275,BTC-USD,dydx,DEX,False,0.0
BTC-USD,-0.00005125,87674.88187,69774887,2026-01-01T01:00:00.264Z,2026-01-01 01:00:00.264000+00:00,-5.125e-05,87674.88187,BTC-USD,dydx,DEX,False,0.0
BTC-USD,-0.000041625,87838.28256,69780587,2026-01-01T02:00:00.052Z,2026-01-01 02:00:00.052000+00:00,-4.1625e-05,87838.28256,BTC-USD,dydx,DEX,False,0.0
BTC-USD,-0.0000315,87791.79211,69786308,2026-01-01T03:00:00.415Z,2026-01-01 03:00:00.415000+00:00,-3.15e-05,87791.79211,BTC-USD,dydx,DEX,False,0.0
BTC-USD,-0.00004175,87720.77184,69792028,2026-01-01T04:00:00.158Z,2026-01-01 04:00:00.158000+00:00,-4.175e-05,87720.77184,BTC-USD,dydx,DEX,False,0.0
BTC-USD,-0.000047,87483.55724,69797780,2026-01-01T05:00:00.306Z,2026-01-01 05:00:00.306000+00:00,-4.7e-05,87483.55724,BTC-USD,dydx,DEX,False,0.0
BTC-USD,-0.000054625,87569.73806,69803511,2026-01-01T06:00:00.451Z,2026-01-01 06:00:00.451000+00:00,-5.4625e-05,87569.73806,BTC-USD,dydx,DEX,False,0.0
BTC-USD,-0.000043375,87524.56014,69809259,2026-01-01T07:00:00.322Z,2026-01-01 07:00:00.322000+00:00,-4.3375e-05,87524.56014,BTC-USD,dydx,DEX,False,0.0
BTC-USD,-0.000042375,87474.43666,69814955,2026-01-01T08:00:00.308Z,2026-01-01 08:00:00.308000+00:00,-4.2375e-05,87474.43666,BTC-USD,dydx,DEX,False,0.0
BTC-USD,-0.000026,87658.21014,69820365,2026-01-01T09:00:00.487Z,2026-01-01 09:00:00.487000+00:00,-2.6e-05,87658.21014,BTC-USD,dydx,DEX,False,0.0
BTC-USD,-0.000023125,87759.84389,69825888,2026-01-01T10:00:00.198Z,2026-01-01 10:00:00.198000+00:00,-2.3125e-05,87759.84389,BTC-USD,dydx,DEX,False,0.0
BTC-USD,-0.000030125,87710.17545,69831491,2026-01-01T11:00:00.374Z,2026-01-01 11:00:00.374000+00:00,-3.0125e-05,87710.17545,BTC-USD,dydx,DEX,False,0.0
BTC-USD,-0.00003675,87900.62918,69837103,2026-01-01T12:00:00.025Z,2026-01-01 12:00:00.025000+00:00,-3.675e-05,87900.62918,BTC-USD,dydx,DEX,False,0.0
BTC-USD,-0.000049125,87857.37115,69842811,2026-01-01T13:00:00.376Z,2026-01-01 13:00:00.376000+00:00,-4.9125e-05,87857.37115,BTC-USD,dydx,DEX,False,0.0
BTC-USD,-0.000057,87800.0134,69848532,2026-01-01T14:00:00.474Z,2026-01-01 14:00:00.474000+00:00,-5.7e-05,87800.0134,BTC-USD,dydx,DEX,False,0.0
BTC-USD,-0.000050875,87857.94205,69854333,2026-01-01T15:00:00.251Z,2026-01-01 15:00:00.251000+00:00,-5.0875e-05,87857.94205,BTC-USD,dydx,DEX,False,0.0
BTC-USD,-0.0000375,87912.22812,69860042,2026-01-01T16:00:00.364Z,2026-01-01 16:00:00.364000+00:00,-3.75e-05,87912.22812,BTC-USD,dydx,DEX,False,0.0
BTC-USD,-0.0000375,87912.22812,69860042,2026-01-01T16:00:00.364Z,2026-01-01 16:00:00.364000+00:00,-3.75e-05,87912.22812,BTC-USD,dydx,DEX,False,0.0
BTC-USD,-0.00003675,87863.30669,69865694,2026-01-01T17:00:00.303Z,2026-01-01 17:00:00.303000+00:00,-3.675e-05,87863.30669,BTC-USD,dydx,DEX,False,0.0
BTC-USD,-0.000033625,88202.46185,69871309,2026-01-01T18:00:00.305Z,2026-01-01 18:00:00.305000+00:00,-3.3625e-05,88202.46185,BTC-USD,dydx,DEX,False,0.0
BTC-USD,-0.000044,88091.09979,69876968,2026-01-01T19:00:00.347Z,2026-01-01 19:00:00.347000+00:00,-4.4e-05,88091.09979,BTC-USD,dydx,DEX,False,0.0
BTC-USD,-0.000039625,88290.68025,69882617,2026-01-01T20:00:00.303Z,2026-01-01 20:00:00.303000+00:00,-3.9625e-05,88290.68025,BTC-USD,dydx,DEX,False,0.0
BTC-USD,-0.000052,88179.82017,69888313,2026-01-01T21:00:00.531Z,2026-01-01 21:00:00.531000+00:00,-5.2e-05,88179.82017,BTC-USD,dydx,DEX,False,0.0
BTC-USD,-0.0000515,88271.73826,69894016,2026-01-01T22:00:00.643Z,2026-01-01 22:00:00.643000+00:00,-5.15e-05,88271.73826,BTC-USD,dydx,DEX,False,0.0
BTC-USD,-0.000040875,88575.72427,69899771,2026-01-01T23:00:00.173Z,2026-01-01 23:00:00.173000+00:00,-4.0875e-05,88575.72427,BTC-USD,dydx,DEX,False,0.0
BTC-USD,-0.0000235,88733.57068,69905510,2026-01-02T00:00:00.555Z,2026-01-02 00:00:00.555000+00:00,-2.35e-05,88733.57068,BTC-USD,dydx,DEX,False,0.0
BTC-USD,0.000010875,88708.74,69911252,2026-01-02T01:00:00.287Z,2026-01-02 01:00:00.287000+00:00,1.0875e-05,88708.74,BTC-USD,dydx,DEX,False,0.0
BTC-USD,0.00001375,88523.11663,69916968,2026-01-02T02:00:00.750Z,2026-01-02 02:00:00.750000+00:00,1.375e-05,88523.11663,BTC-USD,dydx,DEX,False,0.0
BTC-USD,0.000020875,88557.3284,69922732,2026-01-02T03:00:00.215Z,2026-01-02 03:00:00.215000+00:00,2.0875e-05,88557.3284,BTC-USD,dydx,DEX,False,0.0
BTC-USD,0.000014125,88831.7714,69928446,2026-01-02T04:00:00.648Z,2026-01-02 04:00:00.648000+00:00,1.4125e-05,88831.7714,BTC-USD,dydx,DEX,False,0.0
BTC-USD,0.000013125,88529.98,69934151,2026-01-02T05:00:00.206Z,2026-01-02 05:00:00.206000+00:00,1.3125e-05,88529.98,BTC-USD,dydx,DEX,False,0.0
BTC-USD,0.00001025,88673.82617,69939839,2026-01-02T06:00:00.184Z,2026-01-02 06:00:00.184000+00:00,1.025e-05,88673.82617,BTC-USD,dydx,DEX,False,0.0
BTC-USD,0.000008875,88861.14885,69945523,2026-01-02T07:00:00.455Z,2026-01-02 07:00:00.455000+00:00,8.875e-06,88861.14885,BTC-USD,dydx,DEX,False,0.0
BTC-USD,0.000012,88786.85317,69951255,2026-01-02T08:00:00.233Z,2026-01-02 08:00:00.233000+00:00,1.2e-05,88786.85317,BTC-USD,dydx,DEX,False,0.0
BTC-USD,0.000019375,89074.83265,69956928,2026-01-02T09:00:00.401Z,2026-01-02 09:00:00.401000+00:00,1.9375e-05,89074.83265,BTC-USD,dydx,DEX,False,0.0
BTC-USD,0.0000285,89352.44755,69962516,2026-01-02T10:00:00.044Z,2026-01-02 10:00:00.044000+00:00,2.85e-05,89352.44755,BTC-USD,dydx,DEX,False,0.0
BTC-USD,0.000023875,89553.35706,69968146,2026-01-02T11:00:00.336Z,2026-01-02 11:00:00.336000+00:00,2.3875e-05,89553.35706,BTC-USD,dydx,DEX,False,0.0
BTC-USD,0.000013375,89422.27653,69973720,2026-01-02T12:00:00.283Z,2026-01-02 12:00:00.283000+00:00,1.3375e-05,89422.27653,BTC-USD,dydx,DEX,False,0.0
BTC-USD,0.0000075,89357.07862,69979293,2026-01-02T13:00:00.302Z,2026-01-02 13:00:00.302000+00:00,7.5e-06,89357.07862,BTC-USD,dydx,DEX,False,0.0
BTC-USD,0.000010625,89269.57069,69984565,2026-01-02T14:00:00.017Z,2026-01-02 14:00:00.017000+00:00,1.0625e-05,89269.57069,BTC-USD,dydx,DEX,False,0.0
BTC-USD,0.0000065,89576.24425,69990046,2026-01-02T15:00:00.465Z,2026-01-02 15:00:00.465000+00:00,6.5e-06,89576.24425,BTC-USD,dydx,DEX,False,0.0
BTC-USD,0.00000025,89325.03748,69995518,2026-01-02T16:00:00.449Z,2026-01-02 16:00:00.449000+00:00,2.5e-07,89325.03748,BTC-USD,dydx,DEX,False,0.0
BTC-USD,0.000000125,90331.36745,70001101,2026-01-02T17:00:00.424Z,2026-01-02 17:00:00.424000+00:00,1.25e-07,90331.36745,BTC-USD,dydx,DEX,False,0.0
BTC-USD,0,90310.6468,70006718,2026-01-02T18:00:00.466Z,2026-01-02 18:00:00.466000+00:00,0.0,90310.6468,BTC-USD,dydx,DEX,False,0.0
BTC-USD,-0.00000025,89736.90892,70012348,2026-01-02T19:00:00.035Z,2026-01-02 19:00:00.035000+00:00,-2.5e-07,89736.90892,BTC-USD,dydx,DEX,False,0.0
BTC-USD,0,89885.83424,70017933,2026-01-02T20:00:00.165Z,2026-01-02 20:00:00.165000+00:00,0.0,89885.83424,BTC-USD,dydx,DEX,False,0.0
BTC-USD,-0.00000025,89759.38084,70023573,2026-01-02T21:00:00.640Z,2026-01-02 21:00:00.640000+00:00,-2.5e-07,89759.38084,BTC-USD,dydx,DEX,False,0.0
BTC-USD,0.000000125,90050.35783,70029211,2026-01-02T22:00:00.297Z,2026-01-02 22:00:00.297000+00:00,1.25e-07,90050.35783,BTC-USD,dydx,DEX,False,0.0
BTC-USD,0.00000025,90190.66186,70034845,2026-01-02T23:00:00.820Z,2026-01-02 23:00:00.820000+00:00,2.5e-07,90190.66186,BTC-USD,dydx,DEX,False,0.0
BTC-USD,0.000000625,89927.57,70040475,2026-01-03T00:00:00.448Z,2026-01-03 00:00:00.448000+00:00,6.25e-07,89927.57,BTC-USD,dydx,DEX,False,0.0
BTC-USD,0.000000375,90120.01,70046059,2026-01-03T01:00:00.597Z,2026-01-03 01:00:00.597000+00:00,3.75e-07,90120.01,BTC-USD,dydx,DEX,False,0.0
BTC-USD,0.00000225,90224.15516,70051675,2026-01-03T02:00:00.172Z,2026-01-03 02:00:00.172000+00:00,2.25e-06,90224.15516,BTC-USD,dydx,DEX,False,0.0
BTC-USD,0.000001625,90281.13157,70057360,2026-01-03T03:00:00.295Z,2026-01-03 03:00:00.295000+00:00,1.625e-06,90281.13157,BTC-USD,dydx,DEX,False,0.0
BTC-USD,0.00000175,90282.41527,70063027,2026-01-03T04:00:00.134Z,2026-01-03 04:00:00.134000+00:00,1.75e-06,90282.41527,BTC-USD,dydx,DEX,False,0.0
BTC-USD,0.000000875,90119.976,70068731,2026-01-03T05:00:00.299Z,2026-01-03 05:00:00.299000+00:00,8.75e-07,90119.976,BTC-USD,dydx,DEX,False,0.0
BTC-USD,0.000001375,89973.96,70074415,2026-01-03T06:00:00.360Z,2026-01-03 06:00:00.360000+00:00,1.375e-06,89973.96,BTC-USD,dydx,DEX,False,0.0
BTC-USD,0.0000035,89871.12577,70080138,2026-01-03T07:00:00.142Z,2026-01-03 07:00:00.142000+00:00,3.5e-06,89871.12577,BTC-USD,dydx,DEX,False,0.0
BTC-USD,0.00000625,89557.33947,70085807,2026-01-03T08:00:00.397Z,2026-01-03 08:00:00.397000+00:00,6.25e-06,89557.33947,BTC-USD,dydx,DEX,False,0.0
BTC-USD,0.00001025,89668,70091331,2026-01-03T09:00:00.077Z,2026-01-03 09:00:00.077000+00:00,1.025e-05,89668.0,BTC-USD,dydx,DEX,False,0.0
BTC-USD,0.0000065,89757.10312,70096815,2026-01-03T10:00:00.225Z,2026-01-03 10:00:00.225000+00:00,6.5e-06,89757.10312,BTC-USD,dydx,DEX,False,0.0
BTC-USD,0.000009125,89769.18394,70102391,2026-01-03T11:00:00.392Z,2026-01-03 11:00:00.392000+00:00,9.125e-06,89769.18394,BTC-USD,dydx,DEX,False,0.0
BTC-USD,0.000011,89736.79528,70107972,2026-01-03T12:00:00.535Z,2026-01-03 12:00:00.535000+00:00,1.1e-05,89736.79528,BTC-USD,dydx,DEX,False,0.0
BTC-USD,0.000010125,89960.74902,70113641,2026-01-03T13:00:00.050Z,2026-01-03 13:00:00.050000+00:00,1.0125e-05,89960.74902,BTC-USD,dydx,DEX,False,0.0
BTC-USD,0.000009875,89975.80725,70119350,2026-01-03T14:00:00.223Z,2026-01-03 14:00:00.223000+00:00,9.875e-06,89975.80725,BTC-USD,dydx,DEX,False,0.0
BTC-USD,0.000008625,90072.05162,70125105,2026-01-03T15:00:00.105Z,2026-01-03 15:00:00.105000+00:00,8.625e-06,90072.05162,BTC-USD,dydx,DEX,False,0.0
BTC-USD,0.000006125,89928.81193,70130834,2026-01-03T16:00:00.512Z,2026-01-03 16:00:00.512000+00:00,6.125e-06,89928.81193,BTC-USD,dydx,DEX,False,0.0
BTC-USD,0.000005,90073,70136581,2026-01-03T17:00:00.545Z,2026-01-03 17:00:00.545000+00:00,5e-06,90073.0,BTC-USD,dydx,DEX,False,0.0
BTC-USD,0.000002375,90074.87753,70142316,2026-01-03T18:00:00.455Z,2026-01-03 18:00:00.455000+00:00,2.375e-06,90074.87753,BTC-USD,dydx,DEX,False,0.0
BTC-USD,0.00000325,90116.06518,70148067,2026-01-03T19:00:00.745Z,2026-01-03 19:00:00.745000+00:00,3.25e-06,90116.06518,BTC-USD,dydx,DEX,False,0.0
BTC-USD,0.000003125,90067.53652,70153820,2026-01-03T20:00:00.318Z,2026-01-03 20:00:00.318000+00:00,3.125e-06,90067.53652,BTC-USD,dydx,DEX,False,0.0
BTC-USD,0.00000425,90323.60291,70159590,2026-01-03T21:00:00.077Z,2026-01-03 21:00:00.077000+00:00,4.25e-06,90323.60291,BTC-USD,dydx,DEX,False,0.0
BTC-USD,0.000004875,90525.28988,70165343,2026-01-03T22:00:00.346Z,2026-01-03 22:00:00.346000+00:00,4.875e-06,90525.28988,BTC-USD,dydx,DEX,False,0.0
BTC-USD,0.00000375,90542.33729,70171056,2026-01-03T23:00:00.070Z,2026-01-03 23:00:00.070000+00:00,3.75e-06,90542.33729,BTC-USD,dydx,DEX,False,0.0
BTC-USD,0.000003,90621.55137,70176748,2026-01-04T00:00:00.486Z,2026-01-04 00:00:00.486000+00:00,3e-06,90621.55137,BTC-USD,dydx,DEX,False,0.0
BTC-USD,0.000001625,91321.32147,70182447,2026-01-04T01:00:00.590Z,2026-01-04 01:00:00.590000+00:00,1.625e-06,91321.32147,BTC-USD,dydx,DEX,False,0.0
BTC-USD,0.000000875,91210.53683,70188103,2026-01-04T02:00:00.499Z,2026-01-04 02:00:00.499000+00:00,8.75e-07,91210.53683,BTC-USD,dydx,DEX,False,0.0
BTC-USD,0,91083.07507,70193802,2026-01-04T03:00:00.207Z,2026-01-04 03:00:00.207000+00:00,0.0,91083.07507,BTC-USD,dydx,DEX,False,0.0
BTC-USD,-0.000000875,91206.35506,70199425,2026-01-04T04:00:00.382Z,2026-01-04 04:00:00.382000+00:00,-8.75e-07,91206.35506,BTC-USD,dydx,DEX,False,0.0
BTC-USD,-0.000000125,91396.72846,70205087,2026-01-04T05:00:00.044Z,2026-01-04 05:00:00.044000+00:00,-1.25e-07,91396.72846,BTC-USD,dydx,DEX,False,0.0
BTC-USD,0,91436.61267,70210804,2026-01-04T06:00:00.157Z,2026-01-04 06:00:00.157000+00:00,0.0,91436.61267,BTC-USD,dydx,DEX,False,0.0
BTC-USD,0,91224,70216412,2026-01-04T07:00:00.318Z,2026-01-04 07:00:00.318000+00:00,0.0,91224.0,BTC-USD,dydx,DEX,False,0.0
BTC-USD,0.000000875,91471.70565,70222079,2026-01-04T08:00:00.173Z,2026-01-04 08:00:00.173000+00:00,8.75e-07,91471.70565,BTC-USD,dydx,DEX,False,0.0
BTC-USD,0.00000225,91318.00459,70227724,2026-01-04T09:00:00.483Z,2026-01-04 09:00:00.483000+00:00,2.25e-06,91318.00459,BTC-USD,dydx,DEX,False,0.0
BTC-USD,0,91402.51949,70233264,2026-01-04T10:00:00.024Z,2026-01-04 10:00:00.024000+00:00,0.0,91402.51949,BTC-USD,dydx,DEX,False,0.0
BTC-USD,0.00000025,91567.62971,70238796,2026-01-04T11:00:00.094Z,2026-01-04 11:00:00.094000+00:00,2.5e-07,91567.62971,BTC-USD,dydx,DEX,False,0.0
BTC-USD,0.00000025,91262.39019,70244301,2026-01-04T12:00:00.086Z,2026-01-04 12:00:00.086000+00:00,2.5e-07,91262.39019,BTC-USD,dydx,DEX,False,0.0
BTC-USD,-0.00000875,91129.26122,70249974,2026-01-04T13:00:00.319Z,2026-01-04 13:00:00.319000+00:00,-8.75e-06,91129.26122,BTC-USD,dydx,DEX,False,0.0
BTC-USD,-0.00001475,91247.15056,70255702,2026-01-04T14:00:00.472Z,2026-01-04 14:00:00.472000+00:00,-1.475e-05,91247.15056,BTC-USD,dydx,DEX,False,0.0
BTC-USD,-0.00002325,91307.83843,70261447,2026-01-04T15:00:00.983Z,2026-01-04 15:00:00.983000+00:00,-2.325e-05,91307.83843,BTC-USD,dydx,DEX,False,0.0
BTC-USD,-0.00001675,91274.14517,70267095,2026-01-04T16:00:00.295Z,2026-01-04 16:00:00.295000+00:00,-1.675e-05,91274.14517,BTC-USD,dydx,DEX,False,0.0
BTC-USD,-0.000012,91273.91782,70272822,2026-01-04T17:00:00.196Z,2026-01-04 17:00:00.196000+00:00,-1.2e-05,91273.91782,BTC-USD,dydx,DEX,False,0.0
BTC-USD,-0.000011125,91325.00249,70278485,2026-01-04T18:00:00.302Z,2026-01-04 18:00:00.302000+00:00,-1.1125e-05,91325.00249,BTC-USD,dydx,DEX,False,0.0
BTC-USD,-0.000007625,91181.16376,70284281,2026-01-04T19:00:00.496Z,2026-01-04 19:00:00.496000+00:00,-7.625e-06,91181.16376,BTC-USD,dydx,DEX,False,0.0
BTC-USD,-0.000006,91098.77036,70290057,2026-01-04T20:00:00.578Z,2026-01-04 20:00:00.578000+00:00,-6e-06,91098.77036,BTC-USD,dydx,DEX,False,0.0
BTC-USD,-0.000004875,91288.84223,70295856,2026-01-04T21:00:00.024Z,2026-01-04 21:00:00.024000+00:00,-4.875e-06,91288.84223,BTC-USD,dydx,DEX,False,0.0
BTC-USD,-0.00000325,91273.94521,70301638,2026-01-04T22:00:00.560Z,2026-01-04 22:00:00.560000+00:00,-3.25e-06,91273.94521,BTC-USD,dydx,DEX,False,0.0
BTC-USD,-0.000003125,91198.58,70307330,2026-01-04T23:00:00.398Z,2026-01-04 23:00:00.398000+00:00,-3.125e-06,91198.58,BTC-USD,dydx,DEX,False,0.0
BTC-USD,-0.000000875,91495.16,70313030,2026-01-05T00:00:00.143Z,2026-01-05 00:00:00.143000+00:00,-8.75e-07,91495.16,BTC-USD,dydx,DEX,False,0.0
BTC-USD,-0.000003375,92328.80135,70318701,2026-01-05T01:00:00.253Z,2026-01-05 01:00:00.253000+00:00,-3.375e-06,92328.80135,BTC-USD,dydx,DEX,False,0.0
BTC-USD,-0.0000075,92904.86386,70324348,2026-01-05T02:00:00.325Z,2026-01-05 02:00:00.325000+00:00,-7.5e-06,92904.86386,BTC-USD,dydx,DEX,False,0.0
BTC-USD,-0.000007375,92962.26983,70330001,2026-01-05T03:00:00.044Z,2026-01-05 03:00:00.044000+00:00,-7.375e-06,92962.26983,BTC-USD,dydx,DEX,False,0.0
BTC-USD,-0.000006875,92848.62862,70335613,2026-01-05T04:00:00.140Z,2026-01-05 04:00:00.140000+00:00,-6.875e-06,92848.62862,BTC-USD,dydx,DEX,False,0.0
BTC-USD,-0.0000065,92584,70341201,2026-01-05T05:00:00.363Z,2026-01-05 05:00:00.363000+00:00,-6.5e-06,92584.0,BTC-USD,dydx,DEX,False,0.0
BTC-USD,-0.000008125,92335.06339,70346815,2026-01-05T06:00:00.403Z,2026-01-05 06:00:00.403000+00:00,-8.125e-06,92335.06339,BTC-USD,dydx,DEX,False,0.0
BTC-USD,-0.000001125,92425.77226,70352487,2026-01-05T07:00:00.636Z,2026-01-05 07:00:00.636000+00:00,-1.125e-06,92425.77226,BTC-USD,dydx,DEX,False,0.0
BTC-USD,-0.000004125,92480.16652,70358160,2026-01-05T08:00:00.294Z,2026-01-05 08:00:00.294000+00:00,-4.125e-06,92480.16652,BTC-USD,dydx,DEX,False,0.0
BTC-USD,-0.000003625,92414.91864,70363779,2026-01-05T09:00:00.181Z,2026-01-05 09:00:00.181000+00:00,-3.625e-06,92414.91864,BTC-USD,dydx,DEX,False,0.0
BTC-USD,-0.000000125,92688.2696,70369398,2026-01-05T10:00:00.591Z,2026-01-05 10:00:00.591000+00:00,-1.25e-07,92688.2696,BTC-USD,dydx,DEX,False,0.0
BTC-USD,-0.0000075,93064.49298,70375191,2026-01-05T11:00:00.408Z,2026-01-05 11:00:00.408000+00:00,-7.5e-06,93064.49298,BTC-USD,dydx,DEX,False,0.0
BTC-USD,-0.000001625,93084.75609,70381087,2026-01-05T12:00:00.529Z,2026-01-05 12:00:00.529000+00:00,-1.625e-06,93084.75609,BTC-USD,dydx,DEX,False,0.0
BTC-USD,-0.000000375,92817.97281,70386943,2026-01-05T13:00:00.550Z,2026-01-05 13:00:00.550000+00:00,-3.75e-07,92817.97281,BTC-USD,dydx,DEX,False,0.0
BTC-USD,-0.00000075,92710.28691,70392861,2026-01-05T14:00:00.560Z,2026-01-05 14:00:00.560000+00:00,-7.5e-07,92710.28691,BTC-USD,dydx,DEX,False,0.0
BTC-USD,-0.000007,93392.01,70398842,2026-01-05T15:00:00.010Z,2026-01-05 15:00:00.010000+00:00,-7e-06,93392.01,BTC-USD,dydx,DEX,False,0.0
BTC-USD,-0.000012875,93916.85831,70404745,2026-01-05T16:00:00.049Z,2026-01-05 16:00:00.049000+00:00,-1.2875e-05,93916.85831,BTC-USD,dydx,DEX,False,0.0
BTC-USD,0.000027875,93691.43085,70410672,2026-01-05T17:00:00.026Z,2026-01-05 17:00:00.026000+00:00,2.7875e-05,93691.43085,BTC-USD,dydx,DEX,False,0.0
BTC-USD,0.0000055,94302.48105,70416556,2026-01-05T18:00:00.248Z,2026-01-05 18:00:00.248000+00:00,5.5e-06,94302.48105,BTC-USD,dydx,DEX,False,0.0
BTC-USD,-0.00007825,94441.42585,70422449,2026-01-05T19:00:00.093Z,2026-01-05 19:00:00.093000+00:00,-7.825e-05,94441.42585,BTC-USD,dydx,DEX,False,0.0
BTC-USD,-0.00007825,94441.42585,70422449,2026-01-05T19:00:00.093Z,2026-01-05 19:00:00.093000+00:00,-7.825e-05,94441.42585,BTC-USD,dydx,DEX,False,0.0
BTC-USD,-0.0001205,94339.4,70428326,2026-01-05T20:00:00.094Z,2026-01-05 20:00:00.094000+00:00,-0.0001205,94339.4,BTC-USD,dydx,DEX,False,0.0
BTC-USD,-0.000088875,94183.64836,70434151,2026-01-05T21:00:00.166Z,2026-01-05 21:00:00.166000+00:00,-8.8875e-05,94183.64836,BTC-USD,dydx,DEX,False,0.0
BTC-USD,-0.000090375,94121.10422,70439974,2026-01-05T22:00:00.223Z,2026-01-05 22:00:00.223000+00:00,-9.0375e-05,94121.10422,BTC-USD,dydx,DEX,False,0.0
BTC-USD,-0.000068125,94218.74374,70445817,2026-01-05T23:00:00.405Z,2026-01-05 23:00:00.405000+00:00,-6.8125e-05,94218.74374,BTC-USD,dydx,DEX,False,0.0
BTC-USD,-0.000055625,93910.39426,70451668,2026-01-06T00:00:00.633Z,2026-01-06 00:00:00.633000+00:00,-5.5625e-05,93910.39426,BTC-USD,dydx,DEX,False,0.0
BTC-USD,-0.000040125,93798.77987,70457562,2026-01-06T01:00:00.590Z,2026-01-06 01:00:00.590000+00:00,-4.0125e-05,93798.77987,BTC-USD,dydx,DEX,False,0.0
BTC-USD,-0.000043,93780.03668,70463492,2026-01-06T02:00:00.387Z,2026-01-06 02:00:00.387000+00:00,-4.3e-05,93780.03668,BTC-USD,dydx,DEX,False,0.0
BTC-USD,-0.000044375,93641.0641,70469398,2026-01-06T03:00:00.269Z,2026-01-06 03:00:00.269000+00:00,-4.4375e-05,93641.0641,BTC-USD,dydx,DEX,False,0.0
BTC-USD,-0.000038,93757.39,70475262,2026-01-06T04:00:00.105Z,2026-01-06 04:00:00.105000+00:00,-3.8e-05,93757.39,BTC-USD,dydx,DEX,False,0.0
BTC-USD,-0.000041,93845.38458,70481184,2026-01-06T05:00:00.423Z,2026-01-06 05:00:00.423000+00:00,-4.1e-05,93845.38458,BTC-USD,dydx,DEX,False,0.0
BTC-USD,-0.000033875,93562.84371,70487099,2026-01-06T06:00:00.002Z,2026-01-06 06:00:00.002000+00:00,-3.3875e-05,93562.84371,BTC-USD,dydx,DEX,False,0.0
BTC-USD,-0.0000385,93781.82363,70492923,2026-01-06T07:00:00.227Z,2026-01-06 07:00:00.227000+00:00,-3.85e-05,93781.82363,BTC-USD,dydx,DEX,False,0.0
BTC-USD,-0.000033375,93254.60522,70498705,2026-01-06T08:00:00.329Z,2026-01-06 08:00:00.329000+00:00,-3.3375e-05,93254.60522,BTC-USD,dydx,DEX,False,0.0
BTC-USD,-0.000024625,93189.2374,70504358,2026-01-06T09:00:00.164Z,2026-01-06 09:00:00.164000+00:00,-2.4625e-05,93189.2374,BTC-USD,dydx,DEX,False,0.0
BTC-USD,-0.000028,93482.22355,70509999,2026-01-06T10:00:00.038Z,2026-01-06 10:00:00.038000+00:00,-2.8e-05,93482.22355,BTC-USD,dydx,DEX,False,0.0
BTC-USD,-0.000027125,93556.84431,70515698,2026-01-06T11:00:00.471Z,2026-01-06 11:00:00.471000+00:00,-2.7125e-05,93556.84431,BTC-USD,dydx,DEX,False,0.0
BTC-USD,-0.0000315,93807.23855,70521390,2026-01-06T12:00:00.042Z,2026-01-06 12:00:00.042000+00:00,-3.15e-05,93807.23855,BTC-USD,dydx,DEX,False,0.0
BTC-USD,-0.0000315,93857.21855,70527207,2026-01-06T13:00:00.479Z,2026-01-06 13:00:00.479000+00:00,-3.15e-05,93857.21855,BTC-USD,dydx,DEX,False,0.0
BTC-USD,-0.000028625,93697.78022,70533002,2026-01-06T14:00:00.000Z,2026-01-06 14:00:00+00:00,-2.8625e-05,93697.78022,BTC-USD,dydx,DEX,False,0.0
BTC-USD,-0.000023875,93804.53909,70538773,2026-01-06T15:00:00.256Z,2026-01-06 15:00:00.256000+00:00,-2.3875e-05,93804.53909,BTC-USD,dydx,DEX,False,0.0
BTC-USD,-0.00002725,93578.50429,70544472,2026-01-06T16:00:00.334Z,2026-01-06 16:00:00.334000+00:00,-2.725e-05,93578.50429,BTC-USD,dydx,DEX,False,0.0
BTC-USD,-0.0000205,92649.07018,70550253,2026-01-06T17:00:00.519Z,2026-01-06 17:00:00.519000+00:00,-2.05e-05,92649.07018,BTC-USD,dydx,DEX,False,0.0
BTC-USD,-0.00000325,91540.53783,70555859,2026-01-06T18:00:00.144Z,2026-01-06 18:00:00.144000+00:00,-3.25e-06,91540.53783,BTC-USD,dydx,DEX,False,0.0
BTC-USD,0.0000245,92003.09907,70561543,2026-01-06T19:00:00.841Z,2026-01-06 19:00:00.841000+00:00,2.45e-05,92003.09907,BTC-USD,dydx,DEX,False,0.0
BTC-USD,0.000002625,92068.57942,70567146,2026-01-06T20:00:00.451Z,2026-01-06 20:00:00.451000+00:00,2.625e-06,92068.57942,BTC-USD,dydx,DEX,False,0.0
BTC-USD,-0.0000055,92493.85307,70572756,2026-01-06T21:00:00.472Z,2026-01-06 21:00:00.472000+00:00,-5.5e-06,92493.85307,BTC-USD,dydx,DEX,False,0.0
BTC-USD,-0.000002625,93251.72448,70578430,2026-01-06T22:00:00.393Z,2026-01-06 22:00:00.393000+00:00,-2.625e-06,93251.72448,BTC-USD,dydx,DEX,False,0.0
BTC-USD,0.0000025,93308.70738,70584071,2026-01-06T23:00:00.399Z,2026-01-06 23:00:00.399000+00:00,2.5e-06,93308.70738,BTC-USD,dydx,DEX,False,0.0
BTC-USD,0.0000215,93747.15056,70589656,2026-01-07T00:00:00.301Z,2026-01-07 00:00:00.301000+00:00,2.15e-05,93747.15056,BTC-USD,dydx,DEX,False,0.0
BTC-USD,0.000015,92630.32909,70595284,2026-01-07T01:00:00.207Z,2026-01-07 01:00:00.207000+00:00,1.5e-05,92630.32909,BTC-USD,dydx,DEX,False,0.0
BTC-USD,0.000021375,92403.19984,70600836,2026-01-07T02:00:00.011Z,2026-01-07 02:00:00.011000+00:00,2.1375e-05,92403.19984,BTC-USD,dydx,DEX,False,0.0
BTC-USD,0.0000265,92906.05389,70606404,2026-01-07T03:00:00.481Z,2026-01-07 03:00:00.481000+00:00,2.65e-05,92906.05389,BTC-USD,dydx,DEX,False,0.0
BTC-USD,0.000028875,92745.54102,70611929,2026-01-07T04:00:00.013Z,2026-01-07 04:00:00.013000+00:00,2.8875e-05,92745.54102,BTC-USD,dydx,DEX,False,0.0
BTC-USD,0.000031125,92649.44022,70617542,2026-01-07T05:00:00.404Z,2026-01-07 05:00:00.404000+00:00,3.1125e-05,92649.44022,BTC-USD,dydx,DEX,False,0.0
BTC-USD,0.0000275,92510.69882,70623073,2026-01-07T06:00:00.317Z,2026-01-07 06:00:00.317000+00:00,2.75e-05,92510.69882,BTC-USD,dydx,DEX,False,0.0
BTC-USD,0.000029625,92596.98061,70628627,2026-01-07T07:00:00.201Z,2026-01-07 07:00:00.201000+00:00,2.9625e-05,92596.98061,BTC-USD,dydx,DEX,False,0.0
BTC-USD,0.000025875,92795.76211,70634118,2026-01-07T08:00:00.510Z,2026-01-07 08:00:00.510000+00:00,2.5875e-05,92795.76211,BTC-USD,dydx,DEX,False,0.0
BTC-USD,0.0000185,92695.13306,70639575,2026-01-07T09:00:00.168Z,2026-01-07 09:00:00.168000+00:00,1.85e-05,92695.13306,BTC-USD,dydx,DEX,False,0.0
BTC-USD,0.00000975,91658.45634,70644886,2026-01-07T10:00:00.281Z,2026-01-07 10:00:00.281000+00:00,9.75e-06,91658.45634,BTC-USD,dydx,DEX,False,0.0
BTC-USD,0.000053375,91952.12393,70650363,2026-01-07T11:00:00.577Z,2026-01-07 11:00:00.577000+00:00,5.3375e-05,91952.12393,BTC-USD,dydx,DEX,False,0.0
BTC-USD,0.000004625,92056.74948,70655768,2026-01-07T12:00:00.591Z,2026-01-07 12:00:00.591000+00:00,4.625e-06,92056.74948,BTC-USD,dydx,DEX,False,0.0
BTC-USD,-0.000014625,91967.84449,70661304,2026-01-07T13:00:00.568Z,2026-01-07 13:00:00.568000+00:00,-1.4625e-05,91967.84449,BTC-USD,dydx,DEX,False,0.0
BTC-USD,-0.000000375,91973.79072,70666809,2026-01-07T14:00:00.783Z,2026-01-07 14:00:00.783000+00:00,-3.75e-07,91973.79072,BTC-USD,dydx,DEX,False,0.0
BTC-USD,-0.0000035,91935.47637,70672346,2026-01-07T15:00:00.605Z,2026-01-07 15:00:00.605000+00:00,-3.5e-06,91935.47637,BTC-USD,dydx,DEX,False,0.0
BTC-USD,0.0000255,91311.61303,70677828,2026-01-07T16:00:00.466Z,2026-01-07 16:00:00.466000+00:00,2.55e-05,91311.61303,BTC-USD,dydx,DEX,False,0.0
BTC-USD,0.0000665,91195.37629,70683458,2026-01-07T17:00:00.098Z,2026-01-07 17:00:00.098000+00:00,6.65e-05,91195.37629,BTC-USD,dydx,DEX,False,0.0
BTC-USD,0.000049875,91220.84332,70688961,2026-01-07T18:00:00.370Z,2026-01-07 18:00:00.370000+00:00,4.9875e-05,91220.84332,BTC-USD,dydx,DEX,False,0.0
BTC-USD,0.00003475,90829.09156,70694567,2026-01-07T19:00:00.046Z,2026-01-07 19:00:00.046000+00:00,3.475e-05,90829.09156,BTC-USD,dydx,DEX,False,0.0
BTC-USD,0.000055,91112.37898,70700122,2026-01-07T20:00:00.014Z,2026-01-07 20:00:00.014000+00:00,5.5e-05,91112.37898,BTC-USD,dydx,DEX,False,0.0
BTC-USD,0.000058125,90982.80997,70705705,2026-01-07T21:00:00.264Z,2026-01-07 21:00:00.264000+00:00,5.8125e-05,90982.80997,BTC-USD,dydx,DEX,False,0.0
BTC-USD,0.000057,91048.2459,70711220,2026-01-07T22:00:00.668Z,2026-01-07 22:00:00.668000+00:00,5.7e-05,91048.2459,BTC-USD,dydx,DEX,False,0.0
BTC-USD,0.000043625,91103.0026,70716766,2026-01-07T23:00:00.385Z,2026-01-07 23:00:00.385000+00:00,4.3625e-05,91103.0026,BTC-USD,dydx,DEX,False,0.0
BTC-USD,0.000049125,91289.20104,70722339,2026-01-08T00:00:00.396Z,2026-01-08 00:00:00.396000+00:00,4.9125e-05,91289.20104,BTC-USD,dydx,DEX,False,0.0
BTC-USD,0.000048,91302.28839,70727916,2026-01-08T01:00:00.157Z,2026-01-08 01:00:00.157000+00:00,4.8e-05,91302.28839,BTC-USD,dydx,DEX,False,0.0
BTC-USD,0.0000485,91362.83711,70733482,2026-01-08T02:00:00.544Z,2026-01-08 02:00:00.544000+00:00,4.85e-05,91362.83711,BTC-USD,dydx,DEX,False,0.0
BTC-USD,0.000046625,90879.40585,70739072,2026-01-08T03:00:00.149Z,2026-01-08 03:00:00.149000+00:00,4.6625e-05,90879.40585,BTC-USD,dydx,DEX,False,0.0
BTC-USD,0.0000515,90746.75292,70744672,2026-01-08T04:00:00.224Z,2026-01-08 04:00:00.224000+00:00,5.15e-05,90746.75292,BTC-USD,dydx,DEX,False,0.0
BTC-USD,0.000046875,90931.78574,70750316,2026-01-08T05:00:00.195Z,2026-01-08 05:00:00.195000+00:00,4.6875e-05,90931.78574,BTC-USD,dydx,DEX,False,0.0
BTC-USD,0.000047625,90718.00433,70755860,2026-01-08T06:00:00.934Z,2026-01-08 06:00:00.934000+00:00,4.7625e-05,90718.00433,BTC-USD,dydx,DEX,False,0.0
BTC-USD,0.00003675,89800.55539,70761390,2026-01-08T07:00:00.326Z,2026-01-08 07:00:00.326000+00:00,3.675e-05,89800.55539,BTC-USD,dydx,DEX,False,0.0
BTC-USD,0.0000375,90481.77005,70766879,2026-01-08T08:00:00.586Z,2026-01-08 08:00:00.586000+00:00,3.75e-05,90481.77005,BTC-USD,dydx,DEX,False,0.0
BTC-USD,0.000062375,90115.38177,70772282,2026-01-08T09:00:00.635Z,2026-01-08 09:00:00.635000+00:00,6.2375e-05,90115.38177,BTC-USD,dydx,DEX,False,0.0
BTC-USD,0.0000555,89925.36716,70777629,2026-01-08T10:00:00.279Z,2026-01-08 10:00:00.279000+00:00,5.55e-05,89925.36716,BTC-USD,dydx,DEX,False,0.0
BTC-USD,0.000056875,90343.05384,70783121,2026-01-08T11:00:00.592Z,2026-01-08 11:00:00.592000+00:00,5.6875e-05,90343.05384,BTC-USD,dydx,DEX,False,0.0
BTC-USD,0.00005775,90125.11237,70788543,2026-01-08T12:00:00.244Z,2026-01-08 12:00:00.244000+00:00,5.775e-05,90125.11237,BTC-USD,dydx,DEX,False,0.0
BTC-USD,0.00005275,89908.3291,70794090,2026-01-08T13:00:00.229Z,2026-01-08 13:00:00.229000+00:00,5.275e-05,89908.3291,BTC-USD,dydx,DEX,False,0.0
BTC-USD,0.00004575,89895.81461,70799684,2026-01-08T14:00:00.170Z,2026-01-08 14:00:00.170000+00:00,4.575e-05,89895.81461,BTC-USD,dydx,DEX,False,0.0
BTC-USD,0.000058625,89952.76919,70805297,2026-01-08T15:00:00.404Z,2026-01-08 15:00:00.404000+00:00,5.8625e-05,89952.76919,BTC-USD,dydx,DEX,False,0.0
BTC-USD,0.000036625,90749.34506,70810768,2026-01-08T16:00:00.029Z,2026-01-08 16:00:00.029000+00:00,3.6625e-05,90749.34506,BTC-USD,dydx,DEX,False,0.0
BTC-USD,0.000013625,90854.13865,70816255,2026-01-08T17:00:00.331Z,2026-01-08 17:00:00.331000+00:00,1.3625e-05,90854.13865,BTC-USD,dydx,DEX,False,0.0
BTC-USD,0.000033,91303.44442,70821693,2026-01-08T18:00:00.102Z,2026-01-08 18:00:00.102000+00:00,3.3e-05,91303.44442,BTC-USD,dydx,DEX,False,0.0
BTC-USD,0.000020375,91023.8015,70827274,2026-01-08T19:00:00.255Z,2026-01-08 19:00:00.255000+00:00,2.0375e-05,91023.8015,BTC-USD,dydx,DEX,False,0.0
BTC-USD,0.00001975,90851.85397,70832837,2026-01-08T20:00:00.744Z,2026-01-08 20:00:00.744000+00:00,1.975e-05,90851.85397,BTC-USD,dydx,DEX,False,0.0
BTC-USD,0.000100875,90844.04719,70838429,2026-01-08T21:00:00.498Z,2026-01-08 21:00:00.498000+00:00,0.000100875,90844.04719,BTC-USD,dydx,DEX,False,0.0
BTC-USD,0.000109375,91224.3655,70844019,2026-01-08T22:00:00.404Z,2026-01-08 22:00:00.404000+00:00,0.000109375,91224.3655,BTC-USD,dydx,DEX,False,0.0
BTC-USD,0.00005825,91134.30448,70849580,2026-01-08T23:00:00.127Z,2026-01-08 23:00:00.127000+00:00,5.825e-05,91134.30448,BTC-USD,dydx,DEX,False,0.0
BTC-USD,0.0000575,91016.0893,70855153,2026-01-09T00:00:00.121Z,2026-01-09 00:00:00.121000+00:00,5.75e-05,91016.0893,BTC-USD,dydx,DEX,False,0.0
BTC-USD,0.000059875,91233.51154,70860744,2026-01-09T01:00:00.346Z,2026-01-09 01:00:00.346000+00:00,5.9875e-05,91233.51154,BTC-USD,dydx,DEX,False,0.0
BTC-USD,0.00005375,90994.17721,70866306,2026-01-09T02:00:00.597Z,2026-01-09 02:00:00.597000+00:00,5.375e-05,90994.17721,BTC-USD,dydx,DEX,False,0.0
BTC-USD,0.0000505,90958.76057,70871930,2026-01-09T03:00:00.453Z,2026-01-09 03:00:00.453000+00:00,5.05e-05,90958.76057,BTC-USD,dydx,DEX,False,0.0
BTC-USD,0.00005675,91111.49677,70877538,2026-01-09T04:00:00.975Z,2026-01-09 04:00:00.975000+00:00,5.675e-05,91111.49677,BTC-USD,dydx,DEX,False,0.0
BTC-USD,0.000038,90928.78514,70883121,2026-01-09T05:00:00.451Z,2026-01-09 05:00:00.451000+00:00,3.8e-05,90928.78514,BTC-USD,dydx,DEX,False,0.0
BTC-USD,0.0000425,90990.98533,70888651,2026-01-09T06:00:00.527Z,2026-01-09 06:00:00.527000+00:00,4.25e-05,90990.98533,BTC-USD,dydx,DEX,False,0.0
BTC-USD,0.00004175,91040.2821,70894202,2026-01-09T07:00:00.030Z,2026-01-09 07:00:00.030000+00:00,4.175e-05,91040.2821,BTC-USD,dydx,DEX,False,0.0
BTC-USD,0.000044375,90652.06758,70899765,2026-01-09T08:00:00.381Z,2026-01-09 08:00:00.381000+00:00,4.4375e-05,90652.06758,BTC-USD,dydx,DEX,False,0.0
BTC-USD,0.00005275,89935.06191,70905138,2026-01-09T09:00:00.620Z,2026-01-09 09:00:00.620000+00:00,5.275e-05,89935.06191,BTC-USD,dydx,DEX,False,0.0
BTC-USD,0.000048625,90259.75291,70910554,2026-01-09T10:00:00.628Z,2026-01-09 10:00:00.628000+00:00,4.8625e-05,90259.75291,BTC-USD,dydx,DEX,False,0.0
BTC-USD,0.000035375,90431.31573,70916036,2026-01-09T11:00:00.193Z,2026-01-09 11:00:00.193000+00:00,3.5375e-05,90431.31573,BTC-USD,dydx,DEX,False,0.0
BTC-USD,0.000008375,90382.71918,70921480,2026-01-09T12:00:00.135Z,2026-01-09 12:00:00.135000+00:00,8.375e-06,90382.71918,BTC-USD,dydx,DEX,False,0.0
BTC-USD,0.000030875,90385.66644,70926974,2026-01-09T13:00:00.130Z,2026-01-09 13:00:00.130000+00:00,3.0875e-05,90385.66644,BTC-USD,dydx,DEX,False,0.0
BTC-USD,0.0000305,90549.28176,70932502,2026-01-09T14:00:00.569Z,2026-01-09 14:00:00.569000+00:00,3.05e-05,90549.28176,BTC-USD,dydx,DEX,False,0.0
BTC-USD,0.000022625,90117.70583,70938039,2026-01-09T15:00:00.078Z,2026-01-09 15:00:00.078000+00:00,2.2625e-05,90117.70583,BTC-USD,dydx,DEX,False,0.0
BTC-USD,0.00001825,91076.45044,70943532,2026-01-09T16:00:00.343Z,2026-01-09 16:00:00.343000+00:00,1.825e-05,91076.45044,BTC-USD,dydx,DEX,False,0.0
BTC-USD,0.0000195,91560.18287,70948924,2026-01-09T17:00:00.584Z,2026-01-09 17:00:00.584000+00:00,1.95e-05,91560.18287,BTC-USD,dydx,DEX,False,0.0
BTC-USD,-0.0000185,91355.4972,70954301,2026-01-09T18:00:00.282Z,2026-01-09 18:00:00.282000+00:00,-1.85e-05,91355.4972,BTC-USD,dydx,DEX,False,0.0
BTC-USD,-0.00003125,90752.69784,70959764,2026-01-09T19:00:00.399Z,2026-01-09 19:00:00.399000+00:00,-3.125e-05,90752.69784,BTC-USD,dydx,DEX,False,0.0
BTC-USD,-0.0000435,90296.69803,70965208,2026-01-09T20:00:00.376Z,2026-01-09 20:00:00.376000+00:00,-4.35e-05,90296.69803,BTC-USD,dydx,DEX,False,0.0
BTC-USD,-0.00003325,90215.18633,70970746,2026-01-09T21:00:00.791Z,2026-01-09 21:00:00.791000+00:00,-3.325e-05,90215.18633,BTC-USD,dydx,DEX,False,0.0
BTC-USD,-0.000022,90437.56869,70976293,2026-01-09T22:00:00.252Z,2026-01-09 22:00:00.252000+00:00,-2.2e-05,90437.56869,BTC-USD,dydx,DEX,False,0.0
BTC-USD,-0.000022,90437.56869,70976293,2026-01-09T22:00:00.252Z,2026-01-09 22:00:00.252000+00:00,-2.2e-05,90437.56869,BTC-USD,dydx,DEX,False,0.0
BTC-USD,-0.0000245,90549.03379,70981815,2026-01-09T23:00:00.085Z,2026-01-09 23:00:00.085000+00:00,-2.45e-05,90549.03379,BTC-USD,dydx,DEX,False,0.0
BTC-USD,-0.000019625,90539.83477,70987328,2026-01-10T00:00:00.544Z,2026-01-10 00:00:00.544000+00:00,-1.9625e-05,90539.83477,BTC-USD,dydx,DEX,False,0.0
BTC-USD,-0.000005,90492.3167,70992889,2026-01-10T01:00:00.286Z,2026-01-10 01:00:00.286000+00:00,-5e-06,90492.3167,BTC-USD,dydx,DEX,False,0.0
BTC-USD,0.000001375,90602.7972,70998420,2026-01-10T02:00:00.193Z,2026-01-10 02:00:00.193000+00:00,1.375e-06,90602.7972,BTC-USD,dydx,DEX,False,0.0
BTC-USD,0.000001375,90601.18047,71003989,2026-01-10T03:00:00.616Z,2026-01-10 03:00:00.616000+00:00,1.375e-06,90601.18047,BTC-USD,dydx,DEX,False,0.0
BTC-USD,0.000001375,90513.9372,71009530,2026-01-10T04:00:00.583Z,2026-01-10 04:00:00.583000+00:00,1.375e-06,90513.9372,BTC-USD,dydx,DEX,False,0.0
BTC-USD,0.000003,90350.39273,71015041,2026-01-10T05:00:00.202Z,2026-01-10 05:00:00.202000+00:00,3e-06,90350.39273,BTC-USD,dydx,DEX,False,0.0
BTC-USD,0.0000025,90491.50434,71020520,2026-01-10T06:00:00.508Z,2026-01-10 06:00:00.508000+00:00,2.5e-06,90491.50434,BTC-USD,dydx,DEX,False,0.0
BTC-USD,-0.000000625,90447.30766,71026170,2026-01-10T07:00:00.440Z,2026-01-10 07:00:00.440000+00:00,-6.25e-07,90447.30766,BTC-USD,dydx,DEX,False,0.0
BTC-USD,0,90549.15584,71031859,2026-01-10T08:00:00.577Z,2026-01-10 08:00:00.577000+00:00,0.0,90549.15584,BTC-USD,dydx,DEX,False,0.0
BTC-USD,-0.00000225,90550.52342,71037211,2026-01-10T09:00:00.728Z,2026-01-10 09:00:00.728000+00:00,-2.25e-06,90550.52342,BTC-USD,dydx,DEX,False,0.0
BTC-USD,0,90645.80175,71042560,2026-01-10T10:00:00.233Z,2026-01-10 10:00:00.233000+00:00,0.0,90645.80175,BTC-USD,dydx,DEX,False,0.0
BTC-USD,0.000000125,90708.60798,71048018,2026-01-10T11:00:00.050Z,2026-01-10 11:00:00.050000+00:00,1.25e-07,90708.60798,BTC-USD,dydx,DEX,False,0.0
BTC-USD,-0.000001875,90609.44695,71053482,2026-01-10T12:00:00.597Z,2026-01-10 12:00:00.597000+00:00,-1.875e-06,90609.44695,BTC-USD,dydx,DEX,False,0.0
BTC-USD,0,90610.37228,71059083,2026-01-10T13:00:00.246Z,2026-01-10 13:00:00.246000+00:00,0.0,90610.37228,BTC-USD,dydx,DEX,False,0.0
BTC-USD,-0.00000025,90548.15229,71064754,2026-01-10T14:00:00.507Z,2026-01-10 14:00:00.507000+00:00,-2.5e-07,90548.15229,BTC-USD,dydx,DEX,False,0.0
BTC-USD,0.0000005,90483.3381,71070379,2026-01-10T15:00:00.311Z,2026-01-10 15:00:00.311000+00:00,5e-07,90483.3381,BTC-USD,dydx,DEX,False,0.0
BTC-USD,0.000005875,90534.38939,71075957,2026-01-10T16:00:00.106Z,2026-01-10 16:00:00.106000+00:00,5.875e-06,90534.38939,BTC-USD,dydx,DEX,False,0.0
BTC-USD,0.00000725,90579.40059,71081545,2026-01-10T17:00:00.414Z,2026-01-10 17:00:00.414000+00:00,7.25e-06,90579.40059,BTC-USD,dydx,DEX,False,0.0
BTC-USD,0.000003,90475.63679,71087136,2026-01-10T18:00:00.030Z,2026-01-10 18:00:00.030000+00:00,3e-06,90475.63679,BTC-USD,dydx,DEX,False,0.0
BTC-USD,0.000005375,90482.47751,71092811,2026-01-10T19:00:00.171Z,2026-01-10 19:00:00.171000+00:00,5.375e-06,90482.47751,BTC-USD,dydx,DEX,False,0.0
BTC-USD,0.000004375,90529.06593,71098477,2026-01-10T20:00:00.153Z,2026-01-10 20:00:00.153000+00:00,4.375e-06,90529.06593,BTC-USD,dydx,DEX,False,0.0
BTC-USD,0.0000005,90480.43651,71104156,2026-01-10T21:00:00.147Z,2026-01-10 21:00:00.147000+00:00,5e-07,90480.43651,BTC-USD,dydx,DEX,False,0.0
BTC-USD,0.000000875,90410.42699,71109871,2026-01-10T22:00:00.464Z,2026-01-10 22:00:00.464000+00:00,8.75e-07,90410.42699,BTC-USD,dydx,DEX,False,0.0
BTC-USD,0.000002125,90328.59826,71115580,2026-01-10T23:00:00.605Z,2026-01-10 23:00:00.605000+00:00,2.125e-06,90328.59826,BTC-USD,dydx,DEX,False,0.0
BTC-USD,0.000002125,90417.41084,71121293,2026-01-11T00:00:00.243Z,2026-01-11 00:00:00.243000+00:00,2.125e-06,90417.41084,BTC-USD,dydx,DEX,False,0.0
BTC-USD,0.0000005,90513.43522,71127029,2026-01-11T01:00:00.430Z,2026-01-11 01:00:00.430000+00:00,5e-07,90513.43522,BTC-USD,dydx,DEX,False,0.0
BTC-USD,0.000001875,90505.75475,71132725,2026-01-11T02:00:00.482Z,2026-01-11 02:00:00.482000+00:00,1.875e-06,90505.75475,BTC-USD,dydx,DEX,False,0.0
BTC-USD,0.00001925,90600.92934,71138423,2026-01-11T03:00:00.592Z,2026-01-11 03:00:00.592000+00:00,1.925e-05,90600.92934,BTC-USD,dydx,DEX,False,0.0
BTC-USD,0.0000155,90650.41462,71144125,2026-01-11T04:00:00.126Z,2026-01-11 04:00:00.126000+00:00,1.55e-05,90650.41462,BTC-USD,dydx,DEX,False,0.0
BTC-USD,0.0000145,90682.04547,71149921,2026-01-11T05:00:00.219Z,2026-01-11 05:00:00.219000+00:00,1.45e-05,90682.04547,BTC-USD,dydx,DEX,False,0.0
BTC-USD,0.00001,90679.37062,71155606,2026-01-11T06:00:00.382Z,2026-01-11 06:00:00.382000+00:00,1e-05,90679.37062,BTC-USD,dydx,DEX,False,0.0
BTC-USD,0.00002175,90632.45754,71161313,2026-01-11T07:00:00.196Z,2026-01-11 07:00:00.196000+00:00,2.175e-05,90632.45754,BTC-USD,dydx,DEX,False,0.0
BTC-USD,0.0000135,90632.25596,71167035,2026-01-11T08:00:00.378Z,2026-01-11 08:00:00.378000+00:00,1.35e-05,90632.25596,BTC-USD,dydx,DEX,False,0.0
BTC-USD,0.000009625,90702.22754,71172479,2026-01-11T09:00:00.757Z,2026-01-11 09:00:00.757000+00:00,9.625e-06,90702.22754,BTC-USD,dydx,DEX,False,0.0
BTC-USD,0.000006125,90652.11288,71178104,2026-01-11T10:00:00.160Z,2026-01-11 10:00:00.160000+00:00,6.125e-06,90652.11288,BTC-USD,dydx,DEX,False,0.0
BTC-USD,0.0000125,90604.93457,71183789,2026-01-11T11:00:00.513Z,2026-01-11 11:00:00.513000+00:00,1.25e-05,90604.93457,BTC-USD,dydx,DEX,False,0.0
BTC-USD,0.000011,90603.48473,71189429,2026-01-11T12:00:00.746Z,2026-01-11 12:00:00.746000+00:00,1.1e-05,90603.48473,BTC-USD,dydx,DEX,False,0.0
BTC-USD,0.00002475,90842.06605,71195125,2026-01-11T13:00:00.442Z,2026-01-11 13:00:00.442000+00:00,2.475e-05,90842.06605,BTC-USD,dydx,DEX,False,0.0
BTC-USD,0.000043875,90773.77122,71200830,2026-01-11T14:00:00.628Z,2026-01-11 14:00:00.628000+00:00,4.3875e-05,90773.77122,BTC-USD,dydx,DEX,False,0.0
BTC-USD,0.000035375,91059.38467,71206561,2026-01-11T15:00:00.182Z,2026-01-11 15:00:00.182000+00:00,3.5375e-05,91059.38467,BTC-USD,dydx,DEX,False,0.0
BTC-USD,0.000009875,90760.31365,71212232,2026-01-11T16:00:00.599Z,2026-01-11 16:00:00.599000+00:00,9.875e-06,90760.31365,BTC-USD,dydx,DEX,False,0.0
BTC-USD,0.000013,90947.20807,71217958,2026-01-11T17:00:00.256Z,2026-01-11 17:00:00.256000+00:00,1.3e-05,90947.20807,BTC-USD,dydx,DEX,False,0.0
BTC-USD,0.000000125,90877.03526,71223590,2026-01-11T18:00:00.198Z,2026-01-11 18:00:00.198000+00:00,1.25e-07,90877.03526,BTC-USD,dydx,DEX,False,0.0
BTC-USD,0.000000375,90787.12499,71229281,2026-01-11T19:00:00.556Z,2026-01-11 19:00:00.556000+00:00,3.75e-07,90787.12499,BTC-USD,dydx,DEX,False,0.0
BTC-USD,0.000001,90627.17541,71234925,2026-01-11T20:00:00.102Z,2026-01-11 20:00:00.102000+00:00,1e-06,90627.17541,BTC-USD,dydx,DEX,False,0.0
BTC-USD,0.000003,90627.51583,71240624,2026-01-11T21:00:00.561Z,2026-01-11 21:00:00.561000+00:00,3e-06,90627.51583,BTC-USD,dydx,DEX,False,0.0
BTC-USD,-0.0000025,90646.44102,71246261,2026-01-11T22:00:00.090Z,2026-01-11 22:00:00.090000+00:00,-2.5e-06,90646.44102,BTC-USD,dydx,DEX,False,0.0
BTC-USD,-0.000002375,90457.13643,71251901,2026-01-11T23:00:00.193Z,2026-01-11 23:00:00.193000+00:00,-2.375e-06,90457.13643,BTC-USD,dydx,DEX,False,0.0
BTC-USD,-0.000000125,90855.34412,71257558,2026-01-12T00:00:00.004Z,2026-01-12 00:00:00.004000+00:00,-1.25e-07,90855.34412,BTC-USD,dydx,DEX,False,0.0
BTC-USD,0.00000275,91095.71014,71263215,2026-01-12T01:00:00.351Z,2026-01-12 01:00:00.351000+00:00,2.75e-06,91095.71014,BTC-USD,dydx,DEX,False,0.0
BTC-USD,0.00002025,91286.23159,71268842,2026-01-12T02:00:00.180Z,2026-01-12 02:00:00.180000+00:00,2.025e-05,91286.23159,BTC-USD,dydx,DEX,False,0.0
BTC-USD,0.000030375,92101.6237,71274483,2026-01-12T03:00:00.196Z,2026-01-12 03:00:00.196000+00:00,3.0375e-05,92101.6237,BTC-USD,dydx,DEX,False,0.0
BTC-USD,0.00002325,91698.82339,71280041,2026-01-12T04:00:00.106Z,2026-01-12 04:00:00.106000+00:00,2.325e-05,91698.82339,BTC-USD,dydx,DEX,False,0.0
BTC-USD,0.000016375,92053.23296,71285666,2026-01-12T05:00:00.143Z,2026-01-12 05:00:00.143000+00:00,1.6375e-05,92053.23296,BTC-USD,dydx,DEX,False,0.0
BTC-USD,0.000016,91981.24466,71291265,2026-01-12T06:00:00.198Z,2026-01-12 06:00:00.198000+00:00,1.6e-05,91981.24466,BTC-USD,dydx,DEX,False,0.0
BTC-USD,0.000011125,91726.72821,71296912,2026-01-12T07:00:00.368Z,2026-01-12 07:00:00.368000+00:00,1.1125e-05,91726.72821,BTC-USD,dydx,DEX,False,0.0
BTC-USD,0.000015125,91335.84822,71302500,2026-01-12T08:00:00.297Z,2026-01-12 08:00:00.297000+00:00,1.5125e-05,91335.84822,BTC-USD,dydx,DEX,False,0.0
BTC-USD,0.0000165,90652.7596,71307939,2026-01-12T09:00:00.403Z,2026-01-12 09:00:00.403000+00:00,1.65e-05,90652.7596,BTC-USD,dydx,DEX,False,0.0
BTC-USD,0.0000195,90581.46935,71313396,2026-01-12T10:00:00.511Z,2026-01-12 10:00:00.511000+00:00,1.95e-05,90581.46935,BTC-USD,dydx,DEX,False,0.0
BTC-USD,0.000021125,90320.12987,71318895,2026-01-12T11:00:00.211Z,2026-01-12 11:00:00.211000+00:00,2.1125e-05,90320.12987,BTC-USD,dydx,DEX,False,0.0
BTC-USD,0.000075125,90516.84539,71324351,2026-01-12T12:00:00.085Z,2026-01-12 12:00:00.085000+00:00,7.5125e-05,90516.84539,BTC-USD,dydx,DEX,False,0.0
BTC-USD,0.000111625,90681.86692,71329905,2026-01-12T13:00:00.192Z,2026-01-12 13:00:00.192000+00:00,0.000111625,90681.86692,BTC-USD,dydx,DEX,False,0.0
BTC-USD,0.0001125,90564.8195,71335453,2026-01-12T14:00:00.329Z,2026-01-12 14:00:00.329000+00:00,0.0001125,90564.8195,BTC-USD,dydx,DEX,False,0.0
BTC-USD,0.00009625,90812.81319,71341101,2026-01-12T15:00:00.693Z,2026-01-12 15:00:00.693000+00:00,9.625e-05,90812.81319,BTC-USD,dydx,DEX,False,0.0
BTC-USD,0.000077875,91589.17511,71346676,2026-01-12T16:00:00.018Z,2026-01-12 16:00:00.018000+00:00,7.7875e-05,91589.17511,BTC-USD,dydx,DEX,False,0.0
BTC-USD,0.00004875,92056.28725,71352200,2026-01-12T17:00:00.220Z,2026-01-12 17:00:00.220000+00:00,4.875e-05,92056.28725,BTC-USD,dydx,DEX,False,0.0
BTC-USD,0.000003,91436.42348,71357840,2026-01-12T18:00:00.381Z,2026-01-12 18:00:00.381000+00:00,3e-06,91436.42348,BTC-USD,dydx,DEX,False,0.0
BTC-USD,0.000000875,91660.93734,71363514,2026-01-12T19:00:00.335Z,2026-01-12 19:00:00.335000+00:00,8.75e-07,91660.93734,BTC-USD,dydx,DEX,False,0.0
BTC-USD,0.0000015,91766.49883,71369124,2026-01-12T20:00:00.327Z,2026-01-12 20:00:00.327000+00:00,1.5e-06,91766.49883,BTC-USD,dydx,DEX,False,0.0
BTC-USD,-0.00001575,91395.12341,71374815,2026-01-12T21:00:00.130Z,2026-01-12 21:00:00.130000+00:00,-1.575e-05,91395.12341,BTC-USD,dydx,DEX,False,0.0
BTC-USD,-0.000050375,90953.67915,71380545,2026-01-12T22:00:00.297Z,2026-01-12 22:00:00.297000+00:00,-5.0375e-05,90953.67915,BTC-USD,dydx,DEX,False,0.0
BTC-USD,-0.000089375,91166.88979,71386300,2026-01-12T23:00:00.293Z,2026-01-12 23:00:00.293000+00:00,-8.9375e-05,91166.88979,BTC-USD,dydx,DEX,False,0.0
BTC-USD,-0.000131,91196.35413,71392016,2026-01-13T00:00:00.078Z,2026-01-13 00:00:00.078000+00:00,-0.000131,91196.35413,BTC-USD,dydx,DEX,False,0.0
BTC-USD,-0.000027875,91395.56443,71397733,2026-01-13T01:00:00.027Z,2026-01-13 01:00:00.027000+00:00,-2.7875e-05,91395.56443,BTC-USD,dydx,DEX,False,0.0
BTC-USD,-0.00002025,91096.11198,71403520,2026-01-13T02:00:00.481Z,2026-01-13 02:00:00.481000+00:00,-2.025e-05,91096.11198,BTC-USD,dydx,DEX,False,0.0
BTC-USD,-0.000020625,91035.81273,71409327,2026-01-13T03:00:00.346Z,2026-01-13 03:00:00.346000+00:00,-2.0625e-05,91035.81273,BTC-USD,dydx,DEX,False,0.0
BTC-USD,-0.000015875,91296.25374,71415124,2026-01-13T04:00:00.594Z,2026-01-13 04:00:00.594000+00:00,-1.5875e-05,91296.25374,BTC-USD,dydx,DEX,False,0.0
BTC-USD,-0.000010625,91418.13186,71420889,2026-01-13T05:00:00.005Z,2026-01-13 05:00:00.005000+00:00,-1.0625e-05,91418.13186,BTC-USD,dydx,DEX,False,0.0
BTC-USD,-0.000003875,91837.84715,71426565,2026-01-13T06:00:00.798Z,2026-01-13 06:00:00.798000+00:00,-3.875e-06,91837.84715,BTC-USD,dydx,DEX,False,0.0
BTC-USD,-0.000000625,92101.15542,71432538,2026-01-13T07:00:00.486Z,2026-01-13 07:00:00.486000+00:00,-6.25e-07,92101.15542,BTC-USD,dydx,DEX,False,0.0
BTC-USD,0.000000625,91831.44644,71438533,2026-01-13T08:00:00.028Z,2026-01-13 08:00:00.028000+00:00,6.25e-07,91831.44644,BTC-USD,dydx,DEX,False,0.0
BTC-USD,-0.000010625,92087.81519,71444011,2026-01-13T09:00:00.061Z,2026-01-13 09:00:00.061000+00:00,-1.0625e-05,92087.81519,BTC-USD,dydx,DEX,False,0.0
BTC-USD,0.00000575,92202.51823,71449654,2026-01-13T10:00:00.342Z,2026-01-13 10:00:00.342000+00:00,5.75e-06,92202.51823,BTC-USD,dydx,DEX,False,0.0
BTC-USD,0.0000105,92036.89908,71455352,2026-01-13T11:00:00.144Z,2026-01-13 11:00:00.144000+00:00,1.05e-05,92036.89908,BTC-USD,dydx,DEX,False,0.0
BTC-USD,0.00001075,91935.28458,71461055,2026-01-13T12:00:00.103Z,2026-01-13 12:00:00.103000+00:00,1.075e-05,91935.28458,BTC-USD,dydx,DEX,False,0.0
BTC-USD,0.000011125,92031.41486,71466869,2026-01-13T13:00:00.499Z,2026-01-13 13:00:00.499000+00:00,1.1125e-05,92031.41486,BTC-USD,dydx,DEX,False,0.0
BTC-USD,0.000009625,91983.98082,71472735,2026-01-13T14:00:00.381Z,2026-01-13 14:00:00.381000+00:00,9.625e-06,91983.98082,BTC-USD,dydx,DEX,False,0.0
BTC-USD,0.000031375,92411.43585,71478672,2026-01-13T15:00:00.089Z,2026-01-13 15:00:00.089000+00:00,3.1375e-05,92411.43585,BTC-USD,dydx,DEX,False,0.0
BTC-USD,0.000009125,93396.79714,71484509,2026-01-13T16:00:00.485Z,2026-01-13 16:00:00.485000+00:00,9.125e-06,93396.79714,BTC-USD,dydx,DEX,False,0.0
BTC-USD,0.000025375,93349.01006,71490334,2026-01-13T17:00:00.599Z,2026-01-13 17:00:00.599000+00:00,2.5375e-05,93349.01006,BTC-USD,dydx,DEX,False,0.0
BTC-USD,0.0000235,93220.90523,71496224,2026-01-13T18:00:00.508Z,2026-01-13 18:00:00.508000+00:00,2.35e-05,93220.90523,BTC-USD,dydx,DEX,False,0.0
BTC-USD,0.00001425,93560.37584,71502157,2026-01-13T19:00:00.464Z,2026-01-13 19:00:00.464000+00:00,1.425e-05,93560.37584,BTC-USD,dydx,DEX,False,0.0
BTC-USD,0.000015375,94205.5751,71508051,2026-01-13T20:00:00.462Z,2026-01-13 20:00:00.462000+00:00,1.5375e-05,94205.5751,BTC-USD,dydx,DEX,False,0.0
BTC-USD,0.00000825,94430.07288,71513985,2026-01-13T21:00:00.418Z,2026-01-13 21:00:00.418000+00:00,8.25e-06,94430.07288,BTC-USD,dydx,DEX,False,0.0
BTC-USD,0.000004,94082.22386,71519869,2026-01-13T22:00:00.284Z,2026-01-13 22:00:00.284000+00:00,4e-06,94082.22386,BTC-USD,dydx,DEX,False,0.0
BTC-USD,0.00001325,95677.60635,71525780,2026-01-13T23:00:00.143Z,2026-01-13 23:00:00.143000+00:00,1.325e-05,95677.60635,BTC-USD,dydx,DEX,False,0.0
BTC-USD,0.000013375,95338.7818,71531605,2026-01-14T00:00:00.085Z,2026-01-14 00:00:00.085000+00:00,1.3375e-05,95338.7818,BTC-USD,dydx,DEX,False,0.0
BTC-USD,0.00000875,95195.13694,71537471,2026-01-14T01:00:00.020Z,2026-01-14 01:00:00.020000+00:00,8.75e-06,95195.13694,BTC-USD,dydx,DEX,False,0.0
BTC-USD,0.00000875,95195.13694,71537471,2026-01-14T01:00:00.020Z,2026-01-14 01:00:00.020000+00:00,8.75e-06,95195.13694,BTC-USD,dydx,DEX,False,0.0
BTC-USD,0.000012375,95213.16288,71543233,2026-01-14T02:00:00.365Z,2026-01-14 02:00:00.365000+00:00,1.2375e-05,95213.16288,BTC-USD,dydx,DEX,False,0.0
BTC-USD,0.0000115,95288.68339,71549050,2026-01-14T03:00:00.002Z,2026-01-14 03:00:00.002000+00:00,1.15e-05,95288.68339,BTC-USD,dydx,DEX,False,0.0
BTC-USD,0.000017125,95666.49945,71554861,2026-01-14T04:00:00.241Z,2026-01-14 04:00:00.241000+00:00,1.7125e-05,95666.49945,BTC-USD,dydx,DEX,False,0.0
BTC-USD,0.00001025,95210.69179,71560699,2026-01-14T05:00:00.403Z,2026-01-14 05:00:00.403000+00:00,1.025e-05,95210.69179,BTC-USD,dydx,DEX,False,0.0
BTC-USD,0.000007375,95004.21351,71566512,2026-01-14T06:00:00.487Z,2026-01-14 06:00:00.487000+00:00,7.375e-06,95004.21351,BTC-USD,dydx,DEX,False,0.0
BTC-USD,0.000007875,95003.59928,71572375,2026-01-14T07:00:00.682Z,2026-01-14 07:00:00.682000+00:00,7.875e-06,95003.59928,BTC-USD,dydx,DEX,False,0.0
BTC-USD,0.000011625,95163.01414,71578165,2026-01-14T08:00:00.216Z,2026-01-14 08:00:00.216000+00:00,1.1625e-05,95163.01414,BTC-USD,dydx,DEX,False,0.0
BTC-USD,0.000007125,94909.93241,71583894,2026-01-14T09:00:00.042Z,2026-01-14 09:00:00.042000+00:00,7.125e-06,94909.93241,BTC-USD,dydx,DEX,False,0.0
BTC-USD,0.000013,95052.13633,71589567,2026-01-14T10:00:00.075Z,2026-01-14 10:00:00.075000+00:00,1.3e-05,95052.13633,BTC-USD,dydx,DEX,False,0.0
BTC-USD,0.000008625,95116.08282,71595443,2026-01-14T11:00:00.633Z,2026-01-14 11:00:00.633000+00:00,8.625e-06,95116.08282,BTC-USD,dydx,DEX,False,0.0
BTC-USD,0.00000525,94745.9958,71601303,2026-01-14T12:00:00.520Z,2026-01-14 12:00:00.520000+00:00,5.25e-06,94745.9958,BTC-USD,dydx,DEX,False,0.0
BTC-USD,0.00001475,95048.02492,71607251,2026-01-14T13:00:00.248Z,2026-01-14 13:00:00.248000+00:00,1.475e-05,95048.02492,BTC-USD,dydx,DEX,False,0.0
BTC-USD,0.0000165,94967.25327,71613176,2026-01-14T14:00:00.354Z,2026-01-14 14:00:00.354000+00:00,1.65e-05,94967.25327,BTC-USD,dydx,DEX,False,0.0
BTC-USD,0.00000075,96458.67326,71619124,2026-01-14T15:00:00.171Z,2026-01-14 15:00:00.171000+00:00,7.5e-07,96458.67326,BTC-USD,dydx,DEX,False,0.0
BTC-USD,-0.000047875,96771.43736,71625046,2026-01-14T16:00:00.253Z,2026-01-14 16:00:00.253000+00:00,-4.7875e-05,96771.43736,BTC-USD,dydx,DEX,False,0.0
BTC-USD,-0.0000235,97333.56421,71630986,2026-01-14T17:00:00.138Z,2026-01-14 17:00:00.138000+00:00,-2.35e-05,97333.56421,BTC-USD,dydx,DEX,False,0.0
BTC-USD,-0.000035875,96975.21826,71636837,2026-01-14T18:00:00.613Z,2026-01-14 18:00:00.613000+00:00,-3.5875e-05,96975.21826,BTC-USD,dydx,DEX,False,0.0
BTC-USD,-0.0000145,96818.20682,71642643,2026-01-14T19:00:00.191Z,2026-01-14 19:00:00.191000+00:00,-1.45e-05,96818.20682,BTC-USD,dydx,DEX,False,0.0
BTC-USD,-0.000007125,97266.29825,71648468,2026-01-14T20:00:00.482Z,2026-01-14 20:00:00.482000+00:00,-7.125e-06,97266.29825,BTC-USD,dydx,DEX,False,0.0
BTC-USD,-0.000017,97658.28165,71654259,2026-01-14T21:00:00.341Z,2026-01-14 21:00:00.341000+00:00,-1.7e-05,97658.28165,BTC-USD,dydx,DEX,False,0.0
BTC-USD,-0.00001825,97576.17759,71660072,2026-01-14T22:00:00.202Z,2026-01-14 22:00:00.202000+00:00,-1.825e-05,97576.17759,BTC-USD,dydx,DEX,False,0.0
BTC-USD,-0.00001425,96907.05285,71665909,2026-01-14T23:00:00.728Z,2026-01-14 23:00:00.728000+00:00,-1.425e-05,96907.05285,BTC-USD,dydx,DEX,False,0.0
BTC-USD,-0.000016875,96968.31866,71671801,2026-01-15T00:00:00.100Z,2026-01-15 00:00:00.100000+00:00,-1.6875e-05,96968.31866,BTC-USD,dydx,DEX,False,0.0
BTC-USD,-0.000013,96665.98125,71677718,2026-01-15T01:00:00.669Z,2026-01-15 01:00:00.669000+00:00,-1.3e-05,96665.98125,BTC-USD,dydx,DEX,False,0.0
BTC-USD,-0.00001,96420.01119,71683562,2026-01-15T02:00:00.390Z,2026-01-15 02:00:00.390000+00:00,-1e-05,96420.01119,BTC-USD,dydx,DEX,False,0.0
BTC-USD,-0.000007875,96326.79521,71689414,2026-01-15T03:00:00.440Z,2026-01-15 03:00:00.440000+00:00,-7.875e-06,96326.79521,BTC-USD,dydx,DEX,False,0.0
BTC-USD,-0.000002375,95969.115,71695290,2026-01-15T04:00:00.020Z,2026-01-15 04:00:00.020000+00:00,-2.375e-06,95969.115,BTC-USD,dydx,DEX,False,0.0
BTC-USD,-0.000000375,96310,71701136,2026-01-15T05:00:00.546Z,2026-01-15 05:00:00.546000+00:00,-3.75e-07,96310.0,BTC-USD,dydx,DEX,False,0.0
BTC-USD,-0.00000025,96447.06529,71706987,2026-01-15T06:00:00.237Z,2026-01-15 06:00:00.237000+00:00,-2.5e-07,96447.06529,BTC-USD,dydx,DEX,False,0.0
BTC-USD,-0.000000125,96227.63784,71712849,2026-01-15T07:00:00.069Z,2026-01-15 07:00:00.069000+00:00,-1.25e-07,96227.63784,BTC-USD,dydx,DEX,False,0.0
BTC-USD,0.000007,96630.2989,71718688,2026-01-15T08:00:00.055Z,2026-01-15 08:00:00.055000+00:00,7e-06,96630.2989,BTC-USD,dydx,DEX,False,0.0
BTC-USD,0.0000045,96618.67169,71724346,2026-01-15T09:00:00.238Z,2026-01-15 09:00:00.238000+00:00,4.5e-06,96618.67169,BTC-USD,dydx,DEX,False,0.0
BTC-USD,0.00000175,97050.05,71729986,2026-01-15T10:00:00.318Z,2026-01-15 10:00:00.318000+00:00,1.75e-06,97050.05,BTC-USD,dydx,DEX,False,0.0
BTC-USD,-0.000004,96817.75935,71735752,2026-01-15T11:00:00.458Z,2026-01-15 11:00:00.458000+00:00,-4e-06,96817.75935,BTC-USD,dydx,DEX,False,0.0
BTC-USD,-0.0000055,96612.3227,71741461,2026-01-15T12:00:00.469Z,2026-01-15 12:00:00.469000+00:00,-5.5e-06,96612.3227,BTC-USD,dydx,DEX,False,0.0
BTC-USD,-0.000002,96972.34999,71747288,2026-01-15T13:00:00.169Z,2026-01-15 13:00:00.169000+00:00,-2e-06,96972.34999,BTC-USD,dydx,DEX,False,0.0
BTC-USD,-0.000004625,96852.47229,71753038,2026-01-15T14:00:00.726Z,2026-01-15 14:00:00.726000+00:00,-4.625e-06,96852.47229,BTC-USD,dydx,DEX,False,0.0
BTC-USD,0.00001125,96021.68219,71758900,2026-01-15T15:00:00.158Z,2026-01-15 15:00:00.158000+00:00,1.125e-05,96021.68219,BTC-USD,dydx,DEX,False,0.0
BTC-USD,-0.00000825,96748.9451,71764670,2026-01-15T16:00:00.496Z,2026-01-15 16:00:00.496000+00:00,-8.25e-06,96748.9451,BTC-USD,dydx,DEX,False,0.0
BTC-USD,-0.0000075,96728.12718,71770517,2026-01-15T17:00:00.476Z,2026-01-15 17:00:00.476000+00:00,-7.5e-06,96728.12718,BTC-USD,dydx,DEX,False,0.0
BTC-USD,-0.000010625,96590.59637,71776379,2026-01-15T18:00:00.186Z,2026-01-15 18:00:00.186000+00:00,-1.0625e-05,96590.59637,BTC-USD,dydx,DEX,False,0.0
BTC-USD,-0.000000875,95817.86246,71782289,2026-01-15T19:00:00.033Z,2026-01-15 19:00:00.033000+00:00,-8.75e-07,95817.86246,BTC-USD,dydx,DEX,False,0.0
BTC-USD,-0.000002625,95518.64813,71788085,2026-01-15T20:00:00.148Z,2026-01-15 20:00:00.148000+00:00,-2.625e-06,95518.64813,BTC-USD,dydx,DEX,False,0.0
BTC-USD,-0.00000075,95216.86838,71793910,2026-01-15T21:00:00.566Z,2026-01-15 21:00:00.566000+00:00,-7.5e-07,95216.86838,BTC-USD,dydx,DEX,False,0.0
BTC-USD,-0.00000025,95541.64108,71799701,2026-01-15T22:00:00.247Z,2026-01-15 22:00:00.247000+00:00,-2.5e-07,95541.64108,BTC-USD,dydx,DEX,False,0.0
BTC-USD,-0.000002625,95593.3153,71805581,2026-01-15T23:00:00.551Z,2026-01-15 23:00:00.551000+00:00,-2.625e-06,95593.3153,BTC-USD,dydx,DEX,False,0.0
BTC-USD,-0.00000025,95593.75,71811438,2026-01-16T00:00:00.114Z,2026-01-16 00:00:00.114000+00:00,-2.5e-07,95593.75,BTC-USD,dydx,DEX,False,0.0
BTC-USD,0,95598.86501,71817371,2026-01-16T01:00:00.075Z,2026-01-16 01:00:00.075000+00:00,0.0,95598.86501,BTC-USD,dydx,DEX,False,0.0
BTC-USD,-0.000001125,95683.77105,71823297,2026-01-16T02:00:00.363Z,2026-01-16 02:00:00.363000+00:00,-1.125e-06,95683.77105,BTC-USD,dydx,DEX,False,0.0
BTC-USD,-0.000000375,95513.65,71829402,2026-01-16T03:00:00.008Z,2026-01-16 03:00:00.008000+00:00,-3.75e-07,95513.65,BTC-USD,dydx,DEX,False,0.0
BTC-USD,0,95352.1492,71835414,2026-01-16T04:00:00.262Z,2026-01-16 04:00:00.262000+00:00,0.0,95352.1492,BTC-USD,dydx,DEX,False,0.0
BTC-USD,0.000000125,95250.56511,71841350,2026-01-16T05:00:00.008Z,2026-01-16 05:00:00.008000+00:00,1.25e-07,95250.56511,BTC-USD,dydx,DEX,False,0.0
BTC-USD,0.00000125,95624.19258,71847132,2026-01-16T06:00:00.388Z,2026-01-16 06:00:00.388000+00:00,1.25e-06,95624.19258,BTC-USD,dydx,DEX,False,0.0
BTC-USD,0.000003875,95691.44413,71852985,2026-01-16T07:00:00.241Z,2026-01-16 07:00:00.241000+00:00,3.875e-06,95691.44413,BTC-USD,dydx,DEX,False,0.0
BTC-USD,0.000005375,95667.04829,71858860,2026-01-16T08:00:00.107Z,2026-01-16 08:00:00.107000+00:00,5.375e-06,95667.04829,BTC-USD,dydx,DEX,False,0.0
BTC-USD,0.000002625,95672.09941,71864456,2026-01-16T09:00:00.555Z,2026-01-16 09:00:00.555000+00:00,2.625e-06,95672.09941,BTC-USD,dydx,DEX,False,0.0
BTC-USD,-0.0000015,95635.65894,71869969,2026-01-16T10:00:00.512Z,2026-01-16 10:00:00.512000+00:00,-1.5e-06,95635.65894,BTC-USD,dydx,DEX,False,0.0
BTC-USD,-0.000000625,95321.9856,71875736,2026-01-16T11:00:00.447Z,2026-01-16 11:00:00.447000+00:00,-6.25e-07,95321.9856,BTC-USD,dydx,DEX,False,0.0
BTC-USD,0.000000625,95429.38164,71881443,2026-01-16T12:00:00.274Z,2026-01-16 12:00:00.274000+00:00,6.25e-07,95429.38164,BTC-USD,dydx,DEX,False,0.0
BTC-USD,-0.00000025,95424.10256,71887277,2026-01-16T13:00:00.439Z,2026-01-16 13:00:00.439000+00:00,-2.5e-07,95424.10256,BTC-USD,dydx,DEX,False,0.0
BTC-USD,-0.000000625,95451.70482,71893112,2026-01-16T14:00:00.311Z,2026-01-16 14:00:00.311000+00:00,-6.25e-07,95451.70482,BTC-USD,dydx,DEX,False,0.0
BTC-USD,-0.00000175,95191.69573,71898990,2026-01-16T15:00:00.577Z,2026-01-16 15:00:00.577000+00:00,-1.75e-06,95191.69573,BTC-USD,dydx,DEX,False,0.0
BTC-USD,-0.0000005,94607.27854,71904748,2026-01-16T16:00:00.046Z,2026-01-16 16:00:00.046000+00:00,-5e-07,94607.27854,BTC-USD,dydx,DEX,False,0.0
BTC-USD,-0.00004625,94875.04251,71910609,2026-01-16T17:00:00.007Z,2026-01-16 17:00:00.007000+00:00,-4.625e-05,94875.04251,BTC-USD,dydx,DEX,False,0.0
BTC-USD,-0.000007,95056.68469,71916418,2026-01-16T18:00:00.348Z,2026-01-16 18:00:00.348000+00:00,-7e-06,95056.68469,BTC-USD,dydx,DEX,False,0.0
BTC-USD,0.000005625,95011.37857,71922269,2026-01-16T19:00:00.281Z,2026-01-16 19:00:00.281000+00:00,5.625e-06,95011.37857,BTC-USD,dydx,DEX,False,0.0
BTC-USD,0.00001075,94973.46988,71928103,2026-01-16T20:00:00.454Z,2026-01-16 20:00:00.454000+00:00,1.075e-05,94973.46988,BTC-USD,dydx,DEX,False,0.0
BTC-USD,0.000009125,95520.3777,71933923,2026-01-16T21:00:00.596Z,2026-01-16 21:00:00.596000+00:00,9.125e-06,95520.3777,BTC-USD,dydx,DEX,False,0.0
BTC-USD,0.000008625,95496.69963,71939741,2026-01-16T22:00:00.233Z,2026-01-16 22:00:00.233000+00:00,8.625e-06,95496.69963,BTC-USD,dydx,DEX,False,0.0
BTC-USD,0.000008375,95483.20503,71945544,2026-01-16T23:00:00.098Z,2026-01-16 23:00:00.098000+00:00,8.375e-06,95483.20503,BTC-USD,dydx,DEX,False,0.0
BTC-USD,0.000008875,95540.36925,71951368,2026-01-17T00:00:00.387Z,2026-01-17 00:00:00.387000+00:00,8.875e-06,95540.36925,BTC-USD,dydx,DEX,False,0.0
BTC-USD,0.0000045,95446.39572,71957317,2026-01-17T01:00:00.198Z,2026-01-17 01:00:00.198000+00:00,4.5e-06,95446.39572,BTC-USD,dydx,DEX,False,0.0
BTC-USD,0.00000475,95398.80788,71963257,2026-01-17T02:00:00.383Z,2026-01-17 02:00:00.383000+00:00,4.75e-06,95398.80788,BTC-USD,dydx,DEX,False,0.0
BTC-USD,0.000004125,95348.86596,71969229,2026-01-17T03:00:00.314Z,2026-01-17 03:00:00.314000+00:00,4.125e-06,95348.86596,BTC-USD,dydx,DEX,False,0.0
BTC-USD,0.000006875,95348.02039,71975114,2026-01-17T04:00:00.349Z,2026-01-17 04:00:00.349000+00:00,6.875e-06,95348.02039,BTC-USD,dydx,DEX,False,0.0
BTC-USD,0.000010875,95293.96027,71980969,2026-01-17T05:00:00.573Z,2026-01-17 05:00:00.573000+00:00,1.0875e-05,95293.96027,BTC-USD,dydx,DEX,False,0.0
BTC-USD,0.00001025,95284.01994,71986783,2026-01-17T06:00:00.713Z,2026-01-17 06:00:00.713000+00:00,1.025e-05,95284.01994,BTC-USD,dydx,DEX,False,0.0
BTC-USD,0.000012625,95196.34279,71992696,2026-01-17T07:00:00.002Z,2026-01-17 07:00:00.002000+00:00,1.2625e-05,95196.34279,BTC-USD,dydx,DEX,False,0.0
BTC-USD,0.000013625,95086.9499,71998586,2026-01-17T08:00:00.463Z,2026-01-17 08:00:00.463000+00:00,1.3625e-05,95086.9499,BTC-USD,dydx,DEX,False,0.0
BTC-USD,0.000010625,95194.76833,72004289,2026-01-17T09:00:00.121Z,2026-01-17 09:00:00.121000+00:00,1.0625e-05,95194.76833,BTC-USD,dydx,DEX,False,0.0
BTC-USD,0.000012625,95252.78444,72010040,2026-01-17T10:00:00.252Z,2026-01-17 10:00:00.252000+00:00,1.2625e-05,95252.78444,BTC-USD,dydx,DEX,False,0.0
BTC-USD,0.0000105,95091.02269,72015768,2026-01-17T11:00:00.372Z,2026-01-17 11:00:00.372000+00:00,1.05e-05,95091.02269,BTC-USD,dydx,DEX,False,0.0
BTC-USD,0.0000135,95260.06122,72021483,2026-01-17T12:00:00.428Z,2026-01-17 12:00:00.428000+00:00,1.35e-05,95260.06122,BTC-USD,dydx,DEX,False,0.0
BTC-USD,0.000009,95216.4517,72027314,2026-01-17T13:00:00.128Z,2026-01-17 13:00:00.128000+00:00,9e-06,95216.4517,BTC-USD,dydx,DEX,False,0.0
BTC-USD,0.00000725,95404.2191,72033086,2026-01-17T14:00:00.464Z,2026-01-17 14:00:00.464000+00:00,7.25e-06,95404.2191,BTC-USD,dydx,DEX,False,0.0
BTC-USD,0.00000575,95458.4533,72038911,2026-01-17T15:00:00.451Z,2026-01-17 15:00:00.451000+00:00,5.75e-06,95458.4533,BTC-USD,dydx,DEX,False,0.0
BTC-USD,0.00000275,95562.08758,72044722,2026-01-17T16:00:00.571Z,2026-01-17 16:00:00.571000+00:00,2.75e-06,95562.08758,BTC-USD,dydx,DEX,False,0.0
BTC-USD,0.000001875,95297.54049,72050567,2026-01-17T17:00:00.195Z,2026-01-17 17:00:00.195000+00:00,1.875e-06,95297.54049,BTC-USD,dydx,DEX,False,0.0
BTC-USD,0.00000375,95305.19396,72056411,2026-01-17T18:00:00.859Z,2026-01-17 18:00:00.859000+00:00,3.75e-06,95305.19396,BTC-USD,dydx,DEX,False,0.0
BTC-USD,0.000001625,95404.09879,72062318,2026-01-17T19:00:00.470Z,2026-01-17 19:00:00.470000+00:00,1.625e-06,95404.09879,BTC-USD,dydx,DEX,False,0.0
BTC-USD,0.000004625,95301.76725,72068179,2026-01-17T20:00:00.262Z,2026-01-17 20:00:00.262000+00:00,4.625e-06,95301.76725,BTC-USD,dydx,DEX,False,0.0
BTC-USD,0.000002125,95351.71482,72074072,2026-01-17T21:00:00.070Z,2026-01-17 21:00:00.070000+00:00,2.125e-06,95351.71482,BTC-USD,dydx,DEX,False,0.0
BTC-USD,0.00000375,95297.56501,72079987,2026-01-17T22:00:00.626Z,2026-01-17 22:00:00.626000+00:00,3.75e-06,95297.56501,BTC-USD,dydx,DEX,False,0.0
BTC-USD,0.000004625,95194.23123,72085899,2026-01-17T23:00:00.555Z,2026-01-17 23:00:00.555000+00:00,4.625e-06,95194.23123,BTC-USD,dydx,DEX,False,0.0
BTC-USD,0.000001625,95134.83906,72091804,2026-01-18T00:00:00.353Z,2026-01-18 00:00:00.353000+00:00,1.625e-06,95134.83906,BTC-USD,dydx,DEX,False,0.0
BTC-USD,0.0000025,95103.10937,72097742,2026-01-18T01:00:00.130Z,2026-01-18 01:00:00.130000+00:00,2.5e-06,95103.10937,BTC-USD,dydx,DEX,False,0.0
BTC-USD,0.000005375,94927.81563,72103585,2026-01-18T02:00:00.160Z,2026-01-18 02:00:00.160000+00:00,5.375e-06,94927.81563,BTC-USD,dydx,DEX,False,0.0
BTC-USD,0.00000725,94997.4505,72109385,2026-01-18T03:00:00.365Z,2026-01-18 03:00:00.365000+00:00,7.25e-06,94997.4505,BTC-USD,dydx,DEX,False,0.0
BTC-USD,0.000012125,95151.12977,72115126,2026-01-18T04:00:00.567Z,2026-01-18 04:00:00.567000+00:00,1.2125e-05,95151.12977,BTC-USD,dydx,DEX,False,0.0
