ticker,rate,price,effectiveAtHeight,effectiveAt,fundingTime,fundingRate,markPrice,symbol,source,type,has_interest,interest_per_interval
ETH-USD,0.000026625,3912.287643,59663039,2025-10-19T10:00:00.116Z,2025-10-19 10:00:00.116000+00:00,2.6625e-05,3912.287643,ETH-USD,dydx,DEX,False,0.0
ETH-USD,0.000032375,3931.602655,59668889,2025-10-19T11:00:00.216Z,2025-10-19 11:00:00.216000+00:00,3.2375e-05,3931.602655,ETH-USD,dydx,DEX,False,0.0
ETH-USD,0.000030125,3925.68,59674827,2025-10-19T12:00:00.326Z,2025-10-19 12:00:00.326000+00:00,3.0125e-05,3925.68,ETH-USD,dydx,DEX,False,0.0
ETH-USD,0.000020125,3923.46704,59680730,2025-10-19T13:00:00.411Z,2025-10-19 13:00:00.411000+00:00,2.0125e-05,3923.46704,ETH-USD,dydx,DEX,False,0.0
ETH-USD,0.000027625,3973.289315,59686656,2025-10-19T14:00:00.317Z,2025-10-19 14:00:00.317000+00:00,2.7625e-05,3973.289315,ETH-USD,dydx,DEX,False,0.0
ETH-USD,0.00002625,3991.386554,59692543,2025-10-19T15:00:00.185Z,2025-10-19 15:00:00.185000+00:00,2.625e-05,3991.386554,ETH-USD,dydx,DEX,False,0.0
ETH-USD,0.0000255,3979.18,59698451,2025-10-19T16:00:00.030Z,2025-10-19 16:00:00.030000+00:00,2.55e-05,3979.18,ETH-USD,dydx,DEX,False,0.0
ETH-USD,0.000021,3982.603041,59704336,2025-10-19T17:00:00.009Z,2025-10-19 17:00:00.009000+00:00,2.1e-05,3982.603041,ETH-USD,dydx,DEX,False,0.0
ETH-USD,0.00003425,3996.432065,59710191,2025-10-19T18:00:00.745Z,2025-10-19 18:00:00.745000+00:00,3.425e-05,3996.432065,ETH-USD,dydx,DEX,False,0.0
ETH-USD,0.00003525,4001.930772,59716049,2025-10-19T19:00:02.053Z,2025-10-19 19:00:02.053000+00:00,3.525e-05,4001.930772,ETH-USD,dydx,DEX,False,0.0
ETH-USD,0.000027125,3987.283641,59721917,2025-10-19T20:00:00.359Z,2025-10-19 20:00:00.359000+00:00,2.7125e-05,3987.283641,ETH-USD,dydx,DEX,False,0.0
ETH-USD,0.000035375,4002.40096,59727795,2025-10-19T21:00:00.583Z,2025-10-19 21:00:00.583000+00:00,3.5375e-05,4002.40096,ETH-USD,dydx,DEX,False,0.0
ETH-USD,0.0000225,3999.588659,59733688,2025-10-19T22:00:00.470Z,2025-10-19 22:00:00.470000+00:00,2.25e-05,3999.588659,ETH-USD,dydx,DEX,False,0.0
ETH-USD,0.000036375,4022.482396,59739558,2025-10-19T23:00:00.426Z,2025-10-19 23:00:00.426000+00:00,3.6375e-05,4022.482396,ETH-USD,dydx,DEX,False,0.0
ETH-USD,0.0000285,3985.232616,59745451,2025-10-20T00:00:00.472Z,2025-10-20 00:00:00.472000+00:00,2.85e-05,3985.232616,ETH-USD,dydx,DEX,False,0.0
ETH-USD,0.000031625,3944.03,59751371,2025-10-20T01:00:00.313Z,2025-10-20 01:00:00.313000+00:00,3.1625e-05,3944.03,ETH-USD,dydx,DEX,False,0.0
ETH-USD,0.000023,3940.57623,59757226,2025-10-20T02:00:00.503Z,2025-10-20 02:00:00.503000+00:00,2.3e-05,3940.57623,ETH-USD,dydx,DEX,False,0.0
ETH-USD,0.000026,3958.743497,59763128,2025-10-20T03:00:00.084Z,2025-10-20 03:00:00.084000+00:00,2.6e-05,3958.743497,ETH-USD,dydx,DEX,False,0.0
ETH-USD,0.00003725,4029.740452,59768993,2025-10-20T04:00:00.068Z,2025-10-20 04:00:00.068000+00:00,3.725e-05,4029.740452,ETH-USD,dydx,DEX,False,0.0
ETH-USD,0.000047625,4056.340987,59775084,2025-10-20T05:00:00.521Z,2025-10-20 05:00:00.521000+00:00,4.7625e-05,4056.340987,ETH-USD,dydx,DEX,False,0.0
ETH-USD,0.000031,4063.405362,59780897,2025-10-20T06:00:00.403Z,2025-10-20 06:00:00.403000+00:00,3.1e-05,4063.405362,ETH-USD,dydx,DEX,False,0.0
ETH-USD,0.0000395,4077.113594,59786706,2025-10-20T07:00:00.305Z,2025-10-20 07:00:00.305000+00:00,3.95e-05,4077.113594,ETH-USD,dydx,DEX,False,0.0
ETH-USD,0.000017125,4057.392957,59792502,2025-10-20T08:00:00.298Z,2025-10-20 08:00:00.298000+00:00,1.7125e-05,4057.392957,ETH-USD,dydx,DEX,False,0.0
ETH-USD,0.000037875,4048.674337,59798276,2025-10-20T09:00:00.003Z,2025-10-20 09:00:00.003000+00:00,3.7875e-05,4048.674337,ETH-USD,dydx,DEX,False,0.0
ETH-USD,0.000052625,4047.023663,59804060,2025-10-20T10:00:00.176Z,2025-10-20 10:00:00.176000+00:00,5.2625e-05,4047.023663,ETH-USD,dydx,DEX,False,0.0
ETH-USD,0.00003675,4027.34,59809879,2025-10-20T11:00:00.085Z,2025-10-20 11:00:00.085000+00:00,3.675e-05,4027.34,ETH-USD,dydx,DEX,False,0.0
ETH-USD,0.000032625,4037.43,59815654,2025-10-20T12:00:00.209Z,2025-10-20 12:00:00.209000+00:00,3.2625e-05,4037.43,ETH-USD,dydx,DEX,False,0.0
ETH-USD,0.000031625,4038.196024,59821497,2025-10-20T13:00:00.498Z,2025-10-20 13:00:00.498000+00:00,3.1625e-05,4038.196024,ETH-USD,dydx,DEX,False,0.0
ETH-USD,0.000019875,4040.178035,59827408,2025-10-20T14:00:00.233Z,2025-10-20 14:00:00.233000+00:00,1.9875e-05,4040.178035,ETH-USD,dydx,DEX,False,0.0
ETH-USD,0.000040375,4040.238047,59833239,2025-10-20T15:00:00.387Z,2025-10-20 15:00:00.387000+00:00,4.0375e-05,4040.238047,ETH-USD,dydx,DEX,False,0.0
ETH-USD,0.000017375,4005.272108,59838868,2025-10-20T16:00:00.191Z,2025-10-20 16:00:00.191000+00:00,1.7375e-05,4005.272108,ETH-USD,dydx,DEX,False,0.0
ETH-USD,0.00003825,3951.210371,59845002,2025-10-20T17:00:00.045Z,2025-10-20 17:00:00.045000+00:00,3.825e-05,3951.210371,ETH-USD,dydx,DEX,False,0.0
ETH-USD,0.00002825,3951.955586,59851132,2025-10-20T18:00:00.168Z,2025-10-20 18:00:00.168000+00:00,2.825e-05,3951.955586,ETH-USD,dydx,DEX,False,0.0
ETH-USD,0.0000175,3974.442332,59857250,2025-10-20T19:00:00.077Z,2025-10-20 19:00:00.077000+00:00,1.75e-05,3974.442332,ETH-USD,dydx,DEX,False,0.0
ETH-USD,0.00001775,3983.324997,59863251,2025-10-20T20:00:00.528Z,2025-10-20 20:00:00.528000+00:00,1.775e-05,3983.324997,ETH-USD,dydx,DEX,False,0.0
ETH-USD,-0.00001425,3999.744595,59869260,2025-10-20T21:00:00.275Z,2025-10-20 21:00:00.275000+00:00,-1.425e-05,3999.744595,ETH-USD,dydx,DEX,False,0.0
ETH-USD,-0.000051125,3977.013103,59875219,2025-10-20T22:00:00.080Z,2025-10-20 22:00:00.080000+00:00,-5.1125e-05,3977.013103,ETH-USD,dydx,DEX,False,0.0
ETH-USD,0.00001625,3990.482385,59881212,2025-10-20T23:00:00.473Z,2025-10-20 23:00:00.473000+00:00,1.625e-05,3990.482385,ETH-USD,dydx,DEX,False,0.0
ETH-USD,0.00000125,3981.32211,59887183,2025-10-21T00:00:00.147Z,2025-10-21 00:00:00.147000+00:00,1.25e-06,3981.32211,ETH-USD,dydx,DEX,False,0.0
ETH-USD,0.000000875,3975.172551,59893201,2025-10-21T01:00:00.517Z,2025-10-21 01:00:00.517000+00:00,8.75e-07,3975.172551,ETH-USD,dydx,DEX,False,0.0
ETH-USD,-0.00000125,3949.064719,59899188,2025-10-21T02:00:00.570Z,2025-10-21 02:00:00.570000+00:00,-1.25e-06,3949.064719,ETH-USD,dydx,DEX,False,0.0
ETH-USD,0.000012375,3933.19,59905068,2025-10-21T03:00:00.218Z,2025-10-21 03:00:00.218000+00:00,1.2375e-05,3933.19,ETH-USD,dydx,DEX,False,0.0
ETH-USD,0.000025125,3924.120751,59910842,2025-10-21T04:00:00.277Z,2025-10-21 04:00:00.277000+00:00,2.5125e-05,3924.120751,ETH-USD,dydx,DEX,False,0.0
ETH-USD,-0.000002125,3852.945883,59916608,2025-10-21T05:00:00.432Z,2025-10-21 05:00:00.432000+00:00,-2.125e-06,3852.945883,ETH-USD,dydx,DEX,False,0.0
ETH-USD,0.000006625,3864.009202,59922349,2025-10-21T06:00:00.187Z,2025-10-21 06:00:00.187000+00:00,6.625e-06,3864.009202,ETH-USD,dydx,DEX,False,0.0
ETH-USD,0.000004375,3888.316494,59928104,2025-10-21T07:00:00.328Z,2025-10-21 07:00:00.328000+00:00,4.375e-06,3888.316494,ETH-USD,dydx,DEX,False,0.0
ETH-USD,0.00000425,3895.668267,59933669,2025-10-21T08:00:00.394Z,2025-10-21 08:00:00.394000+00:00,4.25e-06,3895.668267,ETH-USD,dydx,DEX,False,0.0
ETH-USD,0.000001125,3869.2,59939381,2025-10-21T09:00:00.115Z,2025-10-21 09:00:00.115000+00:00,1.125e-06,3869.2,ETH-USD,dydx,DEX,False,0.0
ETH-USD,0.000014,3864.8,59945120,2025-10-21T10:00:00.366Z,2025-10-21 10:00:00.366000+00:00,1.4e-05,3864.8,ETH-USD,dydx,DEX,False,0.0
ETH-USD,0.000016125,3884.38,59950903,2025-10-21T11:00:00.059Z,2025-10-21 11:00:00.059000+00:00,1.6125e-05,3884.38,ETH-USD,dydx,DEX,False,0.0
ETH-USD,0.000019375,3891.637491,59956592,2025-10-21T12:00:00.408Z,2025-10-21 12:00:00.408000+00:00,1.9375e-05,3891.637491,ETH-USD,dydx,DEX,False,0.0
ETH-USD,0.00001075,3881.48,59962328,2025-10-21T13:00:00.057Z,2025-10-21 13:00:00.057000+00:00,1.075e-05,3881.48,ETH-USD,dydx,DEX,False,0.0
ETH-USD,0.0000135,3867.867146,59968102,2025-10-21T14:00:00.596Z,2025-10-21 14:00:00.596000+00:00,1.35e-05,3867.867146,ETH-USD,dydx,DEX,False,0.0
ETH-USD,0.000010875,4022.448979,59973889,2025-10-21T15:00:00.427Z,2025-10-21 15:00:00.427000+00:00,1.0875e-05,4022.448979,ETH-USD,dydx,DEX,False,0.0
ETH-USD,-0.000003,4083.1,59979595,2025-10-21T16:00:00.606Z,2025-10-21 16:00:00.606000+00:00,-3e-06,4083.1,ETH-USD,dydx,DEX,False,0.0
ETH-USD,-0.000003,4029.81964,59985307,2025-10-21T17:00:00.278Z,2025-10-21 17:00:00.278000+00:00,-3e-06,4029.81964,ETH-USD,dydx,DEX,False,0.0
ETH-USD,0.00004375,4016.640398,59990956,2025-10-21T18:00:00.327Z,2025-10-21 18:00:00.327000+00:00,4.375e-05,4016.640398,ETH-USD,dydx,DEX,False,0.0
ETH-USD,0.0000335,4015.571278,59996681,2025-10-21T19:00:00.032Z,2025-10-21 19:00:00.032000+00:00,3.35e-05,4015.571278,ETH-USD,dydx,DEX,False,0.0
ETH-USD,0.000024625,3998.228937,60002348,2025-10-21T20:00:00.579Z,2025-10-21 20:00:00.579000+00:00,2.4625e-05,3998.228937,ETH-USD,dydx,DEX,False,0.0
ETH-USD,0.000015125,3955.527749,60008048,2025-10-21T21:00:00.207Z,2025-10-21 21:00:00.207000+00:00,1.5125e-05,3955.527749,ETH-USD,dydx,DEX,False,0.0
ETH-USD,0.00002375,3949.044083,60013808,2025-10-21T22:00:00.494Z,2025-10-21 22:00:00.494000+00:00,2.375e-05,3949.044083,ETH-USD,dydx,DEX,False,0.0
ETH-USD,0.000024375,3901.5,60019525,2025-10-21T23:00:00.538Z,2025-10-21 23:00:00.538000+00:00,2.4375e-05,3901.5,ETH-USD,dydx,DEX,False,0.0
ETH-USD,-0.000016125,3875.36,60025221,2025-10-22T00:00:00.363Z,2025-10-22 00:00:00.363000+00:00,-1.6125e-05,3875.36,ETH-USD,dydx,DEX,False,0.0
ETH-USD,-0.0000005,3844.46,60030942,2025-10-22T01:00:00.531Z,2025-10-22 01:00:00.531000+00:00,-5e-07,3844.46,ETH-USD,dydx,DEX,False,0.0
ETH-USD,0.000002,3870.738392,60036707,2025-10-22T02:00:00.276Z,2025-10-22 02:00:00.276000+00:00,2e-06,3870.738392,ETH-USD,dydx,DEX,False,0.0
ETH-USD,0,3864.77698,60042549,2025-10-22T03:00:00.342Z,2025-10-22 03:00:00.342000+00:00,0.0,3864.77698,ETH-USD,dydx,DEX,False,0.0
ETH-USD,0.00001325,3861.51111,60048208,2025-10-22T04:00:00.127Z,2025-10-22 04:00:00.127000+00:00,1.325e-05,3861.51111,ETH-USD,dydx,DEX,False,0.0
ETH-USD,0.000006,3881.608965,60053951,2025-10-22T05:00:00.186Z,2025-10-22 05:00:00.186000+00:00,6e-06,3881.608965,ETH-USD,dydx,DEX,False,0.0
ETH-USD,0.000008375,3862.691896,60059690,2025-10-22T06:00:00.345Z,2025-10-22 06:00:00.345000+00:00,8.375e-06,3862.691896,ETH-USD,dydx,DEX,False,0.0
ETH-USD,0.0000205,3856.716631,60065455,2025-10-22T07:00:00.475Z,2025-10-22 07:00:00.475000+00:00,2.05e-05,3856.716631,ETH-USD,dydx,DEX,False,0.0
ETH-USD,0.000002375,3870.655327,60071226,2025-10-22T08:00:00.077Z,2025-10-22 08:00:00.077000+00:00,2.375e-06,3870.655327,ETH-USD,dydx,DEX,False,0.0
ETH-USD,0.000011875,3857.614572,60077010,2025-10-22T09:00:00.275Z,2025-10-22 09:00:00.275000+00:00,1.1875e-05,3857.614572,ETH-USD,dydx,DEX,False,0.0
ETH-USD,0.00001375,3838.729366,60082786,2025-10-22T10:00:00.024Z,2025-10-22 10:00:00.024000+00:00,1.375e-05,3838.729366,ETH-USD,dydx,DEX,False,0.0
ETH-USD,0.000011625,3823.028356,60088543,2025-10-22T11:00:00.084Z,2025-10-22 11:00:00.084000+00:00,1.1625e-05,3823.028356,ETH-USD,dydx,DEX,False,0.0
ETH-USD,0.0000145,3830.124513,60094271,2025-10-22T12:00:00.529Z,2025-10-22 12:00:00.529000+00:00,1.45e-05,3830.124513,ETH-USD,dydx,DEX,False,0.0
ETH-USD,0.000018875,3847.56,60099986,2025-10-22T13:00:00.007Z,2025-10-22 13:00:00.007000+00:00,1.8875e-05,3847.56,ETH-USD,dydx,DEX,False,0.0
ETH-USD,0.000009125,3874.889999,60105844,2025-10-22T14:00:00.482Z,2025-10-22 14:00:00.482000+00:00,9.125e-06,3874.889999,ETH-USD,dydx,DEX,False,0.0
ETH-USD,0.000007875,3849.626067,60111705,2025-10-22T15:00:00.259Z,2025-10-22 15:00:00.259000+00:00,7.875e-06,3849.626067,ETH-USD,dydx,DEX,False,0.0
ETH-USD,0.00000575,3842.348945,60117359,2025-10-22T16:00:00.359Z,2025-10-22 16:00:00.359000+00:00,5.75e-06,3842.348945,ETH-USD,dydx,DEX,False,0.0
ETH-USD,0.000013,3837.678833,60122756,2025-10-22T17:00:00.117Z,2025-10-22 17:00:00.117000+00:00,1.3e-05,3837.678833,ETH-USD,dydx,DEX,False,0.0
ETH-USD,0.000000125,3809.012703,60128341,2025-10-22T18:00:00.116Z,2025-10-22 18:00:00.116000+00:00,1.25e-07,3809.012703,ETH-USD,dydx,DEX,False,0.0
ETH-USD,-0.000003875,3803.780581,60134148,2025-10-22T19:00:00.682Z,2025-10-22 19:00:00.682000+00:00,-3.875e-06,3803.780581,ETH-USD,dydx,DEX,False,0.0
ETH-USD,0.000013,3804.850485,60139893,2025-10-22T20:00:00.302Z,2025-10-22 20:00:00.302000+00:00,1.3e-05,3804.850485,ETH-USD,dydx,DEX,False,0.0
ETH-USD,0.000011375,3780.364109,60145679,2025-10-22T21:00:00.354Z,2025-10-22 21:00:00.354000+00:00,1.1375e-05,3780.364109,ETH-USD,dydx,DEX,False,0.0
ETH-USD,-0.000013,3744.580534,60151499,2025-10-22T22:00:00.022Z,2025-10-22 22:00:00.022000+00:00,-1.3e-05,3744.580534,ETH-USD,dydx,DEX,False,0.0
ETH-USD,-0.000012125,3752.910582,60157276,2025-10-22T23:00:00.601Z,2025-10-22 23:00:00.601000+00:00,-1.2125e-05,3752.910582,ETH-USD,dydx,DEX,False,0.0
ETH-USD,-0.00000275,3806.514129,60162970,2025-10-23T00:00:00.638Z,2025-10-23 00:00:00.638000+00:00,-2.75e-06,3806.514129,ETH-USD,dydx,DEX,False,0.0
ETH-USD,-0.000007875,3815.435942,60168629,2025-10-23T01:00:00.070Z,2025-10-23 01:00:00.070000+00:00,-7.875e-06,3815.435942,ETH-USD,dydx,DEX,False,0.0
ETH-USD,-0.0000025,3821.11128,60174401,2025-10-23T02:00:00.008Z,2025-10-23 02:00:00.008000+00:00,-2.5e-06,3821.11128,ETH-USD,dydx,DEX,False,0.0
ETH-USD,-0.00000375,3824.858128,60180237,2025-10-23T03:00:00.204Z,2025-10-23 03:00:00.204000+00:00,-3.75e-06,3824.858128,ETH-USD,dydx,DEX,False,0.0
ETH-USD,0.0000005,3827.37835,60186024,2025-10-23T04:00:00.705Z,2025-10-23 04:00:00.705000+00:00,5e-07,3827.37835,ETH-USD,dydx,DEX,False,0.0
ETH-USD,0,3836.821046,60191809,2025-10-23T05:00:00.243Z,2025-10-23 05:00:00.243000+00:00,0.0,3836.821046,ETH-USD,dydx,DEX,False,0.0
ETH-USD,-0.0000005,3848.88,60197618,2025-10-23T06:00:00.368Z,2025-10-23 06:00:00.368000+00:00,-5e-07,3848.88,ETH-USD,dydx,DEX,False,0.0
ETH-USD,-0.000000375,3893.907563,60203416,2025-10-23T07:00:00.524Z,2025-10-23 07:00:00.524000+00:00,-3.75e-07,3893.907563,ETH-USD,dydx,DEX,False,0.0
ETH-USD,0.000000875,3881.544463,60209192,2025-10-23T08:00:00.479Z,2025-10-23 08:00:00.479000+00:00,8.75e-07,3881.544463,ETH-USD,dydx,DEX,False,0.0
ETH-USD,0.000000125,3888.685118,60214928,2025-10-23T09:00:00.460Z,2025-10-23 09:00:00.460000+00:00,1.25e-07,3888.685118,ETH-USD,dydx,DEX,False,0.0
ETH-USD,0.00000725,3891.428285,60220711,2025-10-23T10:00:00.133Z,2025-10-23 10:00:00.133000+00:00,7.25e-06,3891.428285,ETH-USD,dydx,DEX,False,0.0
ETH-USD,-0.000007,3879.403472,60226448,2025-10-23T11:00:00.275Z,2025-10-23 11:00:00.275000+00:00,-7e-06,3879.403472,ETH-USD,dydx,DEX,False,0.0
ETH-USD,-0.00001425,3863.770429,60232157,2025-10-23T12:00:00.557Z,2025-10-23 12:00:00.557000+00:00,-1.425e-05,3863.770429,ETH-USD,dydx,DEX,False,0.0
ETH-USD,0.000001375,3854.04,60238010,2025-10-23T13:00:00.190Z,2025-10-23 13:00:00.190000+00:00,1.375e-06,3854.04,ETH-USD,dydx,DEX,False,0.0
ETH-USD,0.000001375,3854.04,60238010,2025-10-23T13:00:00.190Z,2025-10-23 13:00:00.190000+00:00,1.375e-06,3854.04,ETH-USD,dydx,DEX,False,0.0
ETH-USD,0.0000025,3851.440576,60243926,2025-10-23T14:00:00.284Z,2025-10-23 14:00:00.284000+00:00,2.5e-06,3851.440576,ETH-USD,dydx,DEX,False,0.0
ETH-USD,0.000010875,3847.137582,60249761,2025-10-23T15:00:00.140Z,2025-10-23 15:00:00.140000+00:00,1.0875e-05,3847.137582,ETH-USD,dydx,DEX,False,0.0
ETH-USD,-0.00000725,3877.85,60255597,2025-10-23T16:00:00.521Z,2025-10-23 16:00:00.521000+00:00,-7.25e-06,3877.85,ETH-USD,dydx,DEX,False,0.0
ETH-USD,-0.000002625,3920.666199,60261379,2025-10-23T17:00:00.577Z,2025-10-23 17:00:00.577000+00:00,-2.625e-06,3920.666199,ETH-USD,dydx,DEX,False,0.0
ETH-USD,-0.000005125,3921.751322,60267152,2025-10-23T18:00:00.577Z,2025-10-23 18:00:00.577000+00:00,-5.125e-06,3921.751322,ETH-USD,dydx,DEX,False,0.0
ETH-USD,0.000022625,3871.58982,60272884,2025-10-23T19:00:00.332Z,2025-10-23 19:00:00.332000+00:00,2.2625e-05,3871.58982,ETH-USD,dydx,DEX,False,0.0
ETH-USD,0.000018125,3862.224889,60278704,2025-10-23T20:00:00.128Z,2025-10-23 20:00:00.128000+00:00,1.8125e-05,3862.224889,ETH-USD,dydx,DEX,False,0.0
ETH-USD,0.00002225,3832.312925,60284476,2025-10-23T21:00:00.304Z,2025-10-23 21:00:00.304000+00:00,2.225e-05,3832.312925,ETH-USD,dydx,DEX,False,0.0
ETH-USD,0.0000205,3830.082032,60290206,2025-10-23T22:00:00.368Z,2025-10-23 22:00:00.368000+00:00,2.05e-05,3830.082032,ETH-USD,dydx,DEX,False,0.0
ETH-USD,0.00001625,3853.161264,60295968,2025-10-23T23:00:00.565Z,2025-10-23 23:00:00.565000+00:00,1.625e-05,3853.161264,ETH-USD,dydx,DEX,False,0.0
ETH-USD,0.000022125,3856.985947,60301644,2025-10-24T00:00:00.531Z,2025-10-24 00:00:00.531000+00:00,2.2125e-05,3856.985947,ETH-USD,dydx,DEX,False,0.0
ETH-USD,0.00002375,3870.148059,60307394,2025-10-24T01:00:00.189Z,2025-10-24 01:00:00.189000+00:00,2.375e-05,3870.148059,ETH-USD,dydx,DEX,False,0.0
ETH-USD,0.0000265,3883.943577,60313095,2025-10-24T02:00:00.552Z,2025-10-24 02:00:00.552000+00:00,2.65e-05,3883.943577,ETH-USD,dydx,DEX,False,0.0
ETH-USD,0.0000215,3892.638193,60318836,2025-10-24T03:00:00.508Z,2025-10-24 03:00:00.508000+00:00,2.15e-05,3892.638193,ETH-USD,dydx,DEX,False,0.0
ETH-USD,0.000016125,3892.226216,60324487,2025-10-24T04:00:00.149Z,2025-10-24 04:00:00.149000+00:00,1.6125e-05,3892.226216,ETH-USD,dydx,DEX,False,0.0
ETH-USD,0.000028625,3977.17,60330188,2025-10-24T05:00:00.581Z,2025-10-24 05:00:00.581000+00:00,2.8625e-05,3977.17,ETH-USD,dydx,DEX,False,0.0
ETH-USD,0.000019375,3974.541165,60335852,2025-10-24T06:00:00.408Z,2025-10-24 06:00:00.408000+00:00,1.9375e-05,3974.541165,ETH-USD,dydx,DEX,False,0.0
ETH-USD,0.00004625,3984.784723,60341509,2025-10-24T07:00:00.115Z,2025-10-24 07:00:00.115000+00:00,4.625e-05,3984.784723,ETH-USD,dydx,DEX,False,0.0
ETH-USD,0.000076125,3951.630652,60347137,2025-10-24T08:00:00.493Z,2025-10-24 08:00:00.493000+00:00,7.6125e-05,3951.630652,ETH-USD,dydx,DEX,False,0.0
ETH-USD,0.000074625,3953.62,60352701,2025-10-24T09:00:00.364Z,2025-10-24 09:00:00.364000+00:00,7.4625e-05,3953.62,ETH-USD,dydx,DEX,False,0.0
ETH-USD,0.000053125,3958.213101,60358077,2025-10-24T10:00:00.417Z,2025-10-24 10:00:00.417000+00:00,5.3125e-05,3958.213101,ETH-USD,dydx,DEX,False,0.0
ETH-USD,0.000050875,3958.693477,60363850,2025-10-24T11:00:00.104Z,2025-10-24 11:00:00.104000+00:00,5.0875e-05,3958.693477,ETH-USD,dydx,DEX,False,0.0
ETH-USD,0.00005125,3947.730671,60369578,2025-10-24T12:00:00.017Z,2025-10-24 12:00:00.017000+00:00,5.125e-05,3947.730671,ETH-USD,dydx,DEX,False,0.0
ETH-USD,0.000053375,3964.099229,60375609,2025-10-24T13:00:00.092Z,2025-10-24 13:00:00.092000+00:00,5.3375e-05,3964.099229,ETH-USD,dydx,DEX,False,0.0
ETH-USD,0.000056375,3947.074122,60381584,2025-10-24T14:00:00.276Z,2025-10-24 14:00:00.276000+00:00,5.6375e-05,3947.074122,ETH-USD,dydx,DEX,False,0.0
ETH-USD,0.0000405,3903.408262,60387730,2025-10-24T15:00:00.000Z,2025-10-24 15:00:00+00:00,4.05e-05,3903.408262,ETH-USD,dydx,DEX,False,0.0
ETH-USD,0.000045375,3889.65,60393422,2025-10-24T16:00:00.465Z,2025-10-24 16:00:00.465000+00:00,4.5375e-05,3889.65,ETH-USD,dydx,DEX,False,0.0
ETH-USD,0.000051375,3888.157631,60399463,2025-10-24T17:00:00.530Z,2025-10-24 17:00:00.530000+00:00,5.1375e-05,3888.157631,ETH-USD,dydx,DEX,False,0.0
ETH-USD,0.00003575,3888.67,60405529,2025-10-24T18:00:00.611Z,2025-10-24 18:00:00.611000+00:00,3.575e-05,3888.67,ETH-USD,dydx,DEX,False,0.0
ETH-USD,0.0000465,3913.521044,60411616,2025-10-24T19:00:00.132Z,2025-10-24 19:00:00.132000+00:00,4.65e-05,3913.521044,ETH-USD,dydx,DEX,False,0.0
ETH-USD,0.000043375,3926.804864,60417708,2025-10-24T20:00:00.128Z,2025-10-24 20:00:00.128000+00:00,4.3375e-05,3926.804864,ETH-USD,dydx,DEX,False,0.0
ETH-USD,0.000046625,3939.547909,60423820,2025-10-24T21:00:00.010Z,2025-10-24 21:00:00.010000+00:00,4.6625e-05,3939.547909,ETH-USD,dydx,DEX,False,0.0
ETH-USD,0.000043875,3945.003501,60429974,2025-10-24T22:00:00.333Z,2025-10-24 22:00:00.333000+00:00,4.3875e-05,3945.003501,ETH-USD,dydx,DEX,False,0.0
ETH-USD,0.000040125,3937.671301,60436098,2025-10-24T23:00:00.426Z,2025-10-24 23:00:00.426000+00:00,4.0125e-05,3937.671301,ETH-USD,dydx,DEX,False,0.0
ETH-USD,0.000027125,3935.021518,60442247,2025-10-25T00:00:00.487Z,2025-10-25 00:00:00.487000+00:00,2.7125e-05,3935.021518,ETH-USD,dydx,DEX,False,0.0
ETH-USD,0.00003125,3919.069522,60448414,2025-10-25T01:00:00.529Z,2025-10-25 01:00:00.529000+00:00,3.125e-05,3919.069522,ETH-USD,dydx,DEX,False,0.0
ETH-USD,0.00005225,3934.070221,60454570,2025-10-25T02:00:00.449Z,2025-10-25 02:00:00.449000+00:00,5.225e-05,3934.070221,ETH-USD,dydx,DEX,False,0.0
ETH-USD,0.0000415,3935.177035,60460735,2025-10-25T03:00:00.525Z,2025-10-25 03:00:00.525000+00:00,4.15e-05,3935.177035,ETH-USD,dydx,DEX,False,0.0
ETH-USD,0.0000325,3920.914182,60466843,2025-10-25T04:00:00.027Z,2025-10-25 04:00:00.027000+00:00,3.25e-05,3920.914182,ETH-USD,dydx,DEX,False,0.0
ETH-USD,0.000039,3924.064812,60472943,2025-10-25T05:00:00.137Z,2025-10-25 05:00:00.137000+00:00,3.9e-05,3924.064812,ETH-USD,dydx,DEX,False,0.0
ETH-USD,0.000036125,3931.507544,60479099,2025-10-25T06:00:00.606Z,2025-10-25 06:00:00.606000+00:00,3.6125e-05,3931.507544,ETH-USD,dydx,DEX,False,0.0
ETH-USD,0.000027625,3929.56,60485234,2025-10-25T07:00:00.338Z,2025-10-25 07:00:00.338000+00:00,2.7625e-05,3929.56,ETH-USD,dydx,DEX,False,0.0
ETH-USD,0.000037625,3930.026005,60491302,2025-10-25T08:00:00.026Z,2025-10-25 08:00:00.026000+00:00,3.7625e-05,3930.026005,ETH-USD,dydx,DEX,False,0.0
ETH-USD,0.000038625,3955.016504,60497375,2025-10-25T09:00:00.512Z,2025-10-25 09:00:00.512000+00:00,3.8625e-05,3955.016504,ETH-USD,dydx,DEX,False,0.0
ETH-USD,0.0000365,3942.5,60503510,2025-10-25T10:00:00.428Z,2025-10-25 10:00:00.428000+00:00,3.65e-05,3942.5,ETH-USD,dydx,DEX,False,0.0
ETH-USD,0.000038125,3943.661754,60509618,2025-10-25T11:00:00.304Z,2025-10-25 11:00:00.304000+00:00,3.8125e-05,3943.661754,ETH-USD,dydx,DEX,False,0.0
ETH-USD,0.000034875,3941.435027,60515685,2025-10-25T12:00:00.186Z,2025-10-25 12:00:00.186000+00:00,3.4875e-05,3941.435027,ETH-USD,dydx,DEX,False,0.0
ETH-USD,0.000037125,3952.295688,60521743,2025-10-25T13:00:00.521Z,2025-10-25 13:00:00.521000+00:00,3.7125e-05,3952.295688,ETH-USD,dydx,DEX,False,0.0
ETH-USD,0.00003725,3943.60308,60527805,2025-10-25T14:00:00.627Z,2025-10-25 14:00:00.627000+00:00,3.725e-05,3943.60308,ETH-USD,dydx,DEX,False,0.0
ETH-USD,0.000036,3939.49,60533692,2025-10-25T15:00:00.021Z,2025-10-25 15:00:00.021000+00:00,3.6e-05,3939.49,ETH-USD,dydx,DEX,False,0.0
ETH-USD,0.000037,3933.956643,60539697,2025-10-25T16:00:00.433Z,2025-10-25 16:00:00.433000+00:00,3.7e-05,3933.956643,ETH-USD,dydx,DEX,False,0.0
ETH-USD,0.000032875,3931.98977,60545718,2025-10-25T17:00:00.436Z,2025-10-25 17:00:00.436000+00:00,3.2875e-05,3931.98977,ETH-USD,dydx,DEX,False,0.0
ETH-USD,0.000035375,3934.050215,60551676,2025-10-25T18:00:00.042Z,2025-10-25 18:00:00.042000+00:00,3.5375e-05,3934.050215,ETH-USD,dydx,DEX,False,0.0
ETH-USD,0.000033875,3961.45229,60557656,2025-10-25T19:00:00.215Z,2025-10-25 19:00:00.215000+00:00,3.3875e-05,3961.45229,ETH-USD,dydx,DEX,False,0.0
ETH-USD,0.00003075,3958.531548,60563652,2025-10-25T20:00:00.262Z,2025-10-25 20:00:00.262000+00:00,3.075e-05,3958.531548,ETH-USD,dydx,DEX,False,0.0
ETH-USD,0.0000325,3946.809361,60569745,2025-10-25T21:00:00.474Z,2025-10-25 21:00:00.474000+00:00,3.25e-05,3946.809361,ETH-USD,dydx,DEX,False,0.0
ETH-USD,0.000043125,3951.586134,60575816,2025-10-25T22:00:00.076Z,2025-10-25 22:00:00.076000+00:00,4.3125e-05,3951.586134,ETH-USD,dydx,DEX,False,0.0
ETH-USD,0.000025,3963.206942,60581919,2025-10-25T23:00:00.144Z,2025-10-25 23:00:00.144000+00:00,2.5e-05,3963.206942,ETH-USD,dydx,DEX,False,0.0
ETH-USD,0.000028375,3954.076222,60587997,2025-10-26T00:00:00.089Z,2025-10-26 00:00:00.089000+00:00,2.8375e-05,3954.076222,ETH-USD,dydx,DEX,False,0.0
ETH-USD,0.00002975,3952.805841,60594098,2025-10-26T01:00:00.066Z,2025-10-26 01:00:00.066000+00:00,2.975e-05,3952.805841,ETH-USD,dydx,DEX,False,0.0
ETH-USD,0.000033375,3934.476895,60600189,2025-10-26T02:00:00.360Z,2025-10-26 02:00:00.360000+00:00,3.3375e-05,3934.476895,ETH-USD,dydx,DEX,False,0.0
ETH-USD,0.000037375,3930.424418,60606283,2025-10-26T03:00:00.319Z,2025-10-26 03:00:00.319000+00:00,3.7375e-05,3930.424418,ETH-USD,dydx,DEX,False,0.0
ETH-USD,0.000037,3931.359407,60612305,2025-10-26T04:00:00.225Z,2025-10-26 04:00:00.225000+00:00,3.7e-05,3931.359407,ETH-USD,dydx,DEX,False,0.0
ETH-USD,0.0000295,3942.168433,60618356,2025-10-26T05:00:00.321Z,2025-10-26 05:00:00.321000+00:00,2.95e-05,3942.168433,ETH-USD,dydx,DEX,False,0.0
ETH-USD,0.000040125,3943.800907,60624380,2025-10-26T06:00:00.632Z,2025-10-26 06:00:00.632000+00:00,4.0125e-05,3943.800907,ETH-USD,dydx,DEX,False,0.0
ETH-USD,0.000033875,3946.391559,60630417,2025-10-26T07:00:00.020Z,2025-10-26 07:00:00.020000+00:00,3.3875e-05,3946.391559,ETH-USD,dydx,DEX,False,0.0
ETH-USD,0.000024125,3951.584133,60636461,2025-10-26T08:00:00.556Z,2025-10-26 08:00:00.556000+00:00,2.4125e-05,3951.584133,ETH-USD,dydx,DEX,False,0.0
ETH-USD,0.000032,3959.962665,60642457,2025-10-26T09:00:00.130Z,2025-10-26 09:00:00.130000+00:00,3.2e-05,3959.962665,ETH-USD,dydx,DEX,False,0.0
ETH-USD,0.00002825,3987.137427,60648356,2025-10-26T10:00:00.418Z,2025-10-26 10:00:00.418000+00:00,2.825e-05,3987.137427,ETH-USD,dydx,DEX,False,0.0
ETH-USD,0.00002975,3983.029659,60654259,2025-10-26T11:00:00.537Z,2025-10-26 11:00:00.537000+00:00,2.975e-05,3983.029659,ETH-USD,dydx,DEX,False,0.0
ETH-USD,0.000039875,4043.348669,60660139,2025-10-26T12:00:00.579Z,2025-10-26 12:00:00.579000+00:00,3.9875e-05,4043.348669,ETH-USD,dydx,DEX,False,0.0
ETH-USD,0.000030625,4071.597159,60666110,2025-10-26T13:00:00.435Z,2025-10-26 13:00:00.435000+00:00,3.0625e-05,4071.597159,ETH-USD,dydx,DEX,False,0.0
ETH-USD,0.00003025,4082.127251,60672031,2025-10-26T14:00:00.185Z,2025-10-26 14:00:00.185000+00:00,3.025e-05,4082.127251,ETH-USD,dydx,DEX,False,0.0
ETH-USD,0.000024375,4066.899594,60677965,2025-10-26T15:00:00.258Z,2025-10-26 15:00:00.258000+00:00,2.4375e-05,4066.899594,ETH-USD,dydx,DEX,False,0.0
ETH-USD,0.00003275,4074.685188,60683882,2025-10-26T16:00:00.387Z,2025-10-26 16:00:00.387000+00:00,3.275e-05,4074.685188,ETH-USD,dydx,DEX,False,0.0
ETH-USD,0.000030625,4055.771154,60689918,2025-10-26T17:00:00.479Z,2025-10-26 17:00:00.479000+00:00,3.0625e-05,4055.771154,ETH-USD,dydx,DEX,False,0.0
ETH-USD,0.00003425,4061.30226,60695908,2025-10-26T18:00:00.072Z,2025-10-26 18:00:00.072000+00:00,3.425e-05,4061.30226,ETH-USD,dydx,DEX,False,0.0
ETH-USD,0.000025625,4071.779969,60701968,2025-10-26T19:00:00.463Z,2025-10-26 19:00:00.463000+00:00,2.5625e-05,4071.779969,ETH-USD,dydx,DEX,False,0.0
ETH-USD,0.000026125,4067.52871,60708009,2025-10-26T20:00:00.190Z,2025-10-26 20:00:00.190000+00:00,2.6125e-05,4067.52871,ETH-USD,dydx,DEX,False,0.0
ETH-USD,0.000024,4063.546354,60714073,2025-10-26T21:00:00.323Z,2025-10-26 21:00:00.323000+00:00,2.4e-05,4063.546354,ETH-USD,dydx,DEX,False,0.0
ETH-USD,0.000039625,4080.759087,60720132,2025-10-26T22:00:00.319Z,2025-10-26 22:00:00.319000+00:00,3.9625e-05,4080.759087,ETH-USD,dydx,DEX,False,0.0
ETH-USD,0.000032125,4160.536012,60726164,2025-10-26T23:00:00.114Z,2025-10-26 23:00:00.114000+00:00,3.2125e-05,4160.536012,ETH-USD,dydx,DEX,False,0.0
ETH-USD,0.000028875,4159,60732124,2025-10-27T00:00:00.155Z,2025-10-27 00:00:00.155000+00:00,2.8875e-05,4159.0,ETH-USD,dydx,DEX,False,0.0
ETH-USD,0.00002875,4171.71,60738071,2025-10-27T01:00:00.416Z,2025-10-27 01:00:00.416000+00:00,2.875e-05,4171.71,ETH-USD,dydx,DEX,False,0.0
ETH-USD,0.000025375,4192.18208,60744030,2025-10-27T02:00:00.324Z,2025-10-27 02:00:00.324000+00:00,2.5375e-05,4192.18208,ETH-USD,dydx,DEX,False,0.0
ETH-USD,0.000033125,4205.92,60750042,2025-10-27T03:00:00.519Z,2025-10-27 03:00:00.519000+00:00,3.3125e-05,4205.92,ETH-USD,dydx,DEX,False,0.0
ETH-USD,0.000033875,4206.39,60756002,2025-10-27T04:00:00.302Z,2025-10-27 04:00:00.302000+00:00,3.3875e-05,4206.39,ETH-USD,dydx,DEX,False,0.0
ETH-USD,0.00000275,4212.942588,60761966,2025-10-27T05:00:00.489Z,2025-10-27 05:00:00.489000+00:00,2.75e-06,4212.942588,ETH-USD,dydx,DEX,False,0.0
ETH-USD,0.000018875,4233.453345,60767918,2025-10-27T06:00:00.281Z,2025-10-27 06:00:00.281000+00:00,1.8875e-05,4233.453345,ETH-USD,dydx,DEX,False,0.0
ETH-USD,-0.000002375,4235.568818,60773944,2025-10-27T07:00:00.507Z,2025-10-27 07:00:00.507000+00:00,-2.375e-06,4235.568818,ETH-USD,dydx,DEX,False,0.0
ETH-USD,-0.000016875,4201.420142,60779910,2025-10-27T08:00:00.592Z,2025-10-27 08:00:00.592000+00:00,-1.6875e-05,4201.420142,ETH-USD,dydx,DEX,False,0.0
ETH-USD,0.000003,4167.426742,60785778,2025-10-27T09:00:00.080Z,2025-10-27 09:00:00.080000+00:00,3e-06,4167.426742,ETH-USD,dydx,DEX,False,0.0
ETH-USD,0.000005,4160.856085,60791624,2025-10-27T10:00:00.238Z,2025-10-27 10:00:00.238000+00:00,5e-06,4160.856085,ETH-USD,dydx,DEX,False,0.0
ETH-USD,0.000005125,4166.656334,60797547,2025-10-27T11:00:00.120Z,2025-10-27 11:00:00.120000+00:00,5.125e-06,4166.656334,ETH-USD,dydx,DEX,False,0.0
ETH-USD,0.000000375,4160.208621,60803483,2025-10-27T12:00:00.496Z,2025-10-27 12:00:00.496000+00:00,3.75e-07,4160.208621,ETH-USD,dydx,DEX,False,0.0
ETH-USD,0.000003375,4146.075836,60809447,2025-10-27T13:00:00.447Z,2025-10-27 13:00:00.447000+00:00,3.375e-06,4146.075836,ETH-USD,dydx,DEX,False,0.0
ETH-USD,0.000014375,4178.31,60815455,2025-10-27T14:00:00.158Z,2025-10-27 14:00:00.158000+00:00,1.4375e-05,4178.31,ETH-USD,dydx,DEX,False,0.0
ETH-USD,0.000010625,4147.939043,60821457,2025-10-27T15:00:00.131Z,2025-10-27 15:00:00.131000+00:00,1.0625e-05,4147.939043,ETH-USD,dydx,DEX,False,0.0
ETH-USD,0.000015875,4173.697369,60827382,2025-10-27T16:00:00.326Z,2025-10-27 16:00:00.326000+00:00,1.5875e-05,4173.697369,ETH-USD,dydx,DEX,False,0.0
ETH-USD,0.000015875,4173.697369,60827382,2025-10-27T16:00:00.326Z,2025-10-27 16:00:00.326000+00:00,1.5875e-05,4173.697369,ETH-USD,dydx,DEX,False,0.0
ETH-USD,0.00000325,4215.121512,60833389,2025-10-27T17:00:00.362Z,2025-10-27 17:00:00.362000+00:00,3.25e-06,4215.121512,ETH-USD,dydx,DEX,False,0.0
ETH-USD,-0.000004625,4222.139315,60839381,2025-10-27T18:00:00.159Z,2025-10-27 18:00:00.159000+00:00,-4.625e-06,4222.139315,ETH-USD,dydx,DEX,False,0.0
ETH-USD,0.000000625,4216.29,60845370,2025-10-27T19:00:00.279Z,2025-10-27 19:00:00.279000+00:00,6.25e-07,4216.29,ETH-USD,dydx,DEX,False,0.0
ETH-USD,0.000005375,4192.49,60851311,2025-10-27T20:00:00.172Z,2025-10-27 20:00:00.172000+00:00,5.375e-06,4192.49,ETH-USD,dydx,DEX,False,0.0
ETH-USD,0.000006125,4131.124205,60857329,2025-10-27T21:00:00.075Z,2025-10-27 21:00:00.075000+00:00,6.125e-06,4131.124205,ETH-USD,dydx,DEX,False,0.0
ETH-USD,0.000006375,4117.399707,60863336,2025-10-27T22:00:00.339Z,2025-10-27 22:00:00.339000+00:00,6.375e-06,4117.399707,ETH-USD,dydx,DEX,False,0.0
ETH-USD,0.000001375,4122.029967,60869306,2025-10-27T23:00:00.128Z,2025-10-27 23:00:00.128000+00:00,1.375e-06,4122.029967,ETH-USD,dydx,DEX,False,0.0
ETH-USD,0.000006,4120.685985,60875240,2025-10-28T00:00:00.231Z,2025-10-28 00:00:00.231000+00:00,6e-06,4120.685985,ETH-USD,dydx,DEX,False,0.0
ETH-USD,0.0000085,4114.40771,60881241,2025-10-28T01:00:00.076Z,2025-10-28 01:00:00.076000+00:00,8.5e-06,4114.40771,ETH-USD,dydx,DEX,False,0.0
ETH-USD,0.000006,4137.10371,60887213,2025-10-28T02:00:00.425Z,2025-10-28 02:00:00.425000+00:00,6e-06,4137.10371,ETH-USD,dydx,DEX,False,0.0
ETH-USD,0.000004,4095.73,60893290,2025-10-28T03:00:00.664Z,2025-10-28 03:00:00.664000+00:00,4e-06,4095.73,ETH-USD,dydx,DEX,False,0.0
ETH-USD,0.000005375,4094.819481,60899364,2025-10-28T04:00:00.135Z,2025-10-28 04:00:00.135000+00:00,5.375e-06,4094.819481,ETH-USD,dydx,DEX,False,0.0
ETH-USD,0.00000475,4101.360136,60905448,2025-10-28T05:00:00.222Z,2025-10-28 05:00:00.222000+00:00,4.75e-06,4101.360136,ETH-USD,dydx,DEX,False,0.0
ETH-USD,0.000007125,4068.08542,60911532,2025-10-28T06:00:01.242Z,2025-10-28 06:00:01.242000+00:00,7.125e-06,4068.08542,ETH-USD,dydx,DEX,False,0.0
ETH-USD,0.000002625,4111.841184,60917563,2025-10-28T07:00:00.369Z,2025-10-28 07:00:00.369000+00:00,2.625e-06,4111.841184,ETH-USD,dydx,DEX,False,0.0
ETH-USD,0.00000625,4117.812354,60923561,2025-10-28T08:00:00.264Z,2025-10-28 08:00:00.264000+00:00,6.25e-06,4117.812354,ETH-USD,dydx,DEX,False,0.0
ETH-USD,0.0000095,4124.676223,60929461,2025-10-28T09:00:00.327Z,2025-10-28 09:00:00.327000+00:00,9.5e-06,4124.676223,ETH-USD,dydx,DEX,False,0.0
ETH-USD,0.000010875,4123.46,60935382,2025-10-28T10:00:00.318Z,2025-10-28 10:00:00.318000+00:00,1.0875e-05,4123.46,ETH-USD,dydx,DEX,False,0.0
ETH-USD,0.000017,4118.411841,60941307,2025-10-28T11:00:00.240Z,2025-10-28 11:00:00.240000+00:00,1.7e-05,4118.411841,ETH-USD,dydx,DEX,False,0.0
ETH-USD,0.00001725,4113.062387,60947264,2025-10-28T12:00:00.553Z,2025-10-28 12:00:00.553000+00:00,1.725e-05,4113.062387,ETH-USD,dydx,DEX,False,0.0
ETH-USD,0.000023125,4120.220601,60953257,2025-10-28T13:00:00.476Z,2025-10-28 13:00:00.476000+00:00,2.3125e-05,4120.220601,ETH-USD,dydx,DEX,False,0.0
ETH-USD,0.00001275,4157.845784,60959226,2025-10-28T14:00:00.433Z,2025-10-28 14:00:00.433000+00:00,1.275e-05,4157.845784,ETH-USD,dydx,DEX,False,0.0
ETH-USD,-0.000015375,4117.981798,60965213,2025-10-28T15:00:00.513Z,2025-10-28 15:00:00.513000+00:00,-1.5375e-05,4117.981798,ETH-USD,dydx,DEX,False,0.0
ETH-USD,0.0000035,4097.401946,60971108,2025-10-28T16:00:00.033Z,2025-10-28 16:00:00.033000+00:00,3.5e-06,4097.401946,ETH-USD,dydx,DEX,False,0.0
ETH-USD,0.0000175,4135.60713,60977009,2025-10-28T17:00:00.256Z,2025-10-28 17:00:00.256000+00:00,1.75e-05,4135.60713,ETH-USD,dydx,DEX,False,0.0
ETH-USD,0.0000025,4140.6,60982913,2025-10-28T18:00:00.570Z,2025-10-28 18:00:00.570000+00:00,2.5e-06,4140.6,ETH-USD,dydx,DEX,False,0.0
ETH-USD,-0.00000075,4114.611461,60988869,2025-10-28T19:00:00.282Z,2025-10-28 19:00:00.282000+00:00,-7.5e-07,4114.611461,ETH-USD,dydx,DEX,False,0.0
ETH-USD,0.0000025,4039.197839,60994890,2025-10-28T20:00:00.085Z,2025-10-28 20:00:00.085000+00:00,2.5e-06,4039.197839,ETH-USD,dydx,DEX,False,0.0
ETH-USD,0.0000035,3980.360585,61000901,2025-10-28T21:00:00.433Z,2025-10-28 21:00:00.433000+00:00,3.5e-06,3980.360585,ETH-USD,dydx,DEX,False,0.0
ETH-USD,0.0000185,3982.027974,61006828,2025-10-28T22:00:00.178Z,2025-10-28 22:00:00.178000+00:00,1.85e-05,3982.027974,ETH-USD,dydx,DEX,False,0.0
ETH-USD,0.00001575,3995.038977,61012742,2025-10-28T23:00:00.257Z,2025-10-28 23:00:00.257000+00:00,1.575e-05,3995.038977,ETH-USD,dydx,DEX,False,0.0
ETH-USD,0.00001225,3980.096019,61018625,2025-10-29T00:00:00.381Z,2025-10-29 00:00:00.381000+00:00,1.225e-05,3980.096019,ETH-USD,dydx,DEX,False,0.0
ETH-USD,0.000018375,3973.32,61024488,2025-10-29T01:00:00.078Z,2025-10-29 01:00:00.078000+00:00,1.8375e-05,3973.32,ETH-USD,dydx,DEX,False,0.0
ETH-USD,0.000014125,3984.986997,61030341,2025-10-29T02:00:00.206Z,2025-10-29 02:00:00.206000+00:00,1.4125e-05,3984.986997,ETH-USD,dydx,DEX,False,0.0
ETH-USD,0.000031,4003.000425,61036237,2025-10-29T03:00:00.048Z,2025-10-29 03:00:00.048000+00:00,3.1e-05,4003.000425,ETH-USD,dydx,DEX,False,0.0
ETH-USD,0.000025375,3998.429557,61042141,2025-10-29T04:00:00.577Z,2025-10-29 04:00:00.577000+00:00,2.5375e-05,3998.429557,ETH-USD,dydx,DEX,False,0.0
ETH-USD,0.000026375,4014.744603,61048140,2025-10-29T05:00:00.481Z,2025-10-29 05:00:00.481000+00:00,2.6375e-05,4014.744603,ETH-USD,dydx,DEX,False,0.0
ETH-USD,0.00002375,4029.288786,61054130,2025-10-29T06:00:00.380Z,2025-10-29 06:00:00.380000+00:00,2.375e-05,4029.288786,ETH-USD,dydx,DEX,False,0.0
ETH-USD,0.0000345,4026.715343,61060164,2025-10-29T07:00:00.568Z,2025-10-29 07:00:00.568000+00:00,3.45e-05,4026.715343,ETH-USD,dydx,DEX,False,0.0
ETH-USD,0.000044,4026.517955,61066196,2025-10-29T08:00:00.227Z,2025-10-29 08:00:00.227000+00:00,4.4e-05,4026.517955,ETH-USD,dydx,DEX,False,0.0
ETH-USD,0.00001425,4008.823529,61072052,2025-10-29T09:00:00.366Z,2025-10-29 09:00:00.366000+00:00,1.425e-05,4008.823529,ETH-USD,dydx,DEX,False,0.0
ETH-USD,0.000008625,4000.529695,61077905,2025-10-29T10:00:00.056Z,2025-10-29 10:00:00.056000+00:00,8.625e-06,4000.529695,ETH-USD,dydx,DEX,False,0.0
ETH-USD,0.000017375,3990.867355,61083785,2025-10-29T11:00:00.025Z,2025-10-29 11:00:00.025000+00:00,1.7375e-05,3990.867355,ETH-USD,dydx,DEX,False,0.0
ETH-USD,0.000004875,4012.412482,61089681,2025-10-29T12:00:00.023Z,2025-10-29 12:00:00.023000+00:00,4.875e-06,4012.412482,ETH-USD,dydx,DEX,False,0.0
ETH-USD,0.00001925,4016.813504,61095604,2025-10-29T13:00:00.677Z,2025-10-29 13:00:00.677000+00:00,1.925e-05,4016.813504,ETH-USD,dydx,DEX,False,0.0
ETH-USD,0.000016125,3995.099019,61101507,2025-10-29T14:00:00.030Z,2025-10-29 14:00:00.030000+00:00,1.6125e-05,3995.099019,ETH-USD,dydx,DEX,False,0.0
ETH-USD,0.00002825,3987.617523,61107417,2025-10-29T15:00:00.428Z,2025-10-29 15:00:00.428000+00:00,2.825e-05,3987.617523,ETH-USD,dydx,DEX,False,0.0
ETH-USD,0.0000205,3952.335044,61113330,2025-10-29T16:00:00.428Z,2025-10-29 16:00:00.428000+00:00,2.05e-05,3952.335044,ETH-USD,dydx,DEX,False,0.0
ETH-USD,0.000019625,3962.744997,61119322,2025-10-29T17:00:00.081Z,2025-10-29 17:00:00.081000+00:00,1.9625e-05,3962.744997,ETH-USD,dydx,DEX,False,0.0
ETH-USD,0.000001125,4012.892578,61125292,2025-10-29T18:00:00.274Z,2025-10-29 18:00:00.274000+00:00,1.125e-06,4012.892578,ETH-USD,dydx,DEX,False,0.0
ETH-USD,0.000004375,3918.469146,61131001,2025-10-29T19:00:00.564Z,2025-10-29 19:00:00.564000+00:00,4.375e-06,3918.469146,ETH-USD,dydx,DEX,False,0.0
ETH-USD,0.0000415,3904.154564,61136689,2025-10-29T20:00:00.315Z,2025-10-29 20:00:00.315000+00:00,4.15e-05,3904.154564,ETH-USD,dydx,DEX,False,0.0
ETH-USD,0.000028875,3952.040408,61142575,2025-10-29T21:00:00.522Z,2025-10-29 21:00:00.522000+00:00,2.8875e-05,3952.040408,ETH-USD,dydx,DEX,False,0.0
ETH-USD,0.0000365,3957.061412,61148388,2025-10-29T22:00:00.381Z,2025-10-29 22:00:00.381000+00:00,3.65e-05,3957.061412,ETH-USD,dydx,DEX,False,0.0
ETH-USD,0.000011875,3940.772233,61154232,2025-10-29T23:00:00.511Z,2025-10-29 23:00:00.511000+00:00,1.1875e-05,3940.772233,ETH-USD,dydx,DEX,False,0.0
ETH-USD,0.000020375,3903.260652,61160052,2025-10-30T00:00:00.278Z,2025-10-30 00:00:00.278000+00:00,2.0375e-05,3903.260652,ETH-USD,dydx,DEX,False,0.0
ETH-USD,0.000028125,3921.95439,61165908,2025-10-30T01:00:00.354Z,2025-10-30 01:00:00.354000+00:00,2.8125e-05,3921.95439,ETH-USD,dydx,DEX,False,0.0
ETH-USD,0.000027375,3927.392364,61171805,2025-10-30T02:00:00.416Z,2025-10-30 02:00:00.416000+00:00,2.7375e-05,3927.392364,ETH-USD,dydx,DEX,False,0.0
ETH-USD,0.000031,3946.839367,61177703,2025-10-30T03:00:00.277Z,2025-10-30 03:00:00.277000+00:00,3.1e-05,3946.839367,ETH-USD,dydx,DEX,False,0.0
ETH-USD,0.000032875,3935.984853,61183577,2025-10-30T04:00:00.389Z,2025-10-30 04:00:00.389000+00:00,3.2875e-05,3935.984853,ETH-USD,dydx,DEX,False,0.0
ETH-USD,0.000002625,3871.997199,61189442,2025-10-30T05:00:00.229Z,2025-10-30 05:00:00.229000+00:00,2.625e-06,3871.997199,ETH-USD,dydx,DEX,False,0.0
ETH-USD,-0.0000025,3917.639076,61195274,2025-10-30T06:00:00.136Z,2025-10-30 06:00:00.136000+00:00,-2.5e-06,3917.639076,ETH-USD,dydx,DEX,False,0.0
ETH-USD,0.000001625,3913.73,61201145,2025-10-30T07:00:00.461Z,2025-10-30 07:00:00.461000+00:00,1.625e-06,3913.73,ETH-USD,dydx,DEX,False,0.0
ETH-USD,0.000013,3940.8,61206962,2025-10-30T08:00:00.329Z,2025-10-30 08:00:00.329000+00:00,1.3e-05,3940.8,ETH-USD,dydx,DEX,False,0.0
ETH-USD,0.000011125,3923.172317,61212829,2025-10-30T09:00:00.474Z,2025-10-30 09:00:00.474000+00:00,1.1125e-05,3923.172317,ETH-USD,dydx,DEX,False,0.0
ETH-USD,0.000014125,3901.746063,61218652,2025-10-30T10:00:00.580Z,2025-10-30 10:00:00.580000+00:00,1.4125e-05,3901.746063,ETH-USD,dydx,DEX,False,0.0
ETH-USD,0.000008625,3893.49,61224443,2025-10-30T11:00:00.161Z,2025-10-30 11:00:00.161000+00:00,8.625e-06,3893.49,ETH-USD,dydx,DEX,False,0.0
ETH-USD,0.000009,3882.052357,61230264,2025-10-30T12:00:00.619Z,2025-10-30 12:00:00.619000+00:00,9e-06,3882.052357,ETH-USD,dydx,DEX,False,0.0
ETH-USD,0.000002375,3818.20182,61236164,2025-10-30T13:00:00.405Z,2025-10-30 13:00:00.405000+00:00,2.375e-06,3818.20182,ETH-USD,dydx,DEX,False,0.0
ETH-USD,0.000002375,3765.8,61242017,2025-10-30T14:00:00.307Z,2025-10-30 14:00:00.307000+00:00,2.375e-06,3765.8,ETH-USD,dydx,DEX,False,0.0
ETH-USD,0.00000575,3802.79,61247856,2025-10-30T15:00:00.012Z,2025-10-30 15:00:00.012000+00:00,5.75e-06,3802.79,ETH-USD,dydx,DEX,False,0.0
ETH-USD,0.000009625,3772.814452,61253637,2025-10-30T16:00:00.184Z,2025-10-30 16:00:00.184000+00:00,9.625e-06,3772.814452,ETH-USD,dydx,DEX,False,0.0
ETH-USD,0.000008625,3781.528152,61259072,2025-10-30T17:00:00.066Z,2025-10-30 17:00:00.066000+00:00,8.625e-06,3781.528152,ETH-USD,dydx,DEX,False,0.0
ETH-USD,-0.00002175,3770.323873,61264864,2025-10-30T18:00:00.426Z,2025-10-30 18:00:00.426000+00:00,-2.175e-05,3770.323873,ETH-USD,dydx,DEX,False,0.0
ETH-USD,-0.000005625,3722.082778,61270680,2025-10-30T19:00:00.028Z,2025-10-30 19:00:00.028000+00:00,-5.625e-06,3722.082778,ETH-USD,dydx,DEX,False,0.0
ETH-USD,0.000003375,3688.845888,61276452,2025-10-30T20:00:00.815Z,2025-10-30 20:00:00.815000+00:00,3.375e-06,3688.845888,ETH-USD,dydx,DEX,False,0.0
ETH-USD,0.000019125,3757.34,61282258,2025-10-30T21:00:00.796Z,2025-10-30 21:00:00.796000+00:00,1.9125e-05,3757.34,ETH-USD,dydx,DEX,False,0.0
ETH-USD,0.000022875,3773.02,61288019,2025-10-30T22:00:00.228Z,2025-10-30 22:00:00.228000+00:00,2.2875e-05,3773.02,ETH-USD,dydx,DEX,False,0.0
ETH-USD,0.000003375,3783.056617,61293827,2025-10-30T23:00:00.118Z,2025-10-30 23:00:00.118000+00:00,3.375e-06,3783.056617,ETH-USD,dydx,DEX,False,0.0
ETH-USD,0.000017625,3802.853941,61299679,2025-10-31T00:00:00.452Z,2025-10-31 00:00:00.452000+00:00,1.7625e-05,3802.853941,ETH-USD,dydx,DEX,False,0.0
ETH-USD,0.000025875,3830.778307,61305531,2025-10-31T01:00:00.682Z,2025-10-31 01:00:00.682000+00:00,2.5875e-05,3830.778307,ETH-USD,dydx,DEX,False,0.0
ETH-USD,0.00001175,3845.455563,61311396,2025-10-31T02:00:00.144Z,2025-10-31 02:00:00.144000+00:00,1.175e-05,3845.455563,ETH-USD,dydx,DEX,False,0.0
ETH-USD,0.000018875,3821.1,61317287,2025-10-31T03:00:00.499Z,2025-10-31 03:00:00.499000+00:00,1.8875e-05,3821.1,ETH-USD,dydx,DEX,False,0.0
ETH-USD,0.000021125,3827.636551,61323137,2025-10-31T04:00:00.198Z,2025-10-31 04:00:00.198000+00:00,2.1125e-05,3827.636551,ETH-USD,dydx,DEX,False,0.0
ETH-USD,0.00002125,3863.567269,61329030,2025-10-31T05:00:00.332Z,2025-10-31 05:00:00.332000+00:00,2.125e-05,3863.567269,ETH-USD,dydx,DEX,False,0.0
ETH-USD,0.000012125,3850.48,61334875,2025-10-31T06:00:00.044Z,2025-10-31 06:00:00.044000+00:00,1.2125e-05,3850.48,ETH-USD,dydx,DEX,False,0.0
ETH-USD,0.000017875,3830.503388,61340851,2025-10-31T07:00:00.400Z,2025-10-31 07:00:00.400000+00:00,1.7875e-05,3830.503388,ETH-USD,dydx,DEX,False,0.0
ETH-USD,0.00002025,3831.183118,61346756,2025-10-31T08:00:00.266Z,2025-10-31 08:00:00.266000+00:00,2.025e-05,3831.183118,ETH-USD,dydx,DEX,False,0.0
ETH-USD,0.000021,3853.17,61352547,2025-10-31T09:00:00.298Z,2025-10-31 09:00:00.298000+00:00,2.1e-05,3853.17,ETH-USD,dydx,DEX,False,0.0
ETH-USD,0.00003425,3843.160683,61358285,2025-10-31T10:00:00.028Z,2025-10-31 10:00:00.028000+00:00,3.425e-05,3843.160683,ETH-USD,dydx,DEX,False,0.0
ETH-USD,0.000022625,3833.806619,61364073,2025-10-31T11:00:00.197Z,2025-10-31 11:00:00.197000+00:00,2.2625e-05,3833.806619,ETH-USD,dydx,DEX,False,0.0
ETH-USD,-0.00004775,3875.074985,61369916,2025-10-31T12:00:00.359Z,2025-10-31 12:00:00.359000+00:00,-4.775e-05,3875.074985,ETH-USD,dydx,DEX,False,0.0
ETH-USD,-0.000000125,3834.293141,61375656,2025-10-31T13:00:00.448Z,2025-10-31 13:00:00.448000+00:00,-1.25e-07,3834.293141,ETH-USD,dydx,DEX,False,0.0
ETH-USD,0.000003625,3857.19856,61381429,2025-10-31T14:00:00.434Z,2025-10-31 14:00:00.434000+00:00,3.625e-06,3857.19856,ETH-USD,dydx,DEX,False,0.0
ETH-USD,-0.000002,3865.781371,61387182,2025-10-31T15:00:00.162Z,2025-10-31 15:00:00.162000+00:00,-2e-06,3865.781371,ETH-USD,dydx,DEX,False,0.0
ETH-USD,-0.000005,3859.8,61392891,2025-10-31T16:00:00.318Z,2025-10-31 16:00:00.318000+00:00,-5e-06,3859.8,ETH-USD,dydx,DEX,False,0.0
ETH-USD,0.000043625,3820.843746,61398727,2025-10-31T17:00:00.569Z,2025-10-31 17:00:00.569000+00:00,4.3625e-05,3820.843746,ETH-USD,dydx,DEX,False,0.0
ETH-USD,-0.000003625,3825.502349,61404481,2025-10-31T18:00:00.284Z,2025-10-31 18:00:00.284000+00:00,-3.625e-06,3825.502349,ETH-USD,dydx,DEX,False,0.0
ETH-USD,0.00000475,3852.734179,61410345,2025-10-31T19:00:00.286Z,2025-10-31 19:00:00.286000+00:00,4.75e-06,3852.734179,ETH-USD,dydx,DEX,False,0.0
ETH-USD,0.00000475,3852.734179,61410345,2025-10-31T19:00:00.286Z,2025-10-31 19:00:00.286000+00:00,4.75e-06,3852.734179,ETH-USD,dydx,DEX,False,0.0
ETH-USD,0.000038875,3883.56,61416180,2025-10-31T20:00:00.094Z,2025-10-31 20:00:00.094000+00:00,3.8875e-05,3883.56,ETH-USD,dydx,DEX,False,0.0
ETH-USD,0.000037,3857.947148,61421970,2025-10-31T21:00:00.254Z,2025-10-31 21:00:00.254000+00:00,3.7e-05,3857.947148,ETH-USD,dydx,DEX,False,0.0
ETH-USD,0.00000575,3860.3319,61427727,2025-10-31T22:00:00.404Z,2025-10-31 22:00:00.404000+00:00,5.75e-06,3860.3319,ETH-USD,dydx,DEX,False,0.0
ETH-USD,-0.0000055,3854.713585,61433544,2025-10-31T23:00:00.282Z,2025-10-31 23:00:00.282000+00:00,-5.5e-06,3854.713585,ETH-USD,dydx,DEX,False,0.0
ETH-USD,0.000015625,3847.427184,61439390,2025-11-01T00:00:00.439Z,2025-11-01 00:00:00.439000+00:00,1.5625e-05,3847.427184,ETH-USD,dydx,DEX,False,0.0
ETH-USD,0.00002175,3846.480703,61445252,2025-11-01T01:00:00.256Z,2025-11-01 01:00:00.256000+00:00,2.175e-05,3846.480703,ETH-USD,dydx,DEX,False,0.0
ETH-USD,0.000030125,3842.02319,61451064,2025-11-01T02:00:00.580Z,2025-11-01 02:00:00.580000+00:00,3.0125e-05,3842.02319,ETH-USD,dydx,DEX,False,0.0
ETH-USD,0.000020625,3852.124199,61456926,2025-11-01T03:00:00.273Z,2025-11-01 03:00:00.273000+00:00,2.0625e-05,3852.124199,ETH-USD,dydx,DEX,False,0.0
ETH-USD,0.000023875,3860.495801,61462766,2025-11-01T04:00:00.041Z,2025-11-01 04:00:00.041000+00:00,2.3875e-05,3860.495801,ETH-USD,dydx,DEX,False,0.0
ETH-USD,0.000011875,3865.643742,61468697,2025-11-01T05:00:00.178Z,2025-11-01 05:00:00.178000+00:00,1.1875e-05,3865.643742,ETH-USD,dydx,DEX,False,0.0
ETH-USD,0.000025375,3853.733879,61474565,2025-11-01T06:00:01.015Z,2025-11-01 06:00:01.015000+00:00,2.5375e-05,3853.733879,ETH-USD,dydx,DEX,False,0.0
ETH-USD,0.00003525,3857.343852,61480464,2025-11-01T07:00:00.180Z,2025-11-01 07:00:00.180000+00:00,3.525e-05,3857.343852,ETH-USD,dydx,DEX,False,0.0
ETH-USD,0.000031875,3859.401492,61486331,2025-11-01T08:00:00.630Z,2025-11-01 08:00:00.630000+00:00,3.1875e-05,3859.401492,ETH-USD,dydx,DEX,False,0.0
ETH-USD,0.000023625,3881.051003,61492087,2025-11-01T09:00:00.447Z,2025-11-01 09:00:00.447000+00:00,2.3625e-05,3881.051003,ETH-USD,dydx,DEX,False,0.0
ETH-USD,0.0000215,3873.607469,61497885,2025-11-01T10:00:00.277Z,2025-11-01 10:00:00.277000+00:00,2.15e-05,3873.607469,ETH-USD,dydx,DEX,False,0.0
ETH-USD,0.000005625,3874.247226,61503677,2025-11-01T11:00:00.091Z,2025-11-01 11:00:00.091000+00:00,5.625e-06,3874.247226,ETH-USD,dydx,DEX,False,0.0
ETH-USD,-0.000000375,3876.101851,61509491,2025-11-01T12:00:00.330Z,2025-11-01 12:00:00.330000+00:00,-3.75e-07,3876.101851,ETH-USD,dydx,DEX,False,0.0
ETH-USD,0.000001375,3873.977806,61515346,2025-11-01T13:00:00.346Z,2025-11-01 13:00:00.346000+00:00,1.375e-06,3873.977806,ETH-USD,dydx,DEX,False,0.0
ETH-USD,0.000001875,3867.676464,61521197,2025-11-01T14:00:00.033Z,2025-11-01 14:00:00.033000+00:00,1.875e-06,3867.676464,ETH-USD,dydx,DEX,False,0.0
ETH-USD,-0.00000025,3871.678496,61527148,2025-11-01T15:00:00.466Z,2025-11-01 15:00:00.466000+00:00,-2.5e-07,3871.678496,ETH-USD,dydx,DEX,False,0.0
ETH-USD,0.000015875,3892.291541,61532963,2025-11-01T16:00:00.582Z,2025-11-01 16:00:00.582000+00:00,1.5875e-05,3892.291541,ETH-USD,dydx,DEX,False,0.0
ETH-USD,0.00000575,3892.329254,61538806,2025-11-01T17:00:00.532Z,2025-11-01 17:00:00.532000+00:00,5.75e-06,3892.329254,ETH-USD,dydx,DEX,False,0.0
ETH-USD,0.000033125,3865.716856,61544636,2025-11-01T18:00:00.104Z,2025-11-01 18:00:00.104000+00:00,3.3125e-05,3865.716856,ETH-USD,dydx,DEX,False,0.0
ETH-USD,0.000042875,3878.343624,61550483,2025-11-01T19:00:00.042Z,2025-11-01 19:00:00.042000+00:00,4.2875e-05,3878.343624,ETH-USD,dydx,DEX,False,0.0
ETH-USD,0.00004275,3878.323765,61556321,2025-11-01T20:00:00.168Z,2025-11-01 20:00:00.168000+00:00,4.275e-05,3878.323765,ETH-USD,dydx,DEX,False,0.0
ETH-USD,0.000034375,3881.673665,61562169,2025-11-01T21:00:00.193Z,2025-11-01 21:00:00.193000+00:00,3.4375e-05,3881.673665,ETH-USD,dydx,DEX,False,0.0
ETH-USD,0.00000575,3866.989903,61568007,2025-11-01T22:00:00.289Z,2025-11-01 22:00:00.289000+00:00,5.75e-06,3866.989903,ETH-USD,dydx,DEX,False,0.0
ETH-USD,0.000037625,3873.749891,61573898,2025-11-01T23:00:00.378Z,2025-11-01 23:00:00.378000+00:00,3.7625e-05,3873.749891,ETH-USD,dydx,DEX,False,0.0
ETH-USD,0.000019375,3873.578818,61579725,2025-11-02T00:00:00.517Z,2025-11-02 00:00:00.517000+00:00,1.9375e-05,3873.578818,ETH-USD,dydx,DEX,False,0.0
ETH-USD,0.00000375,3865.390382,61585577,2025-11-02T01:00:00.430Z,2025-11-02 01:00:00.430000+00:00,3.75e-06,3865.390382,ETH-USD,dydx,DEX,False,0.0
ETH-USD,0.000009,3870.53238,61591440,2025-11-02T02:00:00.511Z,2025-11-02 02:00:00.511000+00:00,9e-06,3870.53238,ETH-USD,dydx,DEX,False,0.0
ETH-USD,0.000013375,3881.11,61597367,2025-11-02T03:00:00.342Z,2025-11-02 03:00:00.342000+00:00,1.3375e-05,3881.11,ETH-USD,dydx,DEX,False,0.0
ETH-USD,0.000012375,3880.047589,61603187,2025-11-02T04:00:00.076Z,2025-11-02 04:00:00.076000+00:00,1.2375e-05,3880.047589,ETH-USD,dydx,DEX,False,0.0
ETH-USD,0.000012625,3908.837179,61609040,2025-11-02T05:00:00.321Z,2025-11-02 05:00:00.321000+00:00,1.2625e-05,3908.837179,ETH-USD,dydx,DEX,False,0.0
ETH-USD,0.000016875,3902.739452,61614820,2025-11-02T06:00:00.317Z,2025-11-02 06:00:00.317000+00:00,1.6875e-05,3902.739452,ETH-USD,dydx,DEX,False,0.0
ETH-USD,0.000019625,3902.639736,61620641,2025-11-02T07:00:00.467Z,2025-11-02 07:00:00.467000+00:00,1.9625e-05,3902.639736,ETH-USD,dydx,DEX,False,0.0
ETH-USD,0.0000195,3907.778444,61626465,2025-11-02T08:00:00.028Z,2025-11-02 08:00:00.028000+00:00,1.95e-05,3907.778444,ETH-USD,dydx,DEX,False,0.0
ETH-USD,0.00002625,3893.731253,61632205,2025-11-02T09:00:00.046Z,2025-11-02 09:00:00.046000+00:00,2.625e-05,3893.731253,ETH-USD,dydx,DEX,False,0.0
ETH-USD,0.0000325,3870.580837,61637890,2025-11-02T10:00:00.628Z,2025-11-02 10:00:00.628000+00:00,3.25e-05,3870.580837,ETH-USD,dydx,DEX,False,0.0
ETH-USD,0.000037,3861.313868,61643625,2025-11-02T11:00:00.452Z,2025-11-02 11:00:00.452000+00:00,3.7e-05,3861.313868,ETH-USD,dydx,DEX,False,0.0
ETH-USD,0.00001,3892.268902,61649393,2025-11-02T12:00:00.644Z,2025-11-02 12:00:00.644000+00:00,1e-05,3892.268902,ETH-USD,dydx,DEX,False,0.0
ETH-USD,0.0000075,3876.426861,61655169,2025-11-02T13:00:00.044Z,2025-11-02 13:00:00.044000+00:00,7.5e-06,3876.426861,ETH-USD,dydx,DEX,False,0.0
ETH-USD,0.0000225,3868.273172,61660971,2025-11-02T14:00:00.019Z,2025-11-02 14:00:00.019000+00:00,2.25e-05,3868.273172,ETH-USD,dydx,DEX,False,0.0
ETH-USD,0.000008625,3852.29477,61666770,2025-11-02T15:00:00.360Z,2025-11-02 15:00:00.360000+00:00,8.625e-06,3852.29477,ETH-USD,dydx,DEX,False,0.0
ETH-USD,0.00001425,3853.846749,61672572,2025-11-02T16:00:00.678Z,2025-11-02 16:00:00.678000+00:00,1.425e-05,3853.846749,ETH-USD,dydx,DEX,False,0.0
ETH-USD,0.000012375,3863.51,61678311,2025-11-02T17:00:00.030Z,2025-11-02 17:00:00.030000+00:00,1.2375e-05,3863.51,ETH-USD,dydx,DEX,False,0.0
ETH-USD,0.000018375,3859.27,61684042,2025-11-02T18:00:00.239Z,2025-11-02 18:00:00.239000+00:00,1.8375e-05,3859.27,ETH-USD,dydx,DEX,False,0.0
ETH-USD,0.000016375,3863.9,61689812,2025-11-02T19:00:00.285Z,2025-11-02 19:00:00.285000+00:00,1.6375e-05,3863.9,ETH-USD,dydx,DEX,False,0.0
ETH-USD,0.00000125,3854.79,61695576,2025-11-02T20:00:00.032Z,2025-11-02 20:00:00.032000+00:00,1.25e-06,3854.79,ETH-USD,dydx,DEX,False,0.0
ETH-USD,0.000009625,3858.84,61701364,2025-11-02T21:00:00.935Z,2025-11-02 21:00:00.935000+00:00,9.625e-06,3858.84,ETH-USD,dydx,DEX,False,0.0
ETH-USD,0.00000675,3862.64,61707093,2025-11-02T22:00:00.169Z,2025-11-02 22:00:00.169000+00:00,6.75e-06,3862.64,ETH-USD,dydx,DEX,False,0.0
ETH-USD,0.000014,3853.21,61712862,2025-11-02T23:00:00.166Z,2025-11-02 23:00:00.166000+00:00,1.4e-05,3853.21,ETH-USD,dydx,DEX,False,0.0
ETH-USD,0.0000215,3908.11,61718606,2025-11-03T00:00:00.605Z,2025-11-03 00:00:00.605000+00:00,2.15e-05,3908.11,ETH-USD,dydx,DEX,False,0.0
ETH-USD,0.000018125,3865.042697,61724378,2025-11-03T01:00:00.399Z,2025-11-03 01:00:00.399000+00:00,1.8125e-05,3865.042697,ETH-USD,dydx,DEX,False,0.0
ETH-USD,0.000008375,3838.177635,61730125,2025-11-03T02:00:00.632Z,2025-11-03 02:00:00.632000+00:00,8.375e-06,3838.177635,ETH-USD,dydx,DEX,False,0.0
ETH-USD,-0.000013125,3797.671599,61735903,2025-11-03T03:00:00.152Z,2025-11-03 03:00:00.152000+00:00,-1.3125e-05,3797.671599,ETH-USD,dydx,DEX,False,0.0
ETH-USD,-0.000015375,3738.037607,61741620,2025-11-03T04:00:00.252Z,2025-11-03 04:00:00.252000+00:00,-1.5375e-05,3738.037607,ETH-USD,dydx,DEX,False,0.0
ETH-USD,-0.00000225,3746.849369,61747306,2025-11-03T05:00:00.151Z,2025-11-03 05:00:00.151000+00:00,-2.25e-06,3746.849369,ETH-USD,dydx,DEX,False,0.0
ETH-USD,-0.000001375,3730.561913,61752972,2025-11-03T06:00:00.068Z,2025-11-03 06:00:00.068000+00:00,-1.375e-06,3730.561913,ETH-USD,dydx,DEX,False,0.0
ETH-USD,-0.000003125,3718.571857,61758660,2025-11-03T07:00:00.262Z,2025-11-03 07:00:00.262000+00:00,-3.125e-06,3718.571857,ETH-USD,dydx,DEX,False,0.0
ETH-USD,-0.000002125,3714.351382,61764320,2025-11-03T08:00:00.236Z,2025-11-03 08:00:00.236000+00:00,-2.125e-06,3714.351382,ETH-USD,dydx,DEX,False,0.0
ETH-USD,0.0000025,3715.88,61769846,2025-11-03T09:00:00.435Z,2025-11-03 09:00:00.435000+00:00,2.5e-06,3715.88,ETH-USD,dydx,DEX,False,0.0
ETH-USD,0.000000625,3703.03271,61775571,2025-11-03T10:00:00.122Z,2025-11-03 10:00:00.122000+00:00,6.25e-07,3703.03271,ETH-USD,dydx,DEX,False,0.0
ETH-USD,-0.0000075,3674.69,61781385,2025-11-03T11:00:00.163Z,2025-11-03 11:00:00.163000+00:00,-7.5e-06,3674.69,ETH-USD,dydx,DEX,False,0.0
ETH-USD,-0.000002,3712.171361,61787140,2025-11-03T12:00:00.055Z,2025-11-03 12:00:00.055000+00:00,-2e-06,3712.171361,ETH-USD,dydx,DEX,False,0.0
ETH-USD,0.000003875,3709.90099,61792899,2025-11-03T13:00:00.630Z,2025-11-03 13:00:00.630000+00:00,3.875e-06,3709.90099,ETH-USD,dydx,DEX,False,0.0
ETH-USD,-0.000014875,3720.769527,61798687,2025-11-03T14:00:00.014Z,2025-11-03 14:00:00.014000+00:00,-1.4875e-05,3720.769527,ETH-USD,dydx,DEX,False,0.0
ETH-USD,0.00000025,3733.849402,61804475,2025-11-03T15:00:00.009Z,2025-11-03 15:00:00.009000+00:00,2.5e-07,3733.849402,ETH-USD,dydx,DEX,False,0.0
ETH-USD,0.0000025,3589.770986,61810282,2025-11-03T16:00:00.333Z,2025-11-03 16:00:00.333000+00:00,2.5e-06,3589.770986,ETH-USD,dydx,DEX,False,0.0
ETH-USD,-0.000007875,3619.331054,61816146,2025-11-03T17:00:00.348Z,2025-11-03 17:00:00.348000+00:00,-7.875e-06,3619.331054,ETH-USD,dydx,DEX,False,0.0
ETH-USD,-0.00002125,3667.44,61821955,2025-11-03T18:00:00.442Z,2025-11-03 18:00:00.442000+00:00,-2.125e-05,3667.44,ETH-USD,dydx,DEX,False,0.0
ETH-USD,-0.00004775,3633.79,61827810,2025-11-03T19:00:00.078Z,2025-11-03 19:00:00.078000+00:00,-4.775e-05,3633.79,ETH-USD,dydx,DEX,False,0.0
ETH-USD,-0.00001925,3630.22663,61833550,2025-11-03T20:00:00.139Z,2025-11-03 20:00:00.139000+00:00,-1.925e-05,3630.22663,ETH-USD,dydx,DEX,False,0.0
ETH-USD,-0.00000625,3589.127733,61839431,2025-11-03T21:00:00.100Z,2025-11-03 21:00:00.100000+00:00,-6.25e-06,3589.127733,ETH-USD,dydx,DEX,False,0.0
ETH-USD,-0.000013375,3600.398383,61845244,2025-11-03T22:00:00.232Z,2025-11-03 22:00:00.232000+00:00,-1.3375e-05,3600.398383,ETH-USD,dydx,DEX,False,0.0
ETH-USD,-0.000017,3590.84,61851071,2025-11-03T23:00:00.377Z,2025-11-03 23:00:00.377000+00:00,-1.7e-05,3590.84,ETH-USD,dydx,DEX,False,0.0
ETH-USD,-0.0000085,3602.362834,61856949,2025-11-04T00:00:00.123Z,2025-11-04 00:00:00.123000+00:00,-8.5e-06,3602.362834,ETH-USD,dydx,DEX,False,0.0
ETH-USD,-0.000012125,3617.09,61862893,2025-11-04T01:00:00.021Z,2025-11-04 01:00:00.021000+00:00,-1.2125e-05,3617.09,ETH-USD,dydx,DEX,False,0.0
ETH-USD,-0.00000875,3643.19,61868858,2025-11-04T02:00:00.462Z,2025-11-04 02:00:00.462000+00:00,-8.75e-06,3643.19,ETH-USD,dydx,DEX,False,0.0
ETH-USD,-0.000043,3626.51,61874829,2025-11-04T03:00:00.287Z,2025-11-04 03:00:00.287000+00:00,-4.3e-05,3626.51,ETH-USD,dydx,DEX,False,0.0
ETH-USD,-0.000031625,3643.852023,61880768,2025-11-04T04:00:00.089Z,2025-11-04 04:00:00.089000+00:00,-3.1625e-05,3643.852023,ETH-USD,dydx,DEX,False,0.0
ETH-USD,-0.000037875,3625.133708,61886754,2025-11-04T05:00:00.155Z,2025-11-04 05:00:00.155000+00:00,-3.7875e-05,3625.133708,ETH-USD,dydx,DEX,False,0.0
ETH-USD,-0.000012875,3493.69,61892666,2025-11-04T06:00:00.153Z,2025-11-04 06:00:00.153000+00:00,-1.2875e-05,3493.69,ETH-USD,dydx,DEX,False,0.0
ETH-USD,0.00000925,3512.969948,61898522,2025-11-04T07:00:00.002Z,2025-11-04 07:00:00.002000+00:00,9.25e-06,3512.969948,ETH-USD,dydx,DEX,False,0.0
ETH-USD,0.000001625,3492.081444,61904369,2025-11-04T08:00:00.162Z,2025-11-04 08:00:00.162000+00:00,1.625e-06,3492.081444,ETH-USD,dydx,DEX,False,0.0
ETH-USD,0.000011375,3494.741577,61910192,2025-11-04T09:00:00.219Z,2025-11-04 09:00:00.219000+00:00,1.1375e-05,3494.741577,ETH-USD,dydx,DEX,False,0.0
ETH-USD,0.00001225,3491.502374,61915930,2025-11-04T10:00:00.203Z,2025-11-04 10:00:00.203000+00:00,1.225e-05,3491.502374,ETH-USD,dydx,DEX,False,0.0
ETH-USD,0.000013875,3484.243151,61921737,2025-11-04T11:00:00.020Z,2025-11-04 11:00:00.020000+00:00,1.3875e-05,3484.243151,ETH-USD,dydx,DEX,False,0.0
ETH-USD,0.00000975,3528.957459,61927509,2025-11-04T12:00:00.328Z,2025-11-04 12:00:00.328000+00:00,9.75e-06,3528.957459,ETH-USD,dydx,DEX,False,0.0
ETH-USD,0.000011,3509.976587,61933321,2025-11-04T13:00:00.372Z,2025-11-04 13:00:00.372000+00:00,1.1e-05,3509.976587,ETH-USD,dydx,DEX,False,0.0
ETH-USD,0.00001625,3505.64453,61939126,2025-11-04T14:00:00.291Z,2025-11-04 14:00:00.291000+00:00,1.625e-05,3505.64453,ETH-USD,dydx,DEX,False,0.0
ETH-USD,0.000004875,3554.67,61945098,2025-11-04T15:00:00.289Z,2025-11-04 15:00:00.289000+00:00,4.875e-06,3554.67,ETH-USD,dydx,DEX,False,0.0
ETH-USD,0.000003875,3505.063377,61951056,2025-11-04T16:00:00.335Z,2025-11-04 16:00:00.335000+00:00,3.875e-06,3505.063377,ETH-USD,dydx,DEX,False,0.0
ETH-USD,0.000012125,3429.43117,61957038,2025-11-04T17:00:00.439Z,2025-11-04 17:00:00.439000+00:00,1.2125e-05,3429.43117,ETH-USD,dydx,DEX,False,0.0
ETH-USD,0.000036625,3371.631347,61962993,2025-11-04T18:00:00.338Z,2025-11-04 18:00:00.338000+00:00,3.6625e-05,3371.631347,ETH-USD,dydx,DEX,False,0.0
ETH-USD,0.00001975,3304.408236,61968916,2025-11-04T19:00:00.535Z,2025-11-04 19:00:00.535000+00:00,1.975e-05,3304.408236,ETH-USD,dydx,DEX,False,0.0
ETH-USD,0.00002775,3230.284258,61974856,2025-11-04T20:00:00.131Z,2025-11-04 20:00:00.131000+00:00,2.775e-05,3230.284258,ETH-USD,dydx,DEX,False,0.0
ETH-USD,0.000032875,3212.384804,61980879,2025-11-04T21:00:00.333Z,2025-11-04 21:00:00.333000+00:00,3.2875e-05,3212.384804,ETH-USD,dydx,DEX,False,0.0
ETH-USD,0.000034,3213.699767,61986966,2025-11-04T22:00:00.177Z,2025-11-04 22:00:00.177000+00:00,3.4e-05,3213.699767,ETH-USD,dydx,DEX,False,0.0
ETH-USD,0.000034,3213.699767,61986966,2025-11-04T22:00:00.177Z,2025-11-04 22:00:00.177000+00:00,3.4e-05,3213.699767,ETH-USD,dydx,DEX,False,0.0
ETH-USD,0.0000315,3245.922201,61992921,2025-11-04T23:00:00.429Z,2025-11-04 23:00:00.429000+00:00,3.15e-05,3245.922201,ETH-USD,dydx,DEX,False,0.0
ETH-USD,0.000039375,3285.289062,61998765,2025-11-05T00:00:00.571Z,2025-11-05 00:00:00.571000+00:00,3.9375e-05,3285.289062,ETH-USD,dydx,DEX,False,0.0
ETH-USD,-0.00001725,3239.597131,62004592,2025-11-05T01:00:00.303Z,2025-11-05 01:00:00.303000+00:00,-1.725e-05,3239.597131,ETH-USD,dydx,DEX,False,0.0
ETH-USD,-0.000004875,3243.457241,62010587,2025-11-05T02:00:00.065Z,2025-11-05 02:00:00.065000+00:00,-4.875e-06,3243.457241,ETH-USD,dydx,DEX,False,0.0
ETH-USD,0.00000025,3325.612561,62016607,2025-11-05T03:00:00.045Z,2025-11-05 03:00:00.045000+00:00,2.5e-07,3325.612561,ETH-USD,dydx,DEX,False,0.0
ETH-USD,-0.000016625,3334.333433,62022490,2025-11-05T04:00:00.413Z,2025-11-05 04:00:00.413000+00:00,-1.6625e-05,3334.333433,ETH-USD,dydx,DEX,False,0.0
ETH-USD,-0.000034375,3328.556569,62028412,2025-11-05T05:00:00.527Z,2025-11-05 05:00:00.527000+00:00,-3.4375e-05,3328.556569,ETH-USD,dydx,DEX,False,0.0
ETH-USD,-0.00002675,3326.104012,62034292,2025-11-05T06:00:00.170Z,2025-11-05 06:00:00.170000+00:00,-2.675e-05,3326.104012,ETH-USD,dydx,DEX,False,0.0
ETH-USD,-0.000019125,3338.013801,62040220,2025-11-05T07:00:00.144Z,2025-11-05 07:00:00.144000+00:00,-1.9125e-05,3338.013801,ETH-USD,dydx,DEX,False,0.0
ETH-USD,-0.00000675,3332.206642,62046144,2025-11-05T08:00:00.172Z,2025-11-05 08:00:00.172000+00:00,-6.75e-06,3332.206642,ETH-USD,dydx,DEX,False,0.0
ETH-USD,-0.000006625,3301.82,62052112,2025-11-05T09:00:00.630Z,2025-11-05 09:00:00.630000+00:00,-6.625e-06,3301.82,ETH-USD,dydx,DEX,False,0.0
ETH-USD,-0.000012,3307.320818,62057987,2025-11-05T10:00:00.440Z,2025-11-05 10:00:00.440000+00:00,-1.2e-05,3307.320818,ETH-USD,dydx,DEX,False,0.0
ETH-USD,-0.000004625,3278.447844,62063885,2025-11-05T11:00:00.298Z,2025-11-05 11:00:00.298000+00:00,-4.625e-06,3278.447844,ETH-USD,dydx,DEX,False,0.0
ETH-USD,0.00004425,3323.266464,62069752,2025-11-05T12:00:00.482Z,2025-11-05 12:00:00.482000+00:00,4.425e-05,3323.266464,ETH-USD,dydx,DEX,False,0.0
ETH-USD,0.000049375,3344.909928,62075588,2025-11-05T13:00:00.561Z,2025-11-05 13:00:00.561000+00:00,4.9375e-05,3344.909928,ETH-USD,dydx,DEX,False,0.0
ETH-USD,0.000036375,3359.84077,62081364,2025-11-05T14:00:00.080Z,2025-11-05 14:00:00.080000+00:00,3.6375e-05,3359.84077,ETH-USD,dydx,DEX,False,0.0
ETH-USD,0.000013875,3348.485151,62087226,2025-11-05T15:00:00.251Z,2025-11-05 15:00:00.251000+00:00,1.3875e-05,3348.485151,ETH-USD,dydx,DEX,False,0.0
ETH-USD,-0.0000135,3397.99,62093034,2025-11-05T16:00:00.391Z,2025-11-05 16:00:00.391000+00:00,-1.35e-05,3397.99,ETH-USD,dydx,DEX,False,0.0
ETH-USD,-0.00002375,3437.926172,62098894,2025-11-05T17:00:00.068Z,2025-11-05 17:00:00.068000+00:00,-2.375e-05,3437.926172,ETH-USD,dydx,DEX,False,0.0
ETH-USD,-0.000054125,3436.190732,62104692,2025-11-05T18:00:00.641Z,2025-11-05 18:00:00.641000+00:00,-5.4125e-05,3436.190732,ETH-USD,dydx,DEX,False,0.0
ETH-USD,-0.000075625,3461.673798,62110549,2025-11-05T19:00:00.312Z,2025-11-05 19:00:00.312000+00:00,-7.5625e-05,3461.673798,ETH-USD,dydx,DEX,False,0.0
ETH-USD,-0.00009175,3456.70567,62116317,2025-11-05T20:00:00.181Z,2025-11-05 20:00:00.181000+00:00,-9.175e-05,3456.70567,ETH-USD,dydx,DEX,False,0.0
ETH-USD,-0.000094625,3452.09,62122039,2025-11-05T21:00:00.054Z,2025-11-05 21:00:00.054000+00:00,-9.4625e-05,3452.09,ETH-USD,dydx,DEX,False,0.0
ETH-USD,-0.000064375,3442.703756,62127754,2025-11-05T22:00:00.627Z,2025-11-05 22:00:00.627000+00:00,-6.4375e-05,3442.703756,ETH-USD,dydx,DEX,False,0.0
ETH-USD,-0.000063125,3424.782482,62133534,2025-11-05T23:00:00.083Z,2025-11-05 23:00:00.083000+00:00,-6.3125e-05,3424.782482,ETH-USD,dydx,DEX,False,0.0
ETH-USD,-0.000035875,3424.972497,62139293,2025-11-06T00:00:00.026Z,2025-11-06 00:00:00.026000+00:00,-3.5875e-05,3424.972497,ETH-USD,dydx,DEX,False,0.0
ETH-USD,-0.000010625,3406.631445,62145134,2025-11-06T01:00:00.440Z,2025-11-06 01:00:00.440000+00:00,-1.0625e-05,3406.631445,ETH-USD,dydx,DEX,False,0.0
ETH-USD,0.000018875,3405.89,62150992,2025-11-06T02:00:00.429Z,2025-11-06 02:00:00.429000+00:00,1.8875e-05,3405.89,ETH-USD,dydx,DEX,False,0.0
ETH-USD,0.000014125,3423.57,62156969,2025-11-06T03:00:00.296Z,2025-11-06 03:00:00.296000+00:00,1.4125e-05,3423.57,ETH-USD,dydx,DEX,False,0.0
ETH-USD,0.00001825,3432.22,62162890,2025-11-06T04:00:00.202Z,2025-11-06 04:00:00.202000+00:00,1.825e-05,3432.22,ETH-USD,dydx,DEX,False,0.0
ETH-USD,0.000002875,3454.418171,62168825,2025-11-06T05:00:00.027Z,2025-11-06 05:00:00.027000+00:00,2.875e-06,3454.418171,ETH-USD,dydx,DEX,False,0.0
ETH-USD,0.000002375,3388.57777,62174722,2025-11-06T06:00:00.574Z,2025-11-06 06:00:00.574000+00:00,2.375e-06,3388.57777,ETH-USD,dydx,DEX,False,0.0
ETH-USD,0.000011375,3386.320675,62180665,2025-11-06T07:00:00.512Z,2025-11-06 07:00:00.512000+00:00,1.1375e-05,3386.320675,ETH-USD,dydx,DEX,False,0.0
ETH-USD,0.00000375,3381.6,62186609,2025-11-06T08:00:00.296Z,2025-11-06 08:00:00.296000+00:00,3.75e-06,3381.6,ETH-USD,dydx,DEX,False,0.0
ETH-USD,0.000006375,3384.525398,62192482,2025-11-06T09:00:00.012Z,2025-11-06 09:00:00.012000+00:00,6.375e-06,3384.525398,ETH-USD,dydx,DEX,False,0.0
ETH-USD,0.00000325,3382.901709,62198382,2025-11-06T10:00:00.183Z,2025-11-06 10:00:00.183000+00:00,3.25e-06,3382.901709,ETH-USD,dydx,DEX,False,0.0
ETH-USD,0.000012,3392.525092,62204312,2025-11-06T11:00:00.178Z,2025-11-06 11:00:00.178000+00:00,1.2e-05,3392.525092,ETH-USD,dydx,DEX,False,0.0
ETH-USD,0.000012375,3398.9901,62210304,2025-11-06T12:00:00.015Z,2025-11-06 12:00:00.015000+00:00,1.2375e-05,3398.9901,ETH-USD,dydx,DEX,False,0.0
ETH-USD,0.000004,3349.168515,62216292,2025-11-06T13:00:02.195Z,2025-11-06 13:00:02.195000+00:00,4e-06,3349.168515,ETH-USD,dydx,DEX,False,0.0
ETH-USD,0.00001425,3389.267257,62222220,2025-11-06T14:00:00.217Z,2025-11-06 14:00:00.217000+00:00,1.425e-05,3389.267257,ETH-USD,dydx,DEX,False,0.0
ETH-USD,0.000005875,3326.055618,62228165,2025-11-06T15:00:00.127Z,2025-11-06 15:00:00.127000+00:00,5.875e-06,3326.055618,ETH-USD,dydx,DEX,False,0.0
ETH-USD,0.000001125,3298.431064,62234046,2025-11-06T16:00:00.104Z,2025-11-06 16:00:00.104000+00:00,1.125e-06,3298.431064,ETH-USD,dydx,DEX,False,0.0
ETH-USD,0.000001,3274.010395,62239911,2025-11-06T17:00:00.250Z,2025-11-06 17:00:00.250000+00:00,1e-06,3274.010395,ETH-USD,dydx,DEX,False,0.0
ETH-USD,0.000007625,3328.638544,62245719,2025-11-06T18:00:00.118Z,2025-11-06 18:00:00.118000+00:00,7.625e-06,3328.638544,ETH-USD,dydx,DEX,False,0.0
ETH-USD,-0.000001625,3327.781665,62251273,2025-11-06T19:00:00.473Z,2025-11-06 19:00:00.473000+00:00,-1.625e-06,3327.781665,ETH-USD,dydx,DEX,False,0.0
ETH-USD,-0.000067,3325.0116,62257471,2025-11-06T20:00:00.077Z,2025-11-06 20:00:00.077000+00:00,-6.7e-05,3325.0116,ETH-USD,dydx,DEX,False,0.0
ETH-USD,-0.000072125,3304.093967,62263566,2025-11-06T21:00:00.471Z,2025-11-06 21:00:00.471000+00:00,-7.2125e-05,3304.093967,ETH-USD,dydx,DEX,False,0.0
ETH-USD,-0.000045625,3324.640143,62269604,2025-11-06T22:00:00.318Z,2025-11-06 22:00:00.318000+00:00,-4.5625e-05,3324.640143,ETH-USD,dydx,DEX,False,0.0
ETH-USD,-0.000049375,3318.345934,62275665,2025-11-06T23:00:00.377Z,2025-11-06 23:00:00.377000+00:00,-4.9375e-05,3318.345934,ETH-USD,dydx,DEX,False,0.0
ETH-USD,-0.000042,3313.672968,62281716,2025-11-07T00:00:00.604Z,2025-11-07 00:00:00.604000+00:00,-4.2e-05,3313.672968,ETH-USD,dydx,DEX,False,0.0
ETH-USD,-0.000028875,3323.740503,62287818,2025-11-07T01:00:00.516Z,2025-11-07 01:00:00.516000+00:00,-2.8875e-05,3323.740503,ETH-USD,dydx,DEX,False,0.0
ETH-USD,-0.000029,3322.873138,62293859,2025-11-07T02:00:00.137Z,2025-11-07 02:00:00.137000+00:00,-2.9e-05,3322.873138,ETH-USD,dydx,DEX,False,0.0
ETH-USD,-0.0000405,3345.668162,62299916,2025-11-07T03:00:00.248Z,2025-11-07 03:00:00.248000+00:00,-4.05e-05,3345.668162,ETH-USD,dydx,DEX,False,0.0
ETH-USD,-0.000026375,3344.262295,62305922,2025-11-07T04:00:00.338Z,2025-11-07 04:00:00.338000+00:00,-2.6375e-05,3344.262295,ETH-USD,dydx,DEX,False,0.0
ETH-USD,-0.000039,3337.79866,62311993,2025-11-07T05:00:00.530Z,2025-11-07 05:00:00.530000+00:00,-3.9e-05,3337.79866,ETH-USD,dydx,DEX,False,0.0
ETH-USD,-0.0000305,3366.111448,62318021,2025-11-07T06:00:00.116Z,2025-11-07 06:00:00.116000+00:00,-3.05e-05,3366.111448,ETH-USD,dydx,DEX,False,0.0
ETH-USD,-0.000027375,3346.508311,62324111,2025-11-07T07:00:00.263Z,2025-11-07 07:00:00.263000+00:00,-2.7375e-05,3346.508311,ETH-USD,dydx,DEX,False,0.0
ETH-USD,-0.0000305,3357.3945,62330205,2025-11-07T08:00:00.365Z,2025-11-07 08:00:00.365000+00:00,-3.05e-05,3357.3945,ETH-USD,dydx,DEX,False,0.0
ETH-USD,-0.00003025,3341.249842,62336169,2025-11-07T09:00:00.318Z,2025-11-07 09:00:00.318000+00:00,-3.025e-05,3341.249842,ETH-USD,dydx,DEX,False,0.0
ETH-USD,-0.0000235,3299.550179,62342001,2025-11-07T10:00:00.628Z,2025-11-07 10:00:00.628000+00:00,-2.35e-05,3299.550179,ETH-USD,dydx,DEX,False,0.0
ETH-USD,-0.000025875,3278.172238,62347931,2025-11-07T11:00:00.169Z,2025-11-07 11:00:00.169000+00:00,-2.5875e-05,3278.172238,ETH-USD,dydx,DEX,False,0.0
ETH-USD,-0.000050625,3260.566313,62353827,2025-11-07T12:00:00.458Z,2025-11-07 12:00:00.458000+00:00,-5.0625e-05,3260.566313,ETH-USD,dydx,DEX,False,0.0
ETH-USD,-0.00003175,3220.465528,62359721,2025-11-07T13:00:00.634Z,2025-11-07 13:00:00.634000+00:00,-3.175e-05,3220.465528,ETH-USD,dydx,DEX,False,0.0
ETH-USD,-0.000007125,3239.160419,62365548,2025-11-07T14:00:00.033Z,2025-11-07 14:00:00.033000+00:00,-7.125e-06,3239.160419,ETH-USD,dydx,DEX,False,0.0
ETH-USD,-0.000014625,3285.457271,62371507,2025-11-07T15:00:00.416Z,2025-11-07 15:00:00.416000+00:00,-1.4625e-05,3285.457271,ETH-USD,dydx,DEX,False,0.0
ETH-USD,-0.000028375,3297.039998,62377362,2025-11-07T16:00:00.486Z,2025-11-07 16:00:00.486000+00:00,-2.8375e-05,3297.039998,ETH-USD,dydx,DEX,False,0.0
ETH-USD,0.000044375,3306.760965,62383306,2025-11-07T17:00:00.024Z,2025-11-07 17:00:00.024000+00:00,4.4375e-05,3306.760965,ETH-USD,dydx,DEX,False,0.0
ETH-USD,0.000054,3383.020815,62389057,2025-11-07T18:00:00.227Z,2025-11-07 18:00:00.227000+00:00,5.4e-05,3383.020815,ETH-USD,dydx,DEX,False,0.0
ETH-USD,0.00003525,3425.817091,62394807,2025-11-07T19:00:00.526Z,2025-11-07 19:00:00.526000+00:00,3.525e-05,3425.817091,ETH-USD,dydx,DEX,False,0.0
ETH-USD,0.000008,3440.644677,62400489,2025-11-07T20:00:00.259Z,2025-11-07 20:00:00.259000+00:00,8e-06,3440.644677,ETH-USD,dydx,DEX,False,0.0
ETH-USD,0.000012375,3463.333011,62406200,2025-11-07T21:00:00.379Z,2025-11-07 21:00:00.379000+00:00,1.2375e-05,3463.333011,ETH-USD,dydx,DEX,False,0.0
ETH-USD,0.000013,3467.58,62411934,2025-11-07T22:00:00.182Z,2025-11-07 22:00:00.182000+00:00,1.3e-05,3467.58,ETH-USD,dydx,DEX,False,0.0
ETH-USD,0.000016,3445.16,62417727,2025-11-07T23:00:00.246Z,2025-11-07 23:00:00.246000+00:00,1.6e-05,3445.16,ETH-USD,dydx,DEX,False,0.0
ETH-USD,0.000022,3433.496164,62423591,2025-11-08T00:00:00.236Z,2025-11-08 00:00:00.236000+00:00,2.2e-05,3433.496164,ETH-USD,dydx,DEX,False,0.0
ETH-USD,0.000025375,3422.372546,62429437,2025-11-08T01:00:00.266Z,2025-11-08 01:00:00.266000+00:00,2.5375e-05,3422.372546,ETH-USD,dydx,DEX,False,0.0
ETH-USD,0.00001825,3433.783108,62435250,2025-11-08T02:00:00.256Z,2025-11-08 02:00:00.256000+00:00,1.825e-05,3433.783108,ETH-USD,dydx,DEX,False,0.0
ETH-USD,0.00002475,3440.648815,62441082,2025-11-08T03:00:00.417Z,2025-11-08 03:00:00.417000+00:00,2.475e-05,3440.648815,ETH-USD,dydx,DEX,False,0.0
ETH-USD,0.000023,3453.293353,62446834,2025-11-08T04:00:00.387Z,2025-11-08 04:00:00.387000+00:00,2.3e-05,3453.293353,ETH-USD,dydx,DEX,False,0.0
ETH-USD,0.00004025,3457.946821,62452660,2025-11-08T05:00:00.378Z,2025-11-08 05:00:00.378000+00:00,4.025e-05,3457.946821,ETH-USD,dydx,DEX,False,0.0
ETH-USD,0.000018,3429.526828,62458499,2025-11-08T06:00:00.479Z,2025-11-08 06:00:00.479000+00:00,1.8e-05,3429.526828,ETH-USD,dydx,DEX,False,0.0
ETH-USD,0.000032125,3442.74,62464357,2025-11-08T07:00:00.024Z,2025-11-08 07:00:00.024000+00:00,3.2125e-05,3442.74,ETH-USD,dydx,DEX,False,0.0
ETH-USD,0.000020875,3445.883721,62470203,2025-11-08T08:00:00.292Z,2025-11-08 08:00:00.292000+00:00,2.0875e-05,3445.883721,ETH-USD,dydx,DEX,False,0.0
ETH-USD,0.000023,3452.484425,62476008,2025-11-08T09:00:00.317Z,2025-11-08 09:00:00.317000+00:00,2.3e-05,3452.484425,ETH-USD,dydx,DEX,False,0.0
ETH-USD,0.000026375,3438.48,62481836,2025-11-08T10:00:00.142Z,2025-11-08 10:00:00.142000+00:00,2.6375e-05,3438.48,ETH-USD,dydx,DEX,False,0.0
ETH-USD,0.000017875,3445.266288,62487693,2025-11-08T11:00:00.130Z,2025-11-08 11:00:00.130000+00:00,1.7875e-05,3445.266288,ETH-USD,dydx,DEX,False,0.0
ETH-USD,0.000025,3413.141556,62493551,2025-11-08T12:00:00.036Z,2025-11-08 12:00:00.036000+00:00,2.5e-05,3413.141556,ETH-USD,dydx,DEX,False,0.0
ETH-USD,0.000015625,3406.528041,62499411,2025-11-08T13:00:00.137Z,2025-11-08 13:00:00.137000+00:00,1.5625e-05,3406.528041,ETH-USD,dydx,DEX,False,0.0
ETH-USD,0.00001825,3396.6,62505232,2025-11-08T14:00:00.157Z,2025-11-08 14:00:00.157000+00:00,1.825e-05,3396.6,ETH-USD,dydx,DEX,False,0.0
ETH-USD,0.000024875,3398.547814,62511133,2025-11-08T15:00:00.445Z,2025-11-08 15:00:00.445000+00:00,2.4875e-05,3398.547814,ETH-USD,dydx,DEX,False,0.0
ETH-USD,0.000020125,3374.673526,62517017,2025-11-08T16:00:00.578Z,2025-11-08 16:00:00.578000+00:00,2.0125e-05,3374.673526,ETH-USD,dydx,DEX,False,0.0
ETH-USD,0.000020125,3366.576013,62522916,2025-11-08T17:00:00.552Z,2025-11-08 17:00:00.552000+00:00,2.0125e-05,3366.576013,ETH-USD,dydx,DEX,False,0.0
ETH-USD,0.0000305,3397.870212,62528726,2025-11-08T18:00:00.005Z,2025-11-08 18:00:00.005000+00:00,3.05e-05,3397.870212,ETH-USD,dydx,DEX,False,0.0
ETH-USD,0.000016875,3403.379324,62534607,2025-11-08T19:00:00.121Z,2025-11-08 19:00:00.121000+00:00,1.6875e-05,3403.379324,ETH-USD,dydx,DEX,False,0.0
ETH-USD,0.000008375,3388.797356,62540464,2025-11-08T20:00:00.396Z,2025-11-08 20:00:00.396000+00:00,8.375e-06,3388.797356,ETH-USD,dydx,DEX,False,0.0
ETH-USD,0.000016125,3397.470505,62546406,2025-11-08T21:00:00.019Z,2025-11-08 21:00:00.019000+00:00,1.6125e-05,3397.470505,ETH-USD,dydx,DEX,False,0.0
ETH-USD,0.000034875,3405.338932,62552362,2025-11-08T22:00:00.332Z,2025-11-08 22:00:00.332000+00:00,3.4875e-05,3405.338932,ETH-USD,dydx,DEX,False,0.0
ETH-USD,0.00002675,3409.628099,62558383,2025-11-08T23:00:00.117Z,2025-11-08 23:00:00.117000+00:00,2.675e-05,3409.628099,ETH-USD,dydx,DEX,False,0.0
ETH-USD,0.000020625,3399.440111,62564351,2025-11-09T00:00:00.516Z,2025-11-09 00:00:00.516000+00:00,2.0625e-05,3399.440111,ETH-USD,dydx,DEX,False,0.0
ETH-USD,0.000004375,3383.46496,62570372,2025-11-09T01:00:00.328Z,2025-11-09 01:00:00.328000+00:00,4.375e-06,3383.46496,ETH-USD,dydx,DEX,False,0.0
ETH-USD,0.000004375,3383.46496,62570372,2025-11-09T01:00:00.328Z,2025-11-09 01:00:00.328000+00:00,4.375e-06,3383.46496,ETH-USD,dydx,DEX,False,0.0
ETH-USD,0.000016,3400.809838,62576346,2025-11-09T02:00:00.519Z,2025-11-09 02:00:00.519000+00:00,1.6e-05,3400.809838,ETH-USD,dydx,DEX,False,0.0
ETH-USD,0.000016,3368.253605,62582363,2025-11-09T03:00:00.815Z,2025-11-09 03:00:00.815000+00:00,1.6e-05,3368.253605,ETH-USD,dydx,DEX,False,0.0
ETH-USD,0.000007125,3374.754382,62588297,2025-11-09T04:00:00.088Z,2025-11-09 04:00:00.088000+00:00,7.125e-06,3374.754382,ETH-USD,dydx,DEX,False,0.0
ETH-USD,0.000022875,3374.761151,62594282,2025-11-09T05:00:00.100Z,2025-11-09 05:00:00.100000+00:00,2.2875e-05,3374.761151,ETH-USD,dydx,DEX,False,0.0
ETH-USD,0.000017375,3404.207132,62600240,2025-11-09T06:00:00.602Z,2025-11-09 06:00:00.602000+00:00,1.7375e-05,3404.207132,ETH-USD,dydx,DEX,False,0.0
ETH-USD,0.000010875,3404.94918,62606168,2025-11-09T07:00:00.670Z,2025-11-09 07:00:00.670000+00:00,1.0875e-05,3404.94918,ETH-USD,dydx,DEX,False,0.0
ETH-USD,0.000022375,3422.69552,62612104,2025-11-09T08:00:00.323Z,2025-11-09 08:00:00.323000+00:00,2.2375e-05,3422.69552,ETH-USD,dydx,DEX,False,0.0
ETH-USD,0.000003625,3420.92,62618008,2025-11-09T09:00:00.388Z,2025-11-09 09:00:00.388000+00:00,3.625e-06,3420.92,ETH-USD,dydx,DEX,False,0.0
ETH-USD,0.000010875,3399.34803,62623928,2025-11-09T10:00:00.140Z,2025-11-09 10:00:00.140000+00:00,1.0875e-05,3399.34803,ETH-USD,dydx,DEX,False,0.0
ETH-USD,0.00002575,3400.349974,62629862,2025-11-09T11:00:00.578Z,2025-11-09 11:00:00.578000+00:00,2.575e-05,3400.349974,ETH-USD,dydx,DEX,False,0.0
ETH-USD,-0.00000175,3428.95,62635797,2025-11-09T12:00:00.394Z,2025-11-09 12:00:00.394000+00:00,-1.75e-06,3428.95,ETH-USD,dydx,DEX,False,0.0
ETH-USD,0.0000125,3441.292342,62641676,2025-11-09T13:00:00.052Z,2025-11-09 13:00:00.052000+00:00,1.25e-05,3441.292342,ETH-USD,dydx,DEX,False,0.0
ETH-USD,0.000011,3459.73,62647548,2025-11-09T14:00:00.177Z,2025-11-09 14:00:00.177000+00:00,1.1e-05,3459.73,ETH-USD,dydx,DEX,False,0.0
ETH-USD,0.000008125,3506.49,62653484,2025-11-09T15:00:00.590Z,2025-11-09 15:00:00.590000+00:00,8.125e-06,3506.49,ETH-USD,dydx,DEX,False,0.0
ETH-USD,0.000013875,3515.74,62659404,2025-11-09T16:00:00.034Z,2025-11-09 16:00:00.034000+00:00,1.3875e-05,3515.74,ETH-USD,dydx,DEX,False,0.0
ETH-USD,0.0000215,3526.777322,62665290,2025-11-09T17:00:00.507Z,2025-11-09 17:00:00.507000+00:00,2.15e-05,3526.777322,ETH-USD,dydx,DEX,False,0.0
ETH-USD,0.000008375,3515.758424,62671211,2025-11-09T18:00:00.235Z,2025-11-09 18:00:00.235000+00:00,8.375e-06,3515.758424,ETH-USD,dydx,DEX,False,0.0
ETH-USD,0.000004125,3541.674243,62677100,2025-11-09T19:00:00.454Z,2025-11-09 19:00:00.454000+00:00,4.125e-06,3541.674243,ETH-USD,dydx,DEX,False,0.0
ETH-USD,0.000011,3579.46,62682953,2025-11-09T20:00:00.454Z,2025-11-09 20:00:00.454000+00:00,1.1e-05,3579.46,ETH-USD,dydx,DEX,False,0.0
ETH-USD,-0.00000475,3579.11,62688823,2025-11-09T21:00:00.650Z,2025-11-09 21:00:00.650000+00:00,-4.75e-06,3579.11,ETH-USD,dydx,DEX,False,0.0
ETH-USD,0.00001625,3579.39,62694633,2025-11-09T22:00:00.022Z,2025-11-09 22:00:00.022000+00:00,1.625e-05,3579.39,ETH-USD,dydx,DEX,False,0.0
ETH-USD,0.000005125,3586.71,62700525,2025-11-09T23:00:00.482Z,2025-11-09 23:00:00.482000+00:00,5.125e-06,3586.71,ETH-USD,dydx,DEX,False,0.0
ETH-USD,0.000006375,3583.254991,62706372,2025-11-10T00:00:00.676Z,2025-11-10 00:00:00.676000+00:00,6.375e-06,3583.254991,ETH-USD,dydx,DEX,False,0.0
ETH-USD,0.0000075,3633.956604,62712226,2025-11-10T01:00:00.492Z,2025-11-10 01:00:00.492000+00:00,7.5e-06,3633.956604,ETH-USD,dydx,DEX,False,0.0
ETH-USD,0.00000625,3629.05194,62718012,2025-11-10T02:00:00.376Z,2025-11-10 02:00:00.376000+00:00,6.25e-06,3629.05194,ETH-USD,dydx,DEX,False,0.0
ETH-USD,0.000002875,3628.749995,62723856,2025-11-10T03:00:00.158Z,2025-11-10 03:00:00.158000+00:00,2.875e-06,3628.749995,ETH-USD,dydx,DEX,False,0.0
ETH-USD,-0.000000625,3627.41862,62729654,2025-11-10T04:00:00.471Z,2025-11-10 04:00:00.471000+00:00,-6.25e-07,3627.41862,ETH-USD,dydx,DEX,False,0.0
ETH-USD,0.000005125,3617.908209,62735472,2025-11-10T05:00:00.587Z,2025-11-10 05:00:00.587000+00:00,5.125e-06,3617.908209,ETH-USD,dydx,DEX,False,0.0
ETH-USD,0.00000475,3606.92,62741343,2025-11-10T06:00:00.089Z,2025-11-10 06:00:00.089000+00:00,4.75e-06,3606.92,ETH-USD,dydx,DEX,False,0.0
ETH-USD,0.000013625,3604.857952,62747240,2025-11-10T07:00:00.422Z,2025-11-10 07:00:00.422000+00:00,1.3625e-05,3604.857952,ETH-USD,dydx,DEX,False,0.0
ETH-USD,0.00000925,3609.76,62753174,2025-11-10T08:00:00.240Z,2025-11-10 08:00:00.240000+00:00,9.25e-06,3609.76,ETH-USD,dydx,DEX,False,0.0
ETH-USD,0.000004125,3592.780686,62759015,2025-11-10T09:00:00.428Z,2025-11-10 09:00:00.428000+00:00,4.125e-06,3592.780686,ETH-USD,dydx,DEX,False,0.0
ETH-USD,0.00001325,3623.567643,62764853,2025-11-10T10:00:00.161Z,2025-11-10 10:00:00.161000+00:00,1.325e-05,3623.567643,ETH-USD,dydx,DEX,False,0.0
ETH-USD,0.000019875,3605.591529,62770745,2025-11-10T11:00:00.394Z,2025-11-10 11:00:00.394000+00:00,1.9875e-05,3605.591529,ETH-USD,dydx,DEX,False,0.0
ETH-USD,0.00001675,3609.849015,62776528,2025-11-10T12:00:00.337Z,2025-11-10 12:00:00.337000+00:00,1.675e-05,3609.849015,ETH-USD,dydx,DEX,False,0.0
ETH-USD,0.00000875,3590.883524,62782338,2025-11-10T13:00:00.491Z,2025-11-10 13:00:00.491000+00:00,8.75e-06,3590.883524,ETH-USD,dydx,DEX,False,0.0
ETH-USD,0.000012125,3616.47999,62788139,2025-11-10T14:00:00.496Z,2025-11-10 14:00:00.496000+00:00,1.2125e-05,3616.47999,ETH-USD,dydx,DEX,False,0.0
ETH-USD,0.00000075,3541.38672,62794091,2025-11-10T15:00:00.384Z,2025-11-10 15:00:00.384000+00:00,7.5e-07,3541.38672,ETH-USD,dydx,DEX,False,0.0
ETH-USD,0.000009375,3519.228077,62799970,2025-11-10T16:00:01.082Z,2025-11-10 16:00:01.082000+00:00,9.375e-06,3519.228077,ETH-USD,dydx,DEX,False,0.0
ETH-USD,0.000009625,3528.993155,62805880,2025-11-10T17:00:00.508Z,2025-11-10 17:00:00.508000+00:00,9.625e-06,3528.993155,ETH-USD,dydx,DEX,False,0.0
ETH-USD,0.00001125,3556.264181,62811808,2025-11-10T18:00:00.318Z,2025-11-10 18:00:00.318000+00:00,1.125e-05,3556.264181,ETH-USD,dydx,DEX,False,0.0
ETH-USD,0.000009625,3532.298735,62817801,2025-11-10T19:00:00.387Z,2025-11-10 19:00:00.387000+00:00,9.625e-06,3532.298735,ETH-USD,dydx,DEX,False,0.0
ETH-USD,0.000010625,3556.864313,62823824,2025-11-10T20:00:00.374Z,2025-11-10 20:00:00.374000+00:00,1.0625e-05,3556.864313,ETH-USD,dydx,DEX,False,0.0
ETH-USD,0.000062625,3570.524311,62829776,2025-11-10T21:00:00.313Z,2025-11-10 21:00:00.313000+00:00,6.2625e-05,3570.524311,ETH-USD,dydx,DEX,False,0.0
ETH-USD,0.00002525,3539.798027,62835718,2025-11-10T22:00:00.481Z,2025-11-10 22:00:00.481000+00:00,2.525e-05,3539.798027,ETH-USD,dydx,DEX,False,0.0
ETH-USD,0.00003125,3574.344988,62841739,2025-11-10T23:00:00.479Z,2025-11-10 23:00:00.479000+00:00,3.125e-05,3574.344988,ETH-USD,dydx,DEX,False,0.0
ETH-USD,0.000021625,3566.8,62847739,2025-11-11T00:00:00.334Z,2025-11-11 00:00:00.334000+00:00,2.1625e-05,3566.8,ETH-USD,dydx,DEX,False,0.0
ETH-USD,0.00002925,3584.341565,62853536,2025-11-11T01:00:00.393Z,2025-11-11 01:00:00.393000+00:00,2.925e-05,3584.341565,ETH-USD,dydx,DEX,False,0.0
ETH-USD,0.00001875,3579.531376,62859215,2025-11-11T02:00:00.074Z,2025-11-11 02:00:00.074000+00:00,1.875e-05,3579.531376,ETH-USD,dydx,DEX,False,0.0
ETH-USD,0.000022375,3615.976804,62865002,2025-11-11T03:00:00.449Z,2025-11-11 03:00:00.449000+00:00,2.2375e-05,3615.976804,ETH-USD,dydx,DEX,False,0.0
ETH-USD,0.00002025,3605.810472,62870734,2025-11-11T04:00:00.112Z,2025-11-11 04:00:00.112000+00:00,2.025e-05,3605.810472,ETH-USD,dydx,DEX,False,0.0
ETH-USD,0.000025625,3573.615276,62876520,2025-11-11T05:00:00.474Z,2025-11-11 05:00:00.474000+00:00,2.5625e-05,3573.615276,ETH-USD,dydx,DEX,False,0.0
ETH-USD,0.000026125,3548.864581,62882269,2025-11-11T06:00:00.570Z,2025-11-11 06:00:00.570000+00:00,2.6125e-05,3548.864581,ETH-USD,dydx,DEX,False,0.0
ETH-USD,0.00001775,3556.968606,62888093,2025-11-11T07:00:00.122Z,2025-11-11 07:00:00.122000+00:00,1.775e-05,3556.968606,ETH-USD,dydx,DEX,False,0.0
ETH-USD,0.000015625,3544.901802,62893837,2025-11-11T08:00:00.279Z,2025-11-11 08:00:00.279000+00:00,1.5625e-05,3544.901802,ETH-USD,dydx,DEX,False,0.0
ETH-USD,0.00001975,3563.262866,62899585,2025-11-11T09:00:00.663Z,2025-11-11 09:00:00.663000+00:00,1.975e-05,3563.262866,ETH-USD,dydx,DEX,False,0.0
ETH-USD,0.000010125,3554.87,62905291,2025-11-11T10:00:00.223Z,2025-11-11 10:00:00.223000+00:00,1.0125e-05,3554.87,ETH-USD,dydx,DEX,False,0.0
ETH-USD,0.000016875,3560.083991,62910983,2025-11-11T11:00:00.331Z,2025-11-11 11:00:00.331000+00:00,1.6875e-05,3560.083991,ETH-USD,dydx,DEX,False,0.0
ETH-USD,0.00001425,3573.906788,62916631,2025-11-11T12:00:00.027Z,2025-11-11 12:00:00.027000+00:00,1.425e-05,3573.906788,ETH-USD,dydx,DEX,False,0.0
ETH-USD,0.00000575,3539.406568,62922431,2025-11-11T13:00:00.497Z,2025-11-11 13:00:00.497000+00:00,5.75e-06,3539.406568,ETH-USD,dydx,DEX,False,0.0
ETH-USD,0.00001925,3532.03,62928183,2025-11-11T14:00:00.019Z,2025-11-11 14:00:00.019000+00:00,1.925e-05,3532.03,ETH-USD,dydx,DEX,False,0.0
ETH-USD,0.000011,3529.41,62933979,2025-11-11T15:00:00.378Z,2025-11-11 15:00:00.378000+00:00,1.1e-05,3529.41,ETH-USD,dydx,DEX,False,0.0
ETH-USD,0.000013125,3482.956369,62939695,2025-11-11T16:00:00.049Z,2025-11-11 16:00:00.049000+00:00,1.3125e-05,3482.956369,ETH-USD,dydx,DEX,False,0.0
ETH-USD,0.000011375,3485.029999,62945413,2025-11-11T17:00:00.407Z,2025-11-11 17:00:00.407000+00:00,1.1375e-05,3485.029999,ETH-USD,dydx,DEX,False,0.0
ETH-USD,0.00000725,3472.612778,62951070,2025-11-11T18:00:00.573Z,2025-11-11 18:00:00.573000+00:00,7.25e-06,3472.612778,ETH-USD,dydx,DEX,False,0.0
ETH-USD,0.000005625,3469.395396,62956797,2025-11-11T19:00:00.264Z,2025-11-11 19:00:00.264000+00:00,5.625e-06,3469.395396,ETH-USD,dydx,DEX,False,0.0
ETH-USD,0.00000675,3455.914956,62962446,2025-11-11T20:00:00.315Z,2025-11-11 20:00:00.315000+00:00,6.75e-06,3455.914956,ETH-USD,dydx,DEX,False,0.0
ETH-USD,0.00000775,3435.282738,62968151,2025-11-11T21:00:00.381Z,2025-11-11 21:00:00.381000+00:00,7.75e-06,3435.282738,ETH-USD,dydx,DEX,False,0.0
ETH-USD,0.000008,3417.509838,62973768,2025-11-11T22:00:00.432Z,2025-11-11 22:00:00.432000+00:00,8e-06,3417.509838,ETH-USD,dydx,DEX,False,0.0
ETH-USD,0.000006875,3430.043638,62979416,2025-11-11T23:00:00.461Z,2025-11-11 23:00:00.461000+00:00,6.875e-06,3430.043638,ETH-USD,dydx,DEX,False,0.0
ETH-USD,0.000009375,3416.89,62985047,2025-11-12T00:00:03.365Z,2025-11-12 00:00:03.365000+00:00,9.375e-06,3416.89,ETH-USD,dydx,DEX,False,0.0
ETH-USD,0.000011625,3416.774351,62990735,2025-11-12T01:00:00.586Z,2025-11-12 01:00:00.586000+00:00,1.1625e-05,3416.774351,ETH-USD,dydx,DEX,False,0.0
ETH-USD,0.00001625,3447.687862,62996374,2025-11-12T02:00:00.074Z,2025-11-12 02:00:00.074000+00:00,1.625e-05,3447.687862,ETH-USD,dydx,DEX,False,0.0
ETH-USD,0.000005,3427.647235,63002102,2025-11-12T03:00:00.329Z,2025-11-12 03:00:00.329000+00:00,5e-06,3427.647235,ETH-USD,dydx,DEX,False,0.0
ETH-USD,0.000013875,3437.478756,63007832,2025-11-12T04:00:00.010Z,2025-11-12 04:00:00.010000+00:00,1.3875e-05,3437.478756,ETH-USD,dydx,DEX,False,0.0
ETH-USD,0.0000085,3444.401119,63013568,2025-11-12T05:00:00.187Z,2025-11-12 05:00:00.187000+00:00,8.5e-06,3444.401119,ETH-USD,dydx,DEX,False,0.0
ETH-USD,0.000001625,3448.118756,63019309,2025-11-12T06:00:00.381Z,2025-11-12 06:00:00.381000+00:00,1.625e-06,3448.118756,ETH-USD,dydx,DEX,False,0.0
ETH-USD,0.000008,3438.42018,63025092,2025-11-12T07:00:00.333Z,2025-11-12 07:00:00.333000+00:00,8e-06,3438.42018,ETH-USD,dydx,DEX,False,0.0
ETH-USD,0.00000925,3428.44,63030866,2025-11-12T08:00:00.440Z,2025-11-12 08:00:00.440000+00:00,9.25e-06,3428.44,ETH-USD,dydx,DEX,False,0.0
ETH-USD,0.000009,3468.494684,63036582,2025-11-12T09:00:00.265Z,2025-11-12 09:00:00.265000+00:00,9e-06,3468.494684,ETH-USD,dydx,DEX,False,0.0
ETH-USD,0.0000095,3483.348334,63042287,2025-11-12T10:00:00.248Z,2025-11-12 10:00:00.248000+00:00,9.5e-06,3483.348334,ETH-USD,dydx,DEX,False,0.0
ETH-USD,0.00000475,3533.549102,63047974,2025-11-12T11:00:00.100Z,2025-11-12 11:00:00.100000+00:00,4.75e-06,3533.549102,ETH-USD,dydx,DEX,False,0.0
ETH-USD,0.0000095,3548.724872,63053655,2025-11-12T12:00:00.424Z,2025-11-12 12:00:00.424000+00:00,9.5e-06,3548.724872,ETH-USD,dydx,DEX,False,0.0
ETH-USD,0.00000875,3553.055305,63059377,2025-11-12T13:00:00.580Z,2025-11-12 13:00:00.580000+00:00,8.75e-06,3553.055305,ETH-USD,dydx,DEX,False,0.0
ETH-USD,0.000010875,3576.877687,63064996,2025-11-12T14:00:00.461Z,2025-11-12 14:00:00.461000+00:00,1.0875e-05,3576.877687,ETH-USD,dydx,DEX,False,0.0
ETH-USD,-0.000007375,3502.31,63070746,2025-11-12T15:00:00.098Z,2025-11-12 15:00:00.098000+00:00,-7.375e-06,3502.31,ETH-USD,dydx,DEX,False,0.0
ETH-USD,0.000006375,3428.79,63076304,2025-11-12T16:00:00.228Z,2025-11-12 16:00:00.228000+00:00,6.375e-06,3428.79,ETH-USD,dydx,DEX,False,0.0
ETH-USD,-0.000003625,3398.745518,63081940,2025-11-12T17:00:00.639Z,2025-11-12 17:00:00.639000+00:00,-3.625e-06,3398.745518,ETH-USD,dydx,DEX,False,0.0
ETH-USD,-0.00002075,3430.153015,63087556,2025-11-12T18:00:00.336Z,2025-11-12 18:00:00.336000+00:00,-2.075e-05,3430.153015,ETH-USD,dydx,DEX,False,0.0
ETH-USD,-0.00001175,3425.390378,63093207,2025-11-12T19:00:00.468Z,2025-11-12 19:00:00.468000+00:00,-1.175e-05,3425.390378,ETH-USD,dydx,DEX,False,0.0
ETH-USD,-0.00000825,3407.519248,63098853,2025-11-12T20:00:00.508Z,2025-11-12 20:00:00.508000+00:00,-8.25e-06,3407.519248,ETH-USD,dydx,DEX,False,0.0
ETH-USD,-0.00001025,3416.058394,63104550,2025-11-12T21:00:00.182Z,2025-11-12 21:00:00.182000+00:00,-1.025e-05,3416.058394,ETH-USD,dydx,DEX,False,0.0
ETH-USD,-0.000010875,3423.78,63110160,2025-11-12T22:00:00.047Z,2025-11-12 22:00:00.047000+00:00,-1.0875e-05,3423.78,ETH-USD,dydx,DEX,False,0.0
ETH-USD,-0.000005875,3420.88,63115832,2025-11-12T23:00:00.435Z,2025-11-12 23:00:00.435000+00:00,-5.875e-06,3420.88,ETH-USD,dydx,DEX,False,0.0
ETH-USD,-0.00000375,3413.77,63121451,2025-11-13T00:00:00.625Z,2025-11-13 00:00:00.625000+00:00,-3.75e-06,3413.77,ETH-USD,dydx,DEX,False,0.0
ETH-USD,-0.000001875,3411.57,63127117,2025-11-13T01:00:00.345Z,2025-11-13 01:00:00.345000+00:00,-1.875e-06,3411.57,ETH-USD,dydx,DEX,False,0.0
ETH-USD,-0.000003375,3423.497646,63132776,2025-11-13T02:00:00.431Z,2025-11-13 02:00:00.431000+00:00,-3.375e-06,3423.497646,ETH-USD,dydx,DEX,False,0.0
ETH-USD,-0.000001625,3433.21267,63138424,2025-11-13T03:00:00.130Z,2025-11-13 03:00:00.130000+00:00,-1.625e-06,3433.21267,ETH-USD,dydx,DEX,False,0.0
ETH-USD,-0.000006125,3451.39,63144080,2025-11-13T04:00:00.158Z,2025-11-13 04:00:00.158000+00:00,-6.125e-06,3451.39,ETH-USD,dydx,DEX,False,0.0
ETH-USD,-0.000006125,3451.39,63144080,2025-11-13T04:00:00.158Z,2025-11-13 04:00:00.158000+00:00,-6.125e-06,3451.39,ETH-USD,dydx,DEX,False,0.0
ETH-USD,0,3483.631636,63149804,2025-11-13T05:00:00.335Z,2025-11-13 05:00:00.335000+00:00,0.0,3483.631636,ETH-USD,dydx,DEX,False,0.0
ETH-USD,-0.00000075,3527.137286,63155462,2025-11-13T06:00:00.316Z,2025-11-13 06:00:00.316000+00:00,-7.5e-07,3527.137286,ETH-USD,dydx,DEX,False,0.0
ETH-USD,0.000001375,3540.337566,63161112,2025-11-13T07:00:00.139Z,2025-11-13 07:00:00.139000+00:00,1.375e-06,3540.337566,ETH-USD,dydx,DEX,False,0.0
ETH-USD,-0.000001625,3538.49615,63166709,2025-11-13T08:00:00.150Z,2025-11-13 08:00:00.150000+00:00,-1.625e-06,3538.49615,ETH-USD,dydx,DEX,False,0.0
ETH-USD,-0.000007875,3524.48,63172231,2025-11-13T09:00:00.802Z,2025-11-13 09:00:00.802000+00:00,-7.875e-06,3524.48,ETH-USD,dydx,DEX,False,0.0
ETH-USD,-0.000002625,3486.811032,63177776,2025-11-13T10:00:00.008Z,2025-11-13 10:00:00.008000+00:00,-2.625e-06,3486.811032,ETH-USD,dydx,DEX,False,0.0
ETH-USD,-0.000027375,3505.55,63183386,2025-11-13T11:00:00.535Z,2025-11-13 11:00:00.535000+00:00,-2.7375e-05,3505.55,ETH-USD,dydx,DEX,False,0.0
ETH-USD,-0.00001225,3501.089891,63188901,2025-11-13T12:00:00.036Z,2025-11-13 12:00:00.036000+00:00,-1.225e-05,3501.089891,ETH-USD,dydx,DEX,False,0.0
ETH-USD,-0.000003625,3501.244959,63194545,2025-11-13T13:00:00.018Z,2025-11-13 13:00:00.018000+00:00,-3.625e-06,3501.244959,ETH-USD,dydx,DEX,False,0.0
ETH-USD,-0.00000275,3436.98,63200221,2025-11-13T14:00:00.265Z,2025-11-13 14:00:00.265000+00:00,-2.75e-06,3436.98,ETH-USD,dydx,DEX,False,0.0
ETH-USD,-0.000004,3444.115588,63205913,2025-11-13T15:00:00.246Z,2025-11-13 15:00:00.246000+00:00,-4e-06,3444.115588,ETH-USD,dydx,DEX,False,0.0
ETH-USD,-0.000002875,3386.261425,63211578,2025-11-13T16:00:00.232Z,2025-11-13 16:00:00.232000+00:00,-2.875e-06,3386.261425,ETH-USD,dydx,DEX,False,0.0
ETH-USD,-0.000003125,3325.580781,63217306,2025-11-13T17:00:00.070Z,2025-11-13 17:00:00.070000+00:00,-3.125e-06,3325.580781,ETH-USD,dydx,DEX,False,0.0
ETH-USD,-0.000000875,3254.813555,63222981,2025-11-13T18:00:00.491Z,2025-11-13 18:00:00.491000+00:00,-8.75e-07,3254.813555,ETH-USD,dydx,DEX,False,0.0
ETH-USD,-0.00000075,3212.726182,63228718,2025-11-13T19:00:00.755Z,2025-11-13 19:00:00.755000+00:00,-7.5e-07,3212.726182,ETH-USD,dydx,DEX,False,0.0
ETH-USD,-0.00000275,3197.580725,63234413,2025-11-13T20:00:00.088Z,2025-11-13 20:00:00.088000+00:00,-2.75e-06,3197.580725,ETH-USD,dydx,DEX,False,0.0
ETH-USD,-0.000003125,3169.896486,63240115,2025-11-13T21:00:00.328Z,2025-11-13 21:00:00.328000+00:00,-3.125e-06,3169.896486,ETH-USD,dydx,DEX,False,0.0
ETH-USD,-0.00000575,3178.173982,63245768,2025-11-13T22:00:00.157Z,2025-11-13 22:00:00.157000+00:00,-5.75e-06,3178.173982,ETH-USD,dydx,DEX,False,0.0
ETH-USD,0.000000625,3225.858554,63251471,2025-11-13T23:00:00.281Z,2025-11-13 23:00:00.281000+00:00,6.25e-07,3225.858554,ETH-USD,dydx,DEX,False,0.0
ETH-USD,-0.000015125,3230.534732,63257152,2025-11-14T00:00:00.354Z,2025-11-14 00:00:00.354000+00:00,-1.5125e-05,3230.534732,ETH-USD,dydx,DEX,False,0.0
ETH-USD,-0.000001375,3198.016225,63262792,2025-11-14T01:00:00.565Z,2025-11-14 01:00:00.565000+00:00,-1.375e-06,3198.016225,ETH-USD,dydx,DEX,False,0.0
ETH-USD,-0.0000005,3205.121888,63268401,2025-11-14T02:00:00.680Z,2025-11-14 02:00:00.680000+00:00,-5e-07,3205.121888,ETH-USD,dydx,DEX,False,0.0
ETH-USD,0.0000025,3236.577672,63274027,2025-11-14T03:00:00.431Z,2025-11-14 03:00:00.431000+00:00,2.5e-06,3236.577672,ETH-USD,dydx,DEX,False,0.0
ETH-USD,-0.00000175,3226.789385,63279604,2025-11-14T04:00:00.187Z,2025-11-14 04:00:00.187000+00:00,-1.75e-06,3226.789385,ETH-USD,dydx,DEX,False,0.0
ETH-USD,-0.0000005,3160.445963,63285326,2025-11-14T05:00:00.665Z,2025-11-14 05:00:00.665000+00:00,-5e-07,3160.445963,ETH-USD,dydx,DEX,False,0.0
ETH-USD,0.000000125,3192.991401,63290972,2025-11-14T06:00:00.090Z,2025-11-14 06:00:00.090000+00:00,1.25e-07,3192.991401,ETH-USD,dydx,DEX,False,0.0
ETH-USD,-0.0000015,3222.503249,63296810,2025-11-14T07:00:00.246Z,2025-11-14 07:00:00.246000+00:00,-1.5e-06,3222.503249,ETH-USD,dydx,DEX,False,0.0
ETH-USD,-0.00000575,3214.469696,63302615,2025-11-14T08:00:00.189Z,2025-11-14 08:00:00.189000+00:00,-5.75e-06,3214.469696,ETH-USD,dydx,DEX,False,0.0
ETH-USD,-0.000006375,3204.028791,63308390,2025-11-14T09:00:00.419Z,2025-11-14 09:00:00.419000+00:00,-6.375e-06,3204.028791,ETH-USD,dydx,DEX,False,0.0
ETH-USD,-0.000001625,3155.513345,63314057,2025-11-14T10:00:00.208Z,2025-11-14 10:00:00.208000+00:00,-1.625e-06,3155.513345,ETH-USD,dydx,DEX,False,0.0
ETH-USD,-0.000000125,3176.637008,63319747,2025-11-14T11:00:00.080Z,2025-11-14 11:00:00.080000+00:00,-1.25e-07,3176.637008,ETH-USD,dydx,DEX,False,0.0
ETH-USD,0.000000125,3144.736579,63325395,2025-11-14T12:00:00.193Z,2025-11-14 12:00:00.193000+00:00,1.25e-07,3144.736579,ETH-USD,dydx,DEX,False,0.0
ETH-USD,0.000003125,3126.348962,63331126,2025-11-14T13:00:00.241Z,2025-11-14 13:00:00.241000+00:00,3.125e-06,3126.348962,ETH-USD,dydx,DEX,False,0.0
ETH-USD,0.000021125,3118.074773,63336801,2025-11-14T14:00:00.092Z,2025-11-14 14:00:00.092000+00:00,2.1125e-05,3118.074773,ETH-USD,dydx,DEX,False,0.0
ETH-USD,0.00001825,3198.27121,63342592,2025-11-14T15:00:00.415Z,2025-11-14 15:00:00.415000+00:00,1.825e-05,3198.27121,ETH-USD,dydx,DEX,False,0.0
ETH-USD,0.000004125,3194.593244,63348233,2025-11-14T16:00:00.185Z,2025-11-14 16:00:00.185000+00:00,4.125e-06,3194.593244,ETH-USD,dydx,DEX,False,0.0
ETH-USD,0.00001375,3229.438224,63353899,2025-11-14T17:00:00.029Z,2025-11-14 17:00:00.029000+00:00,1.375e-05,3229.438224,ETH-USD,dydx,DEX,False,0.0
ETH-USD,0.000000875,3177.209116,63359498,2025-11-14T18:00:00.219Z,2025-11-14 18:00:00.219000+00:00,8.75e-07,3177.209116,ETH-USD,dydx,DEX,False,0.0
ETH-USD,0.000013125,3166.301138,63365115,2025-11-14T19:00:00.220Z,2025-11-14 19:00:00.220000+00:00,1.3125e-05,3166.301138,ETH-USD,dydx,DEX,False,0.0
ETH-USD,0.000049,3206.745952,63370732,2025-11-14T20:00:00.333Z,2025-11-14 20:00:00.333000+00:00,4.9e-05,3206.745952,ETH-USD,dydx,DEX,False,0.0
ETH-USD,-0.0000025,3133.34999,63376387,2025-11-14T21:00:00.159Z,2025-11-14 21:00:00.159000+00:00,-2.5e-06,3133.34999,ETH-USD,dydx,DEX,False,0.0
ETH-USD,0.000033375,3165.297761,63382029,2025-11-14T22:00:00.370Z,2025-11-14 22:00:00.370000+00:00,3.3375e-05,3165.297761,ETH-USD,dydx,DEX,False,0.0
ETH-USD,0.000053,3156.022444,63387711,2025-11-14T23:00:00.578Z,2025-11-14 23:00:00.578000+00:00,5.3e-05,3156.022444,ETH-USD,dydx,DEX,False,0.0
ETH-USD,0.00001725,3109.252597,63393403,2025-11-15T00:00:00.315Z,2025-11-15 00:00:00.315000+00:00,1.725e-05,3109.252597,ETH-USD,dydx,DEX,False,0.0
ETH-USD,0.00001525,3139.34246,63399096,2025-11-15T01:00:00.192Z,2025-11-15 01:00:00.192000+00:00,1.525e-05,3139.34246,ETH-USD,dydx,DEX,False,0.0
ETH-USD,0.00002375,3172.546462,63404792,2025-11-15T02:00:00.319Z,2025-11-15 02:00:00.319000+00:00,2.375e-05,3172.546462,ETH-USD,dydx,DEX,False,0.0
ETH-USD,0.000020375,3189.973705,63410580,2025-11-15T03:00:00.224Z,2025-11-15 03:00:00.224000+00:00,2.0375e-05,3189.973705,ETH-USD,dydx,DEX,False,0.0
ETH-USD,0.000019375,3178.218712,63416325,2025-11-15T04:00:00.304Z,2025-11-15 04:00:00.304000+00:00,1.9375e-05,3178.218712,ETH-USD,dydx,DEX,False,0.0
ETH-USD,0.000009625,3170.012062,63422107,2025-11-15T05:00:00.298Z,2025-11-15 05:00:00.298000+00:00,9.625e-06,3170.012062,ETH-USD,dydx,DEX,False,0.0
ETH-USD,0.000026375,3178.500749,63427858,2025-11-15T06:00:00.062Z,2025-11-15 06:00:00.062000+00:00,2.6375e-05,3178.500749,ETH-USD,dydx,DEX,False,0.0
ETH-USD,0.00003375,3173.406455,63433594,2025-11-15T07:00:00.388Z,2025-11-15 07:00:00.388000+00:00,3.375e-05,3173.406455,ETH-USD,dydx,DEX,False,0.0
ETH-USD,0.000012625,3174.892553,63439341,2025-11-15T08:00:00.338Z,2025-11-15 08:00:00.338000+00:00,1.2625e-05,3174.892553,ETH-USD,dydx,DEX,False,0.0
ETH-USD,0.000025625,3142.492868,63445058,2025-11-15T09:00:00.549Z,2025-11-15 09:00:00.549000+00:00,2.5625e-05,3142.492868,ETH-USD,dydx,DEX,False,0.0
ETH-USD,0.000017875,3151.134432,63450755,2025-11-15T10:00:00.428Z,2025-11-15 10:00:00.428000+00:00,1.7875e-05,3151.134432,ETH-USD,dydx,DEX,False,0.0
ETH-USD,0.00003075,3168.023765,63456475,2025-11-15T11:00:00.317Z,2025-11-15 11:00:00.317000+00:00,3.075e-05,3168.023765,ETH-USD,dydx,DEX,False,0.0
ETH-USD,0.000024125,3150.114942,63462143,2025-11-15T12:00:00.046Z,2025-11-15 12:00:00.046000+00:00,2.4125e-05,3150.114942,ETH-USD,dydx,DEX,False,0.0
ETH-USD,0.000002625,3159.998065,63467855,2025-11-15T13:00:00.457Z,2025-11-15 13:00:00.457000+00:00,2.625e-06,3159.998065,ETH-USD,dydx,DEX,False,0.0
ETH-USD,0.00001,3189.354889,63473651,2025-11-15T14:00:00.323Z,2025-11-15 14:00:00.323000+00:00,1e-05,3189.354889,ETH-USD,dydx,DEX,False,0.0
ETH-USD,0.000014875,3177.259096,63479389,2025-11-15T15:00:00.404Z,2025-11-15 15:00:00.404000+00:00,1.4875e-05,3177.259096,ETH-USD,dydx,DEX,False,0.0
ETH-USD,0.00001925,3183.299418,63485187,2025-11-15T16:00:00.484Z,2025-11-15 16:00:00.484000+00:00,1.925e-05,3183.299418,ETH-USD,dydx,DEX,False,0.0
ETH-USD,0.000018875,3184.142928,63491094,2025-11-15T17:00:00.391Z,2025-11-15 17:00:00.391000+00:00,1.8875e-05,3184.142928,ETH-USD,dydx,DEX,False,0.0
ETH-USD,0.00002725,3212.99,63496996,2025-11-15T18:00:00.269Z,2025-11-15 18:00:00.269000+00:00,2.725e-05,3212.99,ETH-USD,dydx,DEX,False,0.0
ETH-USD,0.0000425,3204.91,63502918,2025-11-15T19:00:00.086Z,2025-11-15 19:00:00.086000+00:00,4.25e-05,3204.91,ETH-USD,dydx,DEX,False,0.0
ETH-USD,0.000026,3196.31,63508848,2025-11-15T20:00:00.360Z,2025-11-15 20:00:00.360000+00:00,2.6e-05,3196.31,ETH-USD,dydx,DEX,False,0.0
ETH-USD,0.000011875,3172.203898,63514803,2025-11-15T21:00:00.479Z,2025-11-15 21:00:00.479000+00:00,1.1875e-05,3172.203898,ETH-USD,dydx,DEX,False,0.0
ETH-USD,0.000011,3155.802098,63520709,2025-11-15T22:00:00.136Z,2025-11-15 22:00:00.136000+00:00,1.1e-05,3155.802098,ETH-USD,dydx,DEX,False,0.0
ETH-USD,0.00001275,3170.614692,63526618,2025-11-15T23:00:00.227Z,2025-11-15 23:00:00.227000+00:00,1.275e-05,3170.614692,ETH-USD,dydx,DEX,False,0.0
ETH-USD,0.00000725,3167.160052,63532332,2025-11-16T00:00:00.060Z,2025-11-16 00:00:00.060000+00:00,7.25e-06,3167.160052,ETH-USD,dydx,DEX,False,0.0
ETH-USD,0.000022375,3152.633683,63538073,2025-11-16T01:00:00.429Z,2025-11-16 01:00:00.429000+00:00,2.2375e-05,3152.633683,ETH-USD,dydx,DEX,False,0.0
ETH-USD,0.00002275,3148.915542,63543766,2025-11-16T02:00:00.193Z,2025-11-16 02:00:00.193000+00:00,2.275e-05,3148.915542,ETH-USD,dydx,DEX,False,0.0
ETH-USD,0.000023,3200.993918,63549490,2025-11-16T03:00:00.229Z,2025-11-16 03:00:00.229000+00:00,2.3e-05,3200.993918,ETH-USD,dydx,DEX,False,0.0
ETH-USD,0.000020375,3200.163014,63555191,2025-11-16T04:00:00.327Z,2025-11-16 04:00:00.327000+00:00,2.0375e-05,3200.163014,ETH-USD,dydx,DEX,False,0.0
ETH-USD,0.000014875,3191.737482,63560887,2025-11-16T05:00:00.594Z,2025-11-16 05:00:00.594000+00:00,1.4875e-05,3191.737482,ETH-USD,dydx,DEX,False,0.0
ETH-USD,0.000018375,3202.06109,63566619,2025-11-16T06:00:00.673Z,2025-11-16 06:00:00.673000+00:00,1.8375e-05,3202.06109,ETH-USD,dydx,DEX,False,0.0
ETH-USD,0.00004125,3199.000499,63572382,2025-11-16T07:00:00.208Z,2025-11-16 07:00:00.208000+00:00,4.125e-05,3199.000499,ETH-USD,dydx,DEX,False,0.0
ETH-USD,0.000027375,3216.999676,63578110,2025-11-16T08:00:00.608Z,2025-11-16 08:00:00.608000+00:00,2.7375e-05,3216.999676,ETH-USD,dydx,DEX,False,0.0
ETH-USD,0.00001525,3216.9,63583741,2025-11-16T09:00:00.367Z,2025-11-16 09:00:00.367000+00:00,1.525e-05,3216.9,ETH-USD,dydx,DEX,False,0.0
ETH-USD,0.000023625,3247.161711,63589446,2025-11-16T10:00:00.151Z,2025-11-16 10:00:00.151000+00:00,2.3625e-05,3247.161711,ETH-USD,dydx,DEX,False,0.0
ETH-USD,0.000028375,3233.206755,63595119,2025-11-16T11:00:00.412Z,2025-11-16 11:00:00.412000+00:00,2.8375e-05,3233.206755,ETH-USD,dydx,DEX,False,0.0
ETH-USD,0.00000075,3166.759944,63600858,2025-11-16T12:00:00.070Z,2025-11-16 12:00:00.070000+00:00,7.5e-07,3166.759944,ETH-USD,dydx,DEX,False,0.0
ETH-USD,0.00002825,3166.156921,63606676,2025-11-16T13:00:00.140Z,2025-11-16 13:00:00.140000+00:00,2.825e-05,3166.156921,ETH-USD,dydx,DEX,False,0.0
ETH-USD,0.00000775,3151.454272,63612388,2025-11-16T14:00:00.535Z,2025-11-16 14:00:00.535000+00:00,7.75e-06,3151.454272,ETH-USD,dydx,DEX,False,0.0
ETH-USD,0.000012125,3170.720797,63618093,2025-11-16T15:00:00.714Z,2025-11-16 15:00:00.714000+00:00,1.2125e-05,3170.720797,ETH-USD,dydx,DEX,False,0.0
ETH-USD,0.000019,3103.951451,63623760,2025-11-16T16:00:00.414Z,2025-11-16 16:00:00.414000+00:00,1.9e-05,3103.951451,ETH-USD,dydx,DEX,False,0.0
ETH-USD,0.000000375,3060.633619,63629434,2025-11-16T17:00:00.637Z,2025-11-16 17:00:00.637000+00:00,3.75e-07,3060.633619,ETH-USD,dydx,DEX,False,0.0
ETH-USD,0.000004625,3077.854622,63635009,2025-11-16T18:00:00.239Z,2025-11-16 18:00:00.239000+00:00,4.625e-06,3077.854622,ETH-USD,dydx,DEX,False,0.0
ETH-USD,0.00000475,3059.294556,63640691,2025-11-16T19:00:00.378Z,2025-11-16 19:00:00.378000+00:00,4.75e-06,3059.294556,ETH-USD,dydx,DEX,False,0.0
ETH-USD,0.000011375,3089.834066,63646289,2025-11-16T20:00:00.103Z,2025-11-16 20:00:00.103000+00:00,1.1375e-05,3089.834066,ETH-USD,dydx,DEX,False,0.0
ETH-USD,0.00000525,3088.557695,63651894,2025-11-16T21:00:00.429Z,2025-11-16 21:00:00.429000+00:00,5.25e-06,3088.557695,ETH-USD,dydx,DEX,False,0.0
ETH-USD,0.0000125,3071.654172,63657525,2025-11-16T22:00:00.512Z,2025-11-16 22:00:00.512000+00:00,1.25e-05,3071.654172,ETH-USD,dydx,DEX,False,0.0
ETH-USD,0.00001375,3089.671882,63663220,2025-11-16T23:00:00.106Z,2025-11-16 23:00:00.106000+00:00,1.375e-05,3089.671882,ETH-USD,dydx,DEX,False,0.0
ETH-USD,0.000014375,3094.044187,63668836,2025-11-17T00:00:00.125Z,2025-11-17 00:00:00.125000+00:00,1.4375e-05,3094.044187,ETH-USD,dydx,DEX,False,0.0
ETH-USD,0.000010375,3134.2,63674485,2025-11-17T01:00:00.289Z,2025-11-17 01:00:00.289000+00:00,1.0375e-05,3134.2,ETH-USD,dydx,DEX,False,0.0
ETH-USD,0.000023,3114.185644,63680076,2025-11-17T02:00:00.342Z,2025-11-17 02:00:00.342000+00:00,2.3e-05,3114.185644,ETH-USD,dydx,DEX,False,0.0
ETH-USD,0.0000295,3147.336331,63685759,2025-11-17T03:00:00.252Z,2025-11-17 03:00:00.252000+00:00,2.95e-05,3147.336331,ETH-USD,dydx,DEX,False,0.0
ETH-USD,0.000009375,3174.425344,63691418,2025-11-17T04:00:00.347Z,2025-11-17 04:00:00.347000+00:00,9.375e-06,3174.425344,ETH-USD,dydx,DEX,False,0.0
ETH-USD,0.00001475,3183.516732,63697126,2025-11-17T05:00:00.330Z,2025-11-17 05:00:00.330000+00:00,1.475e-05,3183.516732,ETH-USD,dydx,DEX,False,0.0
ETH-USD,0.000016,3183.474384,63702856,2025-11-17T06:00:00.384Z,2025-11-17 06:00:00.384000+00:00,1.6e-05,3183.474384,ETH-USD,dydx,DEX,False,0.0
ETH-USD,0.000020125,3193.433939,63708588,2025-11-17T07:00:00.128Z,2025-11-17 07:00:00.128000+00:00,2.0125e-05,3193.433939,ETH-USD,dydx,DEX,False,0.0
ETH-USD,0.000020125,3193.433939,63708588,2025-11-17T07:00:00.128Z,2025-11-17 07:00:00.128000+00:00,2.0125e-05,3193.433939,ETH-USD,dydx,DEX,False,0.0
ETH-USD,0.00002225,3196.542882,63714314,2025-11-17T08:00:00.015Z,2025-11-17 08:00:00.015000+00:00,2.225e-05,3196.542882,ETH-USD,dydx,DEX,False,0.0
ETH-USD,0.000013125,3187.956021,63719907,2025-11-17T09:00:00.117Z,2025-11-17 09:00:00.117000+00:00,1.3125e-05,3187.956021,ETH-USD,dydx,DEX,False,0.0
ETH-USD,0.00000975,3193.050135,63725477,2025-11-17T10:00:00.567Z,2025-11-17 10:00:00.567000+00:00,9.75e-06,3193.050135,ETH-USD,dydx,DEX,False,0.0
ETH-USD,0.000017,3195.185716,63731227,2025-11-17T11:00:00.137Z,2025-11-17 11:00:00.137000+00:00,1.7e-05,3195.185716,ETH-USD,dydx,DEX,False,0.0
ETH-USD,0.000021125,3201.134065,63736939,2025-11-17T12:00:00.116Z,2025-11-17 12:00:00.116000+00:00,2.1125e-05,3201.134065,ETH-USD,dydx,DEX,False,0.0
ETH-USD,0.0000095,3182.909108,63742626,2025-11-17T13:00:00.345Z,2025-11-17 13:00:00.345000+00:00,9.5e-06,3182.909108,ETH-USD,dydx,DEX,False,0.0
ETH-USD,0.00000575,3118.197261,63748388,2025-11-17T14:00:00.363Z,2025-11-17 14:00:00.363000+00:00,5.75e-06,3118.197261,ETH-USD,dydx,DEX,False,0.0
ETH-USD,0.000014,3150.279832,63754253,2025-11-17T15:00:00.604Z,2025-11-17 15:00:00.604000+00:00,1.4e-05,3150.279832,ETH-USD,dydx,DEX,False,0.0
ETH-USD,0.00000625,3117.67,63760099,2025-11-17T16:00:00.031Z,2025-11-17 16:00:00.031000+00:00,6.25e-06,3117.67,ETH-USD,dydx,DEX,False,0.0
ETH-USD,0.000018875,3130.46579,63766011,2025-11-17T17:00:00.326Z,2025-11-17 17:00:00.326000+00:00,1.8875e-05,3130.46579,ETH-USD,dydx,DEX,False,0.0
ETH-USD,0.00001275,3055.963921,63771768,2025-11-17T18:00:00.083Z,2025-11-17 18:00:00.083000+00:00,1.275e-05,3055.963921,ETH-USD,dydx,DEX,False,0.0
ETH-USD,0.000019125,3023.614155,63777570,2025-11-17T19:00:00.307Z,2025-11-17 19:00:00.307000+00:00,1.9125e-05,3023.614155,ETH-USD,dydx,DEX,False,0.0
ETH-USD,0.000015875,2979.48846,63783319,2025-11-17T20:00:00.530Z,2025-11-17 20:00:00.530000+00:00,1.5875e-05,2979.48846,ETH-USD,dydx,DEX,False,0.0
ETH-USD,0.000019125,3004.076331,63789216,2025-11-17T21:00:00.263Z,2025-11-17 21:00:00.263000+00:00,1.9125e-05,3004.076331,ETH-USD,dydx,DEX,False,0.0
ETH-USD,0.0000045,3004.72561,63794970,2025-11-17T22:00:00.350Z,2025-11-17 22:00:00.350000+00:00,4.5e-06,3004.72561,ETH-USD,dydx,DEX,False,0.0
ETH-USD,0.000008875,3020.401638,63800719,2025-11-17T23:00:00.213Z,2025-11-17 23:00:00.213000+00:00,8.875e-06,3020.401638,ETH-USD,dydx,DEX,False,0.0
ETH-USD,0.00000775,3027.85493,63806481,2025-11-18T00:00:00.380Z,2025-11-18 00:00:00.380000+00:00,7.75e-06,3027.85493,ETH-USD,dydx,DEX,False,0.0
ETH-USD,0.00001075,3029.591592,63812269,2025-11-18T01:00:00.623Z,2025-11-18 01:00:00.623000+00:00,1.075e-05,3029.591592,ETH-USD,dydx,DEX,False,0.0
ETH-USD,0.000018875,3016.499423,63817992,2025-11-18T02:00:00.133Z,2025-11-18 02:00:00.133000+00:00,1.8875e-05,3016.499423,ETH-USD,dydx,DEX,False,0.0
ETH-USD,0.000009,2982.157842,63823735,2025-11-18T03:00:00.374Z,2025-11-18 03:00:00.374000+00:00,9e-06,2982.157842,ETH-USD,dydx,DEX,False,0.0
ETH-USD,0.000018875,3020.726517,63829529,2025-11-18T04:00:00.462Z,2025-11-18 04:00:00.462000+00:00,1.8875e-05,3020.726517,ETH-USD,dydx,DEX,False,0.0
ETH-USD,0.00004025,3004.306124,63835332,2025-11-18T05:00:00.661Z,2025-11-18 05:00:00.661000+00:00,4.025e-05,3004.306124,ETH-USD,dydx,DEX,False,0.0
ETH-USD,0.000046875,3010.430642,63841038,2025-11-18T06:00:00.807Z,2025-11-18 06:00:00.807000+00:00,4.6875e-05,3010.430642,ETH-USD,dydx,DEX,False,0.0
ETH-USD,0.0000435,2987.311419,63846773,2025-11-18T07:00:00.389Z,2025-11-18 07:00:00.389000+00:00,4.35e-05,2987.311419,ETH-USD,dydx,DEX,False,0.0
ETH-USD,0.000042125,3023.764101,63852553,2025-11-18T08:00:00.485Z,2025-11-18 08:00:00.485000+00:00,4.2125e-05,3023.764101,ETH-USD,dydx,DEX,False,0.0
ETH-USD,0.000047875,3058.663069,63858310,2025-11-18T09:00:00.524Z,2025-11-18 09:00:00.524000+00:00,4.7875e-05,3058.663069,ETH-USD,dydx,DEX,False,0.0
ETH-USD,0.00005125,3057.812515,63864034,2025-11-18T10:00:00.184Z,2025-11-18 10:00:00.184000+00:00,5.125e-05,3057.812515,ETH-USD,dydx,DEX,False,0.0
ETH-USD,0.000046375,3064.698241,63869812,2025-11-18T11:00:00.515Z,2025-11-18 11:00:00.515000+00:00,4.6375e-05,3064.698241,ETH-USD,dydx,DEX,False,0.0
ETH-USD,0.000039,3054.057679,63875544,2025-11-18T12:00:00.627Z,2025-11-18 12:00:00.627000+00:00,3.9e-05,3054.057679,ETH-USD,dydx,DEX,False,0.0
ETH-USD,0.00005675,3045.945295,63881350,2025-11-18T13:00:00.423Z,2025-11-18 13:00:00.423000+00:00,5.675e-05,3045.945295,ETH-USD,dydx,DEX,False,0.0
ETH-USD,0.000045375,3044.1247,63887156,2025-11-18T14:00:00.544Z,2025-11-18 14:00:00.544000+00:00,4.5375e-05,3044.1247,ETH-USD,dydx,DEX,False,0.0
ETH-USD,0.0000245,3057.508242,63893055,2025-11-18T15:00:00.437Z,2025-11-18 15:00:00.437000+00:00,2.45e-05,3057.508242,ETH-USD,dydx,DEX,False,0.0
ETH-USD,0.00004025,3104.947199,63898901,2025-11-18T16:00:00.076Z,2025-11-18 16:00:00.076000+00:00,4.025e-05,3104.947199,ETH-USD,dydx,DEX,False,0.0
ETH-USD,0.00002075,3150.643106,63904657,2025-11-18T17:00:00.470Z,2025-11-18 17:00:00.470000+00:00,2.075e-05,3150.643106,ETH-USD,dydx,DEX,False,0.0
ETH-USD,0.000031625,3134.559181,63910395,2025-11-18T18:00:00.211Z,2025-11-18 18:00:00.211000+00:00,3.1625e-05,3134.559181,ETH-USD,dydx,DEX,False,0.0
ETH-USD,0.00001275,3159.887021,63916161,2025-11-18T19:00:00.087Z,2025-11-18 19:00:00.087000+00:00,1.275e-05,3159.887021,ETH-USD,dydx,DEX,False,0.0
ETH-USD,-0.000013,3144.772091,63921857,2025-11-18T20:00:00.136Z,2025-11-18 20:00:00.136000+00:00,-1.3e-05,3144.772091,ETH-USD,dydx,DEX,False,0.0
ETH-USD,0.00000125,3123.263025,63927599,2025-11-18T21:00:00.525Z,2025-11-18 21:00:00.525000+00:00,1.25e-06,3123.263025,ETH-USD,dydx,DEX,False,0.0
ETH-USD,0.0000425,3096.453982,63933311,2025-11-18T22:00:00.284Z,2025-11-18 22:00:00.284000+00:00,4.25e-05,3096.453982,ETH-USD,dydx,DEX,False,0.0
ETH-USD,0.00005575,3124.2,63939021,2025-11-18T23:00:00.506Z,2025-11-18 23:00:00.506000+00:00,5.575e-05,3124.2,ETH-USD,dydx,DEX,False,0.0
ETH-USD,0.0000585,3124.162751,63944670,2025-11-19T00:00:00.121Z,2025-11-19 00:00:00.121000+00:00,5.85e-05,3124.162751,ETH-USD,dydx,DEX,False,0.0
ETH-USD,0.000045625,3098.577132,63950347,2025-11-19T01:00:00.369Z,2025-11-19 01:00:00.369000+00:00,4.5625e-05,3098.577132,ETH-USD,dydx,DEX,False,0.0
ETH-USD,0.000031125,3103.541264,63956062,2025-11-19T02:00:00.538Z,2025-11-19 02:00:00.538000+00:00,3.1125e-05,3103.541264,ETH-USD,dydx,DEX,False,0.0
ETH-USD,0.00005,3113.334666,63961801,2025-11-19T03:00:00.519Z,2025-11-19 03:00:00.519000+00:00,5e-05,3113.334666,ETH-USD,dydx,DEX,False,0.0
ETH-USD,0.000035625,3072.281087,63967541,2025-11-19T04:00:00.475Z,2025-11-19 04:00:00.475000+00:00,3.5625e-05,3072.281087,ETH-USD,dydx,DEX,False,0.0
ETH-USD,0.000043125,3048.090061,63973330,2025-11-19T05:00:00.180Z,2025-11-19 05:00:00.180000+00:00,4.3125e-05,3048.090061,ETH-USD,dydx,DEX,False,0.0
ETH-USD,0.000021,3014.851089,63979093,2025-11-19T06:00:00.272Z,2025-11-19 06:00:00.272000+00:00,2.1e-05,3014.851089,ETH-USD,dydx,DEX,False,0.0
ETH-USD,0.000016625,3038.633603,63984843,2025-11-19T07:00:00.779Z,2025-11-19 07:00:00.779000+00:00,1.6625e-05,3038.633603,ETH-USD,dydx,DEX,False,0.0
ETH-USD,0.000028625,3083.41,63990528,2025-11-19T08:00:00.069Z,2025-11-19 08:00:00.069000+00:00,2.8625e-05,3083.41,ETH-USD,dydx,DEX,False,0.0
ETH-USD,0.000028875,3078.886533,63996196,2025-11-19T09:00:00.505Z,2025-11-19 09:00:00.505000+00:00,2.8875e-05,3078.886533,ETH-USD,dydx,DEX,False,0.0
ETH-USD,0.000035,3086.054183,64001868,2025-11-19T10:00:00.303Z,2025-11-19 10:00:00.303000+00:00,3.5e-05,3086.054183,ETH-USD,dydx,DEX,False,0.0
ETH-USD,0.000035875,3089.765117,64007568,2025-11-19T11:00:00.164Z,2025-11-19 11:00:00.164000+00:00,3.5875e-05,3089.765117,ETH-USD,dydx,DEX,False,0.0
ETH-USD,0.00004375,3082.1989,64013318,2025-11-19T12:00:00.530Z,2025-11-19 12:00:00.530000+00:00,4.375e-05,3082.1989,ETH-USD,dydx,DEX,False,0.0
ETH-USD,0.000033375,3099.470514,64019102,2025-11-19T13:00:00.564Z,2025-11-19 13:00:00.564000+00:00,3.3375e-05,3099.470514,ETH-USD,dydx,DEX,False,0.0
ETH-USD,0.000024,3066.038574,64024853,2025-11-19T14:00:00.631Z,2025-11-19 14:00:00.631000+00:00,2.4e-05,3066.038574,ETH-USD,dydx,DEX,False,0.0
ETH-USD,0.0000135,3059.076369,64030674,2025-11-19T15:00:00.176Z,2025-11-19 15:00:00.176000+00:00,1.35e-05,3059.076369,ETH-USD,dydx,DEX,False,0.0
ETH-USD,0.0000105,2972.284183,64036324,2025-11-19T16:00:00.349Z,2025-11-19 16:00:00.349000+00:00,1.05e-05,2972.284183,ETH-USD,dydx,DEX,False,0.0
ETH-USD,-0.000000125,2948.120066,64041967,2025-11-19T17:00:00.634Z,2025-11-19 17:00:00.634000+00:00,-1.25e-07,2948.120066,ETH-USD,dydx,DEX,False,0.0
ETH-USD,0.000001875,2920.360531,64047545,2025-11-19T18:00:00.777Z,2025-11-19 18:00:00.777000+00:00,1.875e-06,2920.360531,ETH-USD,dydx,DEX,False,0.0
ETH-USD,0.0000025,2896.283344,64053153,2025-11-19T19:00:00.774Z,2025-11-19 19:00:00.774000+00:00,2.5e-06,2896.283344,ETH-USD,dydx,DEX,False,0.0
ETH-USD,0.000005375,2877.772037,64058841,2025-11-19T20:00:00.269Z,2025-11-19 20:00:00.269000+00:00,5.375e-06,2877.772037,ETH-USD,dydx,DEX,False,0.0
ETH-USD,-0.000003375,2941.545288,64064564,2025-11-19T21:00:00.378Z,2025-11-19 21:00:00.378000+00:00,-3.375e-06,2941.545288,ETH-USD,dydx,DEX,False,0.0
ETH-USD,-0.000020625,2987.491257,64070270,2025-11-19T22:00:00.324Z,2025-11-19 22:00:00.324000+00:00,-2.0625e-05,2987.491257,ETH-USD,dydx,DEX,False,0.0
ETH-USD,-0.000025875,2981.140205,64076066,2025-11-19T23:00:00.563Z,2025-11-19 23:00:00.563000+00:00,-2.5875e-05,2981.140205,ETH-USD,dydx,DEX,False,0.0
ETH-USD,0.00000025,3023.081534,64081797,2025-11-20T00:00:00.187Z,2025-11-20 00:00:00.187000+00:00,2.5e-07,3023.081534,ETH-USD,dydx,DEX,False,0.0
ETH-USD,0.00001375,3017.386091,64087516,2025-11-20T01:00:00.539Z,2025-11-20 01:00:00.539000+00:00,1.375e-05,3017.386091,ETH-USD,dydx,DEX,False,0.0
ETH-USD,0.000000625,3045.607577,64093213,2025-11-20T02:00:00.582Z,2025-11-20 02:00:00.582000+00:00,6.25e-07,3045.607577,ETH-USD,dydx,DEX,False,0.0
ETH-USD,0.00000025,3040.611571,64098903,2025-11-20T03:00:00.356Z,2025-11-20 03:00:00.356000+00:00,2.5e-07,3040.611571,ETH-USD,dydx,DEX,False,0.0
ETH-USD,0.000001375,3038.053139,64104526,2025-11-20T04:00:00.410Z,2025-11-20 04:00:00.410000+00:00,1.375e-06,3038.053139,ETH-USD,dydx,DEX,False,0.0
ETH-USD,-0.000002,3052.833016,64110159,2025-11-20T05:00:00.100Z,2025-11-20 05:00:00.100000+00:00,-2e-06,3052.833016,ETH-USD,dydx,DEX,False,0.0
ETH-USD,0.000002,3032.517216,64115776,2025-11-20T06:00:00.137Z,2025-11-20 06:00:00.137000+00:00,2e-06,3032.517216,ETH-USD,dydx,DEX,False,0.0
ETH-USD,0.000000125,3017.58621,64121404,2025-11-20T07:00:00.316Z,2025-11-20 07:00:00.316000+00:00,1.25e-07,3017.58621,ETH-USD,dydx,DEX,False,0.0
ETH-USD,0.000000875,3036.570743,64127031,2025-11-20T08:00:00.502Z,2025-11-20 08:00:00.502000+00:00,8.75e-07,3036.570743,ETH-USD,dydx,DEX,False,0.0
ETH-USD,-0.00000075,3029.773909,64132593,2025-11-20T09:00:00.695Z,2025-11-20 09:00:00.695000+00:00,-7.5e-07,3029.773909,ETH-USD,dydx,DEX,False,0.0
ETH-USD,-0.00000025,3009.184489,64138218,2025-11-20T10:00:00.692Z,2025-11-20 10:00:00.692000+00:00,-2.5e-07,3009.184489,ETH-USD,dydx,DEX,False,0.0
ETH-USD,0.0000055,3013.279406,64143852,2025-11-20T11:00:00.073Z,2025-11-20 11:00:00.073000+00:00,5.5e-06,3013.279406,ETH-USD,dydx,DEX,False,0.0
ETH-USD,-0.00000075,3021.574897,64149402,2025-11-20T12:00:00.115Z,2025-11-20 12:00:00.115000+00:00,-7.5e-07,3021.574897,ETH-USD,dydx,DEX,False,0.0
ETH-USD,0.00000075,3026.155579,64154898,2025-11-20T13:00:00.640Z,2025-11-20 13:00:00.640000+00:00,7.5e-07,3026.155579,ETH-USD,dydx,DEX,False,0.0
ETH-USD,0.00000025,2997.921662,64160436,2025-11-20T14:00:00.520Z,2025-11-20 14:00:00.520000+00:00,2.5e-07,2997.921662,ETH-USD,dydx,DEX,False,0.0
ETH-USD,0.000004625,2998.940741,64166006,2025-11-20T15:00:00.505Z,2025-11-20 15:00:00.505000+00:00,4.625e-06,2998.940741,ETH-USD,dydx,DEX,False,0.0
ETH-USD,0.00001125,2952.842441,64171585,2025-11-20T16:00:00.059Z,2025-11-20 16:00:00.059000+00:00,1.125e-05,2952.842441,ETH-USD,dydx,DEX,False,0.0
ETH-USD,0.00002475,2859.056848,64177279,2025-11-20T17:00:00.459Z,2025-11-20 17:00:00.459000+00:00,2.475e-05,2859.056848,ETH-USD,dydx,DEX,False,0.0
ETH-USD,0.00001525,2830.61044,64182803,2025-11-20T18:00:00.159Z,2025-11-20 18:00:00.159000+00:00,1.525e-05,2830.61044,ETH-USD,dydx,DEX,False,0.0
ETH-USD,0.000036625,2812.152394,64188448,2025-11-20T19:00:00.473Z,2025-11-20 19:00:00.473000+00:00,3.6625e-05,2812.152394,ETH-USD,dydx,DEX,False,0.0
ETH-USD,0.000009,2844.645691,64194030,2025-11-20T20:00:00.113Z,2025-11-20 20:00:00.113000+00:00,9e-06,2844.645691,ETH-USD,dydx,DEX,False,0.0
ETH-USD,0.000006625,2832.034761,64199695,2025-11-20T21:00:00.334Z,2025-11-20 21:00:00.334000+00:00,6.625e-06,2832.034761,ETH-USD,dydx,DEX,False,0.0
ETH-USD,0.000024125,2877.902097,64205296,2025-11-20T22:00:00.334Z,2025-11-20 22:00:00.334000+00:00,2.4125e-05,2877.902097,ETH-USD,dydx,DEX,False,0.0
ETH-USD,0.0000285,2882.588989,64210927,2025-11-20T23:00:00.597Z,2025-11-20 23:00:00.597000+00:00,2.85e-05,2882.588989,ETH-USD,dydx,DEX,False,0.0
ETH-USD,0.000006125,2831.801376,64216549,2025-11-21T00:00:00.429Z,2025-11-21 00:00:00.429000+00:00,6.125e-06,2831.801376,ETH-USD,dydx,DEX,False,0.0
ETH-USD,0.000012875,2858.336082,64222137,2025-11-21T01:00:00.214Z,2025-11-21 01:00:00.214000+00:00,1.2875e-05,2858.336082,ETH-USD,dydx,DEX,False,0.0
ETH-USD,0.000015,2859.260739,64227686,2025-11-21T02:00:00.481Z,2025-11-21 02:00:00.481000+00:00,1.5e-05,2859.260739,ETH-USD,dydx,DEX,False,0.0
ETH-USD,0.0000005,2781.329161,64233252,2025-11-21T03:00:00.331Z,2025-11-21 03:00:00.331000+00:00,5e-07,2781.329161,ETH-USD,dydx,DEX,False,0.0
ETH-USD,0.00000275,2807.416576,64238814,2025-11-21T04:00:00.854Z,2025-11-21 04:00:00.854000+00:00,2.75e-06,2807.416576,ETH-USD,dydx,DEX,False,0.0
ETH-USD,0.000004875,2815.215851,64244398,2025-11-21T05:00:00.372Z,2025-11-21 05:00:00.372000+00:00,4.875e-06,2815.215851,ETH-USD,dydx,DEX,False,0.0
ETH-USD,0.000013625,2807.050464,64250039,2025-11-21T06:00:00.328Z,2025-11-21 06:00:00.328000+00:00,1.3625e-05,2807.050464,ETH-USD,dydx,DEX,False,0.0
ETH-USD,0.00000925,2788.230592,64255719,2025-11-21T07:00:00.074Z,2025-11-21 07:00:00.074000+00:00,9.25e-06,2788.230592,ETH-USD,dydx,DEX,False,0.0
ETH-USD,-0.00000875,2717.553825,64261594,2025-11-21T08:00:00.436Z,2025-11-21 08:00:00.436000+00:00,-8.75e-06,2717.553825,ETH-USD,dydx,DEX,False,0.0
ETH-USD,0.000002,2734.481352,64267427,2025-11-21T09:00:00.500Z,2025-11-21 09:00:00.500000+00:00,2e-06,2734.481352,ETH-USD,dydx,DEX,False,0.0
ETH-USD,-0.00000675,2678.404422,64273223,2025-11-21T10:00:00.342Z,2025-11-21 10:00:00.342000+00:00,-6.75e-06,2678.404422,ETH-USD,dydx,DEX,False,0.0
ETH-USD,-0.00000675,2678.404422,64273223,2025-11-21T10:00:00.342Z,2025-11-21 10:00:00.342000+00:00,-6.75e-06,2678.404422,ETH-USD,dydx,DEX,False,0.0
ETH-USD,0.00000725,2693.824533,64279065,2025-11-21T11:00:00.038Z,2025-11-21 11:00:00.038000+00:00,7.25e-06,2693.824533,ETH-USD,dydx,DEX,False,0.0
ETH-USD,0.00001375,2685.194805,64284818,2025-11-21T12:00:00.071Z,2025-11-21 12:00:00.071000+00:00,1.375e-05,2685.194805,ETH-USD,dydx,DEX,False,0.0
ETH-USD,0.00000275,2724.26331,64290346,2025-11-21T13:00:00.139Z,2025-11-21 13:00:00.139000+00:00,2.75e-06,2724.26331,ETH-USD,dydx,DEX,False,0.0
ETH-USD,0.00000625,2738.291708,64295942,2025-11-21T14:00:00.335Z,2025-11-21 14:00:00.335000+00:00,6.25e-06,2738.291708,ETH-USD,dydx,DEX,False,0.0
ETH-USD,0.000001625,2767.83,64301473,2025-11-21T15:00:00.362Z,2025-11-21 15:00:00.362000+00:00,1.625e-06,2767.83,ETH-USD,dydx,DEX,False,0.0
ETH-USD,0.00000325,2702.238433,64307065,2025-11-21T16:00:00.208Z,2025-11-21 16:00:00.208000+00:00,3.25e-06,2702.238433,ETH-USD,dydx,DEX,False,0.0
ETH-USD,0.000004875,2760.92,64312581,2025-11-21T17:00:00.451Z,2025-11-21 17:00:00.451000+00:00,4.875e-06,2760.92,ETH-USD,dydx,DEX,False,0.0
ETH-USD,0.000009125,2778.662802,64318204,2025-11-21T18:00:00.592Z,2025-11-21 18:00:00.592000+00:00,9.125e-06,2778.662802,ETH-USD,dydx,DEX,False,0.0
ETH-USD,0.0000135,2777.253647,64323853,2025-11-21T19:00:00.424Z,2025-11-21 19:00:00.424000+00:00,1.35e-05,2777.253647,ETH-USD,dydx,DEX,False,0.0
ETH-USD,-0.000017125,2750.358521,64329480,2025-11-21T20:00:00.378Z,2025-11-21 20:00:00.378000+00:00,-1.7125e-05,2750.358521,ETH-USD,dydx,DEX,False,0.0
ETH-USD,-0.000001375,2735.35869,64335175,2025-11-21T21:00:00.567Z,2025-11-21 21:00:00.567000+00:00,-1.375e-06,2735.35869,ETH-USD,dydx,DEX,False,0.0
ETH-USD,0.000007875,2765.237381,64340807,2025-11-21T22:00:00.452Z,2025-11-21 22:00:00.452000+00:00,7.875e-06,2765.237381,ETH-USD,dydx,DEX,False,0.0
ETH-USD,0.000004625,2720.903017,64346456,2025-11-21T23:00:00.301Z,2025-11-21 23:00:00.301000+00:00,4.625e-06,2720.903017,ETH-USD,dydx,DEX,False,0.0
ETH-USD,0.000003,2764.347826,64352038,2025-11-22T00:00:00.398Z,2025-11-22 00:00:00.398000+00:00,3e-06,2764.347826,ETH-USD,dydx,DEX,False,0.0
ETH-USD,0.000001625,2764.048936,64357667,2025-11-22T01:00:00.151Z,2025-11-22 01:00:00.151000+00:00,1.625e-06,2764.048936,ETH-USD,dydx,DEX,False,0.0
ETH-USD,0.000005125,2772.183908,64363243,2025-11-22T02:00:00.293Z,2025-11-22 02:00:00.293000+00:00,5.125e-06,2772.183908,ETH-USD,dydx,DEX,False,0.0
ETH-USD,0.000001375,2751.686099,64368866,2025-11-22T03:00:00.279Z,2025-11-22 03:00:00.279000+00:00,1.375e-06,2751.686099,ETH-USD,dydx,DEX,False,0.0
ETH-USD,0.0000085,2751.72608,64374487,2025-11-22T04:00:00.545Z,2025-11-22 04:00:00.545000+00:00,8.5e-06,2751.72608,ETH-USD,dydx,DEX,False,0.0
ETH-USD,0.00000325,2745.627186,64380159,2025-11-22T05:00:00.342Z,2025-11-22 05:00:00.342000+00:00,3.25e-06,2745.627186,ETH-USD,dydx,DEX,False,0.0
ETH-USD,0.000005,2742.902838,64385815,2025-11-22T06:00:00.161Z,2025-11-22 06:00:00.161000+00:00,5e-06,2742.902838,ETH-USD,dydx,DEX,False,0.0
ETH-USD,0.000000875,2764.560268,64391421,2025-11-22T07:00:00.038Z,2025-11-22 07:00:00.038000+00:00,8.75e-07,2764.560268,ETH-USD,dydx,DEX,False,0.0
ETH-USD,0.000012875,2755.085956,64397038,2025-11-22T08:00:00.026Z,2025-11-22 08:00:00.026000+00:00,1.2875e-05,2755.085956,ETH-USD,dydx,DEX,False,0.0
ETH-USD,0.000003375,2729.364071,64402791,2025-11-22T09:00:00.086Z,2025-11-22 09:00:00.086000+00:00,3.375e-06,2729.364071,ETH-USD,dydx,DEX,False,0.0
ETH-USD,0.000007625,2723.483994,64408494,2025-11-22T10:00:00.420Z,2025-11-22 10:00:00.420000+00:00,7.625e-06,2723.483994,ETH-USD,dydx,DEX,False,0.0
ETH-USD,0.000001875,2711.51213,64414155,2025-11-22T11:00:00.240Z,2025-11-22 11:00:00.240000+00:00,1.875e-06,2711.51213,ETH-USD,dydx,DEX,False,0.0
ETH-USD,0.000038625,2734.352823,64419877,2025-11-22T12:00:00.409Z,2025-11-22 12:00:00.409000+00:00,3.8625e-05,2734.352823,ETH-USD,dydx,DEX,False,0.0
ETH-USD,0.00003325,2721.003698,64425649,2025-11-22T13:00:00.722Z,2025-11-22 13:00:00.722000+00:00,3.325e-05,2721.003698,ETH-USD,dydx,DEX,False,0.0
ETH-USD,0.000030125,2717.374199,64431252,2025-11-22T14:00:00.562Z,2025-11-22 14:00:00.562000+00:00,3.0125e-05,2717.374199,ETH-USD,dydx,DEX,False,0.0
ETH-USD,0.000026625,2744.356692,64436934,2025-11-22T15:00:00.262Z,2025-11-22 15:00:00.262000+00:00,2.6625e-05,2744.356692,ETH-USD,dydx,DEX,False,0.0
ETH-USD,0.00003025,2738.700024,64442555,2025-11-22T16:00:00.403Z,2025-11-22 16:00:00.403000+00:00,3.025e-05,2738.700024,ETH-USD,dydx,DEX,False,0.0
ETH-USD,0.000027375,2754.16223,64448308,2025-11-22T17:00:00.144Z,2025-11-22 17:00:00.144000+00:00,2.7375e-05,2754.16223,ETH-USD,dydx,DEX,False,0.0
ETH-USD,0.0000275,2749.770091,64454028,2025-11-22T18:00:00.301Z,2025-11-22 18:00:00.301000+00:00,2.75e-05,2749.770091,ETH-USD,dydx,DEX,False,0.0
ETH-USD,0.0000265,2751.49555,64459783,2025-11-22T19:00:00.697Z,2025-11-22 19:00:00.697000+00:00,2.65e-05,2751.49555,ETH-USD,dydx,DEX,False,0.0
ETH-USD,0.000027,2750.39984,64465486,2025-11-22T20:00:00.586Z,2025-11-22 20:00:00.586000+00:00,2.7e-05,2750.39984,ETH-USD,dydx,DEX,False,0.0
ETH-USD,0.000026375,2740.163934,64471240,2025-11-22T21:00:00.171Z,2025-11-22 21:00:00.171000+00:00,2.6375e-05,2740.163934,ETH-USD,dydx,DEX,False,0.0
ETH-USD,0.000039125,2746.805958,64476999,2025-11-22T22:00:00.249Z,2025-11-22 22:00:00.249000+00:00,3.9125e-05,2746.805958,ETH-USD,dydx,DEX,False,0.0
ETH-USD,0.000034375,2788.194276,64482759,2025-11-22T23:00:00.329Z,2025-11-22 23:00:00.329000+00:00,3.4375e-05,2788.194276,ETH-USD,dydx,DEX,False,0.0
ETH-USD,0.0000335,2768.862455,64488356,2025-11-23T00:00:00.284Z,2025-11-23 00:00:00.284000+00:00,3.35e-05,2768.862455,ETH-USD,dydx,DEX,False,0.0
ETH-USD,0.000028625,2770.711715,64494053,2025-11-23T01:00:00.830Z,2025-11-23 01:00:00.830000+00:00,2.8625e-05,2770.711715,ETH-USD,dydx,DEX,False,0.0
ETH-USD,0.000035,2807.706917,64499685,2025-11-23T02:00:00.557Z,2025-11-23 02:00:00.557000+00:00,3.5e-05,2807.706917,ETH-USD,dydx,DEX,False,0.0
ETH-USD,0.00003175,2819.266485,64505425,2025-11-23T03:00:00.074Z,2025-11-23 03:00:00.074000+00:00,3.175e-05,2819.266485,ETH-USD,dydx,DEX,False,0.0
ETH-USD,0.0000225,2823.502949,64511088,2025-11-23T04:00:00.516Z,2025-11-23 04:00:00.516000+00:00,2.25e-05,2823.502949,ETH-USD,dydx,DEX,False,0.0
ETH-USD,0.000016,2826.681995,64516857,2025-11-23T05:00:00.375Z,2025-11-23 05:00:00.375000+00:00,1.6e-05,2826.681995,ETH-USD,dydx,DEX,False,0.0
ETH-USD,0.000014375,2824.293086,64522565,2025-11-23T06:00:00.293Z,2025-11-23 06:00:00.293000+00:00,1.4375e-05,2824.293086,ETH-USD,dydx,DEX,False,0.0
ETH-USD,0.00000525,2809.337198,64528253,2025-11-23T07:00:00.903Z,2025-11-23 07:00:00.903000+00:00,5.25e-06,2809.337198,ETH-USD,dydx,DEX,False,0.0
ETH-USD,0.000013125,2793.202039,64534003,2025-11-23T08:00:00.328Z,2025-11-23 08:00:00.328000+00:00,1.3125e-05,2793.202039,ETH-USD,dydx,DEX,False,0.0
ETH-USD,0.00001075,2810.700288,64539738,2025-11-23T09:00:00.454Z,2025-11-23 09:00:00.454000+00:00,1.075e-05,2810.700288,ETH-USD,dydx,DEX,False,0.0
ETH-USD,0.000002625,2815.215435,64545472,2025-11-23T10:00:00.203Z,2025-11-23 10:00:00.203000+00:00,2.625e-06,2815.215435,ETH-USD,dydx,DEX,False,0.0
ETH-USD,0.000007125,2807.676929,64551239,2025-11-23T11:00:00.483Z,2025-11-23 11:00:00.483000+00:00,7.125e-06,2807.676929,ETH-USD,dydx,DEX,False,0.0
ETH-USD,0.00000625,2814.435669,64556948,2025-11-23T12:00:00.582Z,2025-11-23 12:00:00.582000+00:00,6.25e-06,2814.435669,ETH-USD,dydx,DEX,False,0.0
ETH-USD,-0.00000175,2833.387834,64562509,2025-11-23T13:00:00.323Z,2025-11-23 13:00:00.323000+00:00,-1.75e-06,2833.387834,ETH-USD,dydx,DEX,False,0.0
ETH-USD,0.000008625,2841.39,64568034,2025-11-23T14:00:00.116Z,2025-11-23 14:00:00.116000+00:00,8.625e-06,2841.39,ETH-USD,dydx,DEX,False,0.0
ETH-USD,0.000002125,2813.415975,64573532,2025-11-23T15:00:00.439Z,2025-11-23 15:00:00.439000+00:00,2.125e-06,2813.415975,ETH-USD,dydx,DEX,False,0.0
ETH-USD,0.0000065,2835.772845,64578954,2025-11-23T16:00:00.363Z,2025-11-23 16:00:00.363000+00:00,6.5e-06,2835.772845,ETH-USD,dydx,DEX,False,0.0
ETH-USD,0.000001875,2798.886108,64584382,2025-11-23T17:00:00.466Z,2025-11-23 17:00:00.466000+00:00,1.875e-06,2798.886108,ETH-USD,dydx,DEX,False,0.0
ETH-USD,0.000001,2792.162351,64589779,2025-11-23T18:00:00.290Z,2025-11-23 18:00:00.290000+00:00,1e-06,2792.162351,ETH-USD,dydx,DEX,False,0.0
ETH-USD,0.00000075,2807.19856,64595215,2025-11-23T19:00:00.011Z,2025-11-23 19:00:00.011000+00:00,7.5e-07,2807.19856,ETH-USD,dydx,DEX,False,0.0
ETH-USD,0.00000075,2822.447755,64600593,2025-11-23T20:00:00.543Z,2025-11-23 20:00:00.543000+00:00,7.5e-07,2822.447755,ETH-USD,dydx,DEX,False,0.0
ETH-USD,-0.000004,2828.984203,64606038,2025-11-23T21:00:00.117Z,2025-11-23 21:00:00.117000+00:00,-4e-06,2828.984203,ETH-USD,dydx,DEX,False,0.0
ETH-USD,-0.000000375,2841.881623,64611479,2025-11-23T22:00:00.003Z,2025-11-23 22:00:00.003000+00:00,-3.75e-07,2841.881623,ETH-USD,dydx,DEX,False,0.0
ETH-USD,-0.000000625,2837.701622,64616950,2025-11-23T23:00:00.175Z,2025-11-23 23:00:00.175000+00:00,-6.25e-07,2837.701622,ETH-USD,dydx,DEX,False,0.0
ETH-USD,-0.00000025,2802.205665,64622410,2025-11-24T00:00:00.017Z,2025-11-24 00:00:00.017000+00:00,-2.5e-07,2802.205665,ETH-USD,dydx,DEX,False,0.0
ETH-USD,-0.000000625,2788.512301,64627848,2025-11-24T01:00:00.025Z,2025-11-24 01:00:00.025000+00:00,-6.25e-07,2788.512301,ETH-USD,dydx,DEX,False,0.0
ETH-USD,0.000000625,2805.742942,64633235,2025-11-24T02:00:00.171Z,2025-11-24 02:00:00.171000+00:00,6.25e-07,2805.742942,ETH-USD,dydx,DEX,False,0.0
ETH-USD,0.000004125,2839.332133,64638790,2025-11-24T03:00:00.339Z,2025-11-24 03:00:00.339000+00:00,4.125e-06,2839.332133,ETH-USD,dydx,DEX,False,0.0
ETH-USD,0.000008,2856.897495,64644265,2025-11-24T04:00:00.677Z,2025-11-24 04:00:00.677000+00:00,8e-06,2856.897495,ETH-USD,dydx,DEX,False,0.0
ETH-USD,-0.00000175,2824.977502,64649769,2025-11-24T05:00:00.153Z,2025-11-24 05:00:00.153000+00:00,-1.75e-06,2824.977502,ETH-USD,dydx,DEX,False,0.0
ETH-USD,0.000004125,2865.990108,64655233,2025-11-24T06:00:00.357Z,2025-11-24 06:00:00.357000+00:00,4.125e-06,2865.990108,ETH-USD,dydx,DEX,False,0.0
ETH-USD,-0.00000025,2837.726124,64660764,2025-11-24T07:00:00.025Z,2025-11-24 07:00:00.025000+00:00,-2.5e-07,2837.726124,ETH-USD,dydx,DEX,False,0.0
ETH-USD,0.000001375,2828.784243,64666269,2025-11-24T08:00:00.576Z,2025-11-24 08:00:00.576000+00:00,1.375e-06,2828.784243,ETH-USD,dydx,DEX,False,0.0
ETH-USD,0.000005125,2838.251468,64671740,2025-11-24T09:00:00.257Z,2025-11-24 09:00:00.257000+00:00,5.125e-06,2838.251468,ETH-USD,dydx,DEX,False,0.0
ETH-USD,0.000005625,2795.94126,64677184,2025-11-24T10:00:00.626Z,2025-11-24 10:00:00.626000+00:00,5.625e-06,2795.94126,ETH-USD,dydx,DEX,False,0.0
ETH-USD,0.0000065,2798.748008,64682743,2025-11-24T11:00:00.339Z,2025-11-24 11:00:00.339000+00:00,6.5e-06,2798.748008,ETH-USD,dydx,DEX,False,0.0
ETH-USD,0.00000275,2802.45,64688407,2025-11-24T12:00:00.014Z,2025-11-24 12:00:00.014000+00:00,2.75e-06,2802.45,ETH-USD,dydx,DEX,False,0.0
ETH-USD,0.000007625,2803.429314,64694034,2025-11-24T13:00:00.024Z,2025-11-24 13:00:00.024000+00:00,7.625e-06,2803.429314,ETH-USD,dydx,DEX,False,0.0
ETH-USD,0.000006,2814.677064,64699702,2025-11-24T14:00:00.460Z,2025-11-24 14:00:00.460000+00:00,6e-06,2814.677064,ETH-USD,dydx,DEX,False,0.0
ETH-USD,0.00000225,2828.411482,64705332,2025-11-24T15:00:00.584Z,2025-11-24 15:00:00.584000+00:00,2.25e-06,2828.411482,ETH-USD,dydx,DEX,False,0.0
ETH-USD,0.000002,2845.46636,64710846,2025-11-24T16:00:00.393Z,2025-11-24 16:00:00.393000+00:00,2e-06,2845.46636,ETH-USD,dydx,DEX,False,0.0
ETH-USD,-0.000007625,2857.777087,64716476,2025-11-24T17:00:00.379Z,2025-11-24 17:00:00.379000+00:00,-7.625e-06,2857.777087,ETH-USD,dydx,DEX,False,0.0
ETH-USD,-0.000008125,2939.58,64722062,2025-11-24T18:00:00.098Z,2025-11-24 18:00:00.098000+00:00,-8.125e-06,2939.58,ETH-USD,dydx,DEX,False,0.0
ETH-USD,-0.000042375,2957.344265,64727746,2025-11-24T19:00:00.278Z,2025-11-24 19:00:00.278000+00:00,-4.2375e-05,2957.344265,ETH-USD,dydx,DEX,False,0.0
ETH-USD,-0.000026875,2957.853184,64733382,2025-11-24T20:00:00.136Z,2025-11-24 20:00:00.136000+00:00,-2.6875e-05,2957.853184,ETH-USD,dydx,DEX,False,0.0
ETH-USD,0.000024625,2974.06,64738993,2025-11-24T21:00:00.371Z,2025-11-24 21:00:00.371000+00:00,2.4625e-05,2974.06,ETH-USD,dydx,DEX,False,0.0
ETH-USD,0.0000405,2958.696532,64744580,2025-11-24T22:00:00.574Z,2025-11-24 22:00:00.574000+00:00,4.05e-05,2958.696532,ETH-USD,dydx,DEX,False,0.0
ETH-USD,0.000033625,2960.994761,64750169,2025-11-24T23:00:00.054Z,2025-11-24 23:00:00.054000+00:00,3.3625e-05,2960.994761,ETH-USD,dydx,DEX,False,0.0
ETH-USD,0.000019375,2952.902045,64755805,2025-11-25T00:00:00.783Z,2025-11-25 00:00:00.783000+00:00,1.9375e-05,2952.902045,ETH-USD,dydx,DEX,False,0.0
ETH-USD,0.00000575,2941.822087,64761485,2025-11-25T01:00:00.259Z,2025-11-25 01:00:00.259000+00:00,5.75e-06,2941.822087,ETH-USD,dydx,DEX,False,0.0
ETH-USD,0.0000065,2919.297613,64767153,2025-11-25T02:00:00.146Z,2025-11-25 02:00:00.146000+00:00,6.5e-06,2919.297613,ETH-USD,dydx,DEX,False,0.0
ETH-USD,0.00000025,2929.27,64772850,2025-11-25T03:00:00.523Z,2025-11-25 03:00:00.523000+00:00,2.5e-07,2929.27,ETH-USD,dydx,DEX,False,0.0
ETH-USD,0.000002625,2912.423308,64778488,2025-11-25T04:00:00.053Z,2025-11-25 04:00:00.053000+00:00,2.625e-06,2912.423308,ETH-USD,dydx,DEX,False,0.0
ETH-USD,0.000005,2938.822235,64784244,2025-11-25T05:00:00.074Z,2025-11-25 05:00:00.074000+00:00,5e-06,2938.822235,ETH-USD,dydx,DEX,False,0.0
ETH-USD,0.000004125,2928.61923,64789991,2025-11-25T06:00:00.260Z,2025-11-25 06:00:00.260000+00:00,4.125e-06,2928.61923,ETH-USD,dydx,DEX,False,0.0
ETH-USD,0.000001125,2923.586853,64795745,2025-11-25T07:00:00.016Z,2025-11-25 07:00:00.016000+00:00,1.125e-06,2923.586853,ETH-USD,dydx,DEX,False,0.0
ETH-USD,0,2901.819818,64801449,2025-11-25T08:00:00.271Z,2025-11-25 08:00:00.271000+00:00,0.0,2901.819818,ETH-USD,dydx,DEX,False,0.0
ETH-USD,0,2870.27036,64807063,2025-11-25T09:00:00.117Z,2025-11-25 09:00:00.117000+00:00,0.0,2870.27036,ETH-USD,dydx,DEX,False,0.0
ETH-USD,0.00005525,2891.180881,64812678,2025-11-25T10:00:00.555Z,2025-11-25 10:00:00.555000+00:00,5.525e-05,2891.180881,ETH-USD,dydx,DEX,False,0.0
ETH-USD,0.000037625,2898.51,64818286,2025-11-25T11:00:00.133Z,2025-11-25 11:00:00.133000+00:00,3.7625e-05,2898.51,ETH-USD,dydx,DEX,False,0.0
ETH-USD,0.000016875,2891.18,64823865,2025-11-25T12:00:00.451Z,2025-11-25 12:00:00.451000+00:00,1.6875e-05,2891.18,ETH-USD,dydx,DEX,False,0.0
ETH-USD,0.00001175,2926.374725,64829446,2025-11-25T13:00:00.042Z,2025-11-25 13:00:00.042000+00:00,1.175e-05,2926.374725,ETH-USD,dydx,DEX,False,0.0
ETH-USD,0.00001175,2926.374725,64829446,2025-11-25T13:00:00.042Z,2025-11-25 13:00:00.042000+00:00,1.175e-05,2926.374725,ETH-USD,dydx,DEX,False,0.0
ETH-USD,0.00001375,2906.901258,64834994,2025-11-25T14:00:00.313Z,2025-11-25 14:00:00.313000+00:00,1.375e-05,2906.901258,ETH-USD,dydx,DEX,False,0.0
ETH-USD,0.000015,2880.33446,64840648,2025-11-25T15:00:00.285Z,2025-11-25 15:00:00.285000+00:00,1.5e-05,2880.33446,ETH-USD,dydx,DEX,False,0.0
ETH-USD,0.000034625,2893.53168,64846200,2025-11-25T16:00:00.508Z,2025-11-25 16:00:00.508000+00:00,3.4625e-05,2893.53168,ETH-USD,dydx,DEX,False,0.0
ETH-USD,0.0000175,2929.54818,64851753,2025-11-25T17:00:00.486Z,2025-11-25 17:00:00.486000+00:00,1.75e-05,2929.54818,ETH-USD,dydx,DEX,False,0.0
ETH-USD,0.000008625,2935.85836,64857325,2025-11-25T18:00:00.092Z,2025-11-25 18:00:00.092000+00:00,8.625e-06,2935.85836,ETH-USD,dydx,DEX,False,0.0
ETH-USD,0,2924.065186,64862873,2025-11-25T19:00:00.085Z,2025-11-25 19:00:00.085000+00:00,0.0,2924.065186,ETH-USD,dydx,DEX,False,0.0
ETH-USD,0.00002025,2922.981415,64868362,2025-11-25T20:00:00.026Z,2025-11-25 20:00:00.026000+00:00,2.025e-05,2922.981415,ETH-USD,dydx,DEX,False,0.0
ETH-USD,0.000021375,2928.314337,64873892,2025-11-25T21:00:00.531Z,2025-11-25 21:00:00.531000+00:00,2.1375e-05,2928.314337,ETH-USD,dydx,DEX,False,0.0
ETH-USD,0.000018625,2931.460561,64879393,2025-11-25T22:00:00.037Z,2025-11-25 22:00:00.037000+00:00,1.8625e-05,2931.460561,ETH-USD,dydx,DEX,False,0.0
ETH-USD,0.000019375,2970.758505,64884957,2025-11-25T23:00:00.633Z,2025-11-25 23:00:00.633000+00:00,1.9375e-05,2970.758505,ETH-USD,dydx,DEX,False,0.0
ETH-USD,0.000023875,2959.84803,64890525,2025-11-26T00:00:00.127Z,2025-11-26 00:00:00.127000+00:00,2.3875e-05,2959.84803,ETH-USD,dydx,DEX,False,0.0
ETH-USD,0.00002725,2952.993383,64896126,2025-11-26T01:00:00.405Z,2025-11-26 01:00:00.405000+00:00,2.725e-05,2952.993383,ETH-USD,dydx,DEX,False,0.0
ETH-USD,0.000021625,2970.282971,64901723,2025-11-26T02:00:00.184Z,2025-11-26 02:00:00.184000+00:00,2.1625e-05,2970.282971,ETH-USD,dydx,DEX,False,0.0
ETH-USD,0.000019625,2955.733014,64907342,2025-11-26T03:00:00.362Z,2025-11-26 03:00:00.362000+00:00,1.9625e-05,2955.733014,ETH-USD,dydx,DEX,False,0.0
ETH-USD,0.00001225,2925.407198,64912980,2025-11-26T04:00:00.117Z,2025-11-26 04:00:00.117000+00:00,1.225e-05,2925.407198,ETH-USD,dydx,DEX,False,0.0
ETH-USD,0.0000065,2929.861041,64918623,2025-11-26T05:00:00.471Z,2025-11-26 05:00:00.471000+00:00,6.5e-06,2929.861041,ETH-USD,dydx,DEX,False,0.0
ETH-USD,0.000000625,2943.465653,64924265,2025-11-26T06:00:00.404Z,2025-11-26 06:00:00.404000+00:00,6.25e-07,2943.465653,ETH-USD,dydx,DEX,False,0.0
ETH-USD,0.00000475,2946.61,64929950,2025-11-26T07:00:00.293Z,2025-11-26 07:00:00.293000+00:00,4.75e-06,2946.61,ETH-USD,dydx,DEX,False,0.0
ETH-USD,0.0000035,2943.985601,64935627,2025-11-26T08:00:00.347Z,2025-11-26 08:00:00.347000+00:00,3.5e-06,2943.985601,ETH-USD,dydx,DEX,False,0.0
ETH-USD,0.000004375,2912.44751,64941193,2025-11-26T09:00:00.337Z,2025-11-26 09:00:00.337000+00:00,4.375e-06,2912.44751,ETH-USD,dydx,DEX,False,0.0
ETH-USD,-0.00000625,2906.419358,64946774,2025-11-26T10:00:00.257Z,2025-11-26 10:00:00.257000+00:00,-6.25e-06,2906.419358,ETH-USD,dydx,DEX,False,0.0
ETH-USD,0.000004375,2913.815098,64952382,2025-11-26T11:00:00.174Z,2025-11-26 11:00:00.174000+00:00,4.375e-06,2913.815098,ETH-USD,dydx,DEX,False,0.0
ETH-USD,0.000004625,2912.54,64958030,2025-11-26T12:00:00.142Z,2025-11-26 12:00:00.142000+00:00,4.625e-06,2912.54,ETH-USD,dydx,DEX,False,0.0
ETH-USD,-0.000002125,2902.209779,64963783,2025-11-26T13:00:00.102Z,2025-11-26 13:00:00.102000+00:00,-2.125e-06,2902.209779,ETH-USD,dydx,DEX,False,0.0
ETH-USD,0.000002125,2934.313137,64969374,2025-11-26T14:00:00.509Z,2025-11-26 14:00:00.509000+00:00,2.125e-06,2934.313137,ETH-USD,dydx,DEX,False,0.0
ETH-USD,-0.00000875,2907.055796,64975041,2025-11-26T15:00:00.005Z,2025-11-26 15:00:00.005000+00:00,-8.75e-06,2907.055796,ETH-USD,dydx,DEX,False,0.0
ETH-USD,-0.000022375,2927.339759,64980724,2025-11-26T16:00:00.037Z,2025-11-26 16:00:00.037000+00:00,-2.2375e-05,2927.339759,ETH-USD,dydx,DEX,False,0.0
ETH-USD,-0.000018375,2946.490037,64986423,2025-11-26T17:00:00.758Z,2025-11-26 17:00:00.758000+00:00,-1.8375e-05,2946.490037,ETH-USD,dydx,DEX,False,0.0
ETH-USD,0.00000825,3027.598891,64992099,2025-11-26T18:00:00.068Z,2025-11-26 18:00:00.068000+00:00,8.25e-06,3027.598891,ETH-USD,dydx,DEX,False,0.0
ETH-USD,0.000007,3033.51,64997761,2025-11-26T19:00:00.266Z,2025-11-26 19:00:00.266000+00:00,7e-06,3033.51,ETH-USD,dydx,DEX,False,0.0
ETH-USD,0.000010875,3031.2,65003421,2025-11-26T20:00:00.015Z,2025-11-26 20:00:00.015000+00:00,1.0875e-05,3031.2,ETH-USD,dydx,DEX,False,0.0
ETH-USD,-0.000028125,3025.09,65009146,2025-11-26T21:00:00.275Z,2025-11-26 21:00:00.275000+00:00,-2.8125e-05,3025.09,ETH-USD,dydx,DEX,False,0.0
ETH-USD,-0.000047625,3023.1,65014805,2025-11-26T22:00:00.558Z,2025-11-26 22:00:00.558000+00:00,-4.7625e-05,3023.1,ETH-USD,dydx,DEX,False,0.0
ETH-USD,-0.000041375,3028.00222,65020489,2025-11-26T23:00:00.448Z,2025-11-26 23:00:00.448000+00:00,-4.1375e-05,3028.00222,ETH-USD,dydx,DEX,False,0.0
ETH-USD,-0.0000125,3028.05632,65026158,2025-11-27T00:00:00.219Z,2025-11-27 00:00:00.219000+00:00,-1.25e-05,3028.05632,ETH-USD,dydx,DEX,False,0.0
ETH-USD,-0.000015875,3034.82,65031807,2025-11-27T01:00:00.486Z,2025-11-27 01:00:00.486000+00:00,-1.5875e-05,3034.82,ETH-USD,dydx,DEX,False,0.0
ETH-USD,-0.000019375,3053.035,65037366,2025-11-27T02:00:00.373Z,2025-11-27 02:00:00.373000+00:00,-1.9375e-05,3053.035,ETH-USD,dydx,DEX,False,0.0
ETH-USD,-0.00001375,3037.360746,65043013,2025-11-27T03:00:00.034Z,2025-11-27 03:00:00.034000+00:00,-1.375e-05,3037.360746,ETH-USD,dydx,DEX,False,0.0
ETH-USD,-0.000022375,3033.499664,65048668,2025-11-27T04:00:00.216Z,2025-11-27 04:00:00.216000+00:00,-2.2375e-05,3033.499664,ETH-USD,dydx,DEX,False,0.0
ETH-USD,-0.000023375,3041.329586,65054320,2025-11-27T05:00:00.121Z,2025-11-27 05:00:00.121000+00:00,-2.3375e-05,3041.329586,ETH-USD,dydx,DEX,False,0.0
ETH-USD,-0.000023125,3023.432343,65059990,2025-11-27T06:00:00.339Z,2025-11-27 06:00:00.339000+00:00,-2.3125e-05,3023.432343,ETH-USD,dydx,DEX,False,0.0
ETH-USD,-0.00001925,3027.7,65065635,2025-11-27T07:00:00.087Z,2025-11-27 07:00:00.087000+00:00,-1.925e-05,3027.7,ETH-USD,dydx,DEX,False,0.0
ETH-USD,-0.000014375,3034.07,65071370,2025-11-27T08:00:00.293Z,2025-11-27 08:00:00.293000+00:00,-1.4375e-05,3034.07,ETH-USD,dydx,DEX,False,0.0
ETH-USD,-0.000024,3028.60286,65077068,2025-11-27T09:00:00.321Z,2025-11-27 09:00:00.321000+00:00,-2.4e-05,3028.60286,ETH-USD,dydx,DEX,False,0.0
ETH-USD,-0.00002625,3028.05,65082810,2025-11-27T10:00:00.511Z,2025-11-27 10:00:00.511000+00:00,-2.625e-05,3028.05,ETH-USD,dydx,DEX,False,0.0
ETH-USD,-0.000022625,3034.913491,65088558,2025-11-27T11:00:00.537Z,2025-11-27 11:00:00.537000+00:00,-2.2625e-05,3034.913491,ETH-USD,dydx,DEX,False,0.0
ETH-USD,-0.00002325,3028.54,65094280,2025-11-27T12:00:00.219Z,2025-11-27 12:00:00.219000+00:00,-2.325e-05,3028.54,ETH-USD,dydx,DEX,False,0.0
ETH-USD,-0.0000245,2992.333014,65100025,2025-11-27T13:00:00.633Z,2025-11-27 13:00:00.633000+00:00,-2.45e-05,2992.333014,ETH-USD,dydx,DEX,False,0.0
ETH-USD,-0.000010125,2996.02996,65105758,2025-11-27T14:00:00.004Z,2025-11-27 14:00:00.004000+00:00,-1.0125e-05,2996.02996,ETH-USD,dydx,DEX,False,0.0
ETH-USD,-0.00001225,2996.710064,65111614,2025-11-27T15:00:00.280Z,2025-11-27 15:00:00.280000+00:00,-1.225e-05,2996.710064,ETH-USD,dydx,DEX,False,0.0
ETH-USD,-0.000012,3010,65117447,2025-11-27T16:00:00.026Z,2025-11-27 16:00:00.026000+00:00,-1.2e-05,3010.0,ETH-USD,dydx,DEX,False,0.0
ETH-USD,-0.000028125,3020.92004,65123277,2025-11-27T17:00:00.033Z,2025-11-27 17:00:00.033000+00:00,-2.8125e-05,3020.92004,ETH-USD,dydx,DEX,False,0.0
ETH-USD,-0.000022625,3020,65128992,2025-11-27T18:00:00.326Z,2025-11-27 18:00:00.326000+00:00,-2.2625e-05,3020.0,ETH-USD,dydx,DEX,False,0.0
ETH-USD,-0.0000185,3037.480003,65134778,2025-11-27T19:00:00.462Z,2025-11-27 19:00:00.462000+00:00,-1.85e-05,3037.480003,ETH-USD,dydx,DEX,False,0.0
ETH-USD,-0.000021375,3031.67,65140552,2025-11-27T20:00:00.378Z,2025-11-27 20:00:00.378000+00:00,-2.1375e-05,3031.67,ETH-USD,dydx,DEX,False,0.0
ETH-USD,-0.00001525,3038.713871,65146340,2025-11-27T21:00:00.338Z,2025-11-27 21:00:00.338000+00:00,-1.525e-05,3038.713871,ETH-USD,dydx,DEX,False,0.0
ETH-USD,-0.000020125,3033.473347,65152110,2025-11-27T22:00:00.461Z,2025-11-27 22:00:00.461000+00:00,-2.0125e-05,3033.473347,ETH-USD,dydx,DEX,False,0.0
ETH-USD,-0.000019625,3010.98,65157866,2025-11-27T23:00:00.461Z,2025-11-27 23:00:00.461000+00:00,-1.9625e-05,3010.98,ETH-USD,dydx,DEX,False,0.0
ETH-USD,-0.00001925,3015.161516,65163618,2025-11-28T00:00:00.315Z,2025-11-28 00:00:00.315000+00:00,-1.925e-05,3015.161516,ETH-USD,dydx,DEX,False,0.0
ETH-USD,-0.00001225,3013.268083,65169365,2025-11-28T01:00:00.043Z,2025-11-28 01:00:00.043000+00:00,-1.225e-05,3013.268083,ETH-USD,dydx,DEX,False,0.0
ETH-USD,-0.00003025,2999.429942,65175111,2025-11-28T02:00:00.441Z,2025-11-28 02:00:00.441000+00:00,-3.025e-05,2999.429942,ETH-USD,dydx,DEX,False,0.0
ETH-USD,-0.000013,3012.52,65180841,2025-11-28T03:00:00.033Z,2025-11-28 03:00:00.033000+00:00,-1.3e-05,3012.52,ETH-USD,dydx,DEX,False,0.0
ETH-USD,-0.000013,3009.09,65186549,2025-11-28T04:00:00.536Z,2025-11-28 04:00:00.536000+00:00,-1.3e-05,3009.09,ETH-USD,dydx,DEX,False,0.0
ETH-USD,-0.0000075,3017.9933,65192294,2025-11-28T05:00:00.449Z,2025-11-28 05:00:00.449000+00:00,-7.5e-06,3017.9933,ETH-USD,dydx,DEX,False,0.0
ETH-USD,-0.00000375,3023.276682,65198117,2025-11-28T06:00:00.345Z,2025-11-28 06:00:00.345000+00:00,-3.75e-06,3023.276682,ETH-USD,dydx,DEX,False,0.0
ETH-USD,-0.000007125,3010.349044,65203976,2025-11-28T07:00:00.571Z,2025-11-28 07:00:00.571000+00:00,-7.125e-06,3010.349044,ETH-USD,dydx,DEX,False,0.0
ETH-USD,-0.00001025,3002.780278,65209806,2025-11-28T08:00:00.378Z,2025-11-28 08:00:00.378000+00:00,-1.025e-05,3002.780278,ETH-USD,dydx,DEX,False,0.0
ETH-USD,-0.000009375,3064.668241,65215606,2025-11-28T09:00:00.046Z,2025-11-28 09:00:00.046000+00:00,-9.375e-06,3064.668241,ETH-USD,dydx,DEX,False,0.0
ETH-USD,-0.00001575,3055.23,65221392,2025-11-28T10:00:00.611Z,2025-11-28 10:00:00.611000+00:00,-1.575e-05,3055.23,ETH-USD,dydx,DEX,False,0.0
ETH-USD,-0.000011625,3060.610281,65227178,2025-11-28T11:00:00.498Z,2025-11-28 11:00:00.498000+00:00,-1.1625e-05,3060.610281,ETH-USD,dydx,DEX,False,0.0
ETH-USD,-0.000009375,3035.422588,65232985,2025-11-28T12:00:00.589Z,2025-11-28 12:00:00.589000+00:00,-9.375e-06,3035.422588,ETH-USD,dydx,DEX,False,0.0
ETH-USD,-0.00001225,3036.876147,65238793,2025-11-28T13:00:00.038Z,2025-11-28 13:00:00.038000+00:00,-1.225e-05,3036.876147,ETH-USD,dydx,DEX,False,0.0
ETH-USD,-0.00000675,3073.26,65244612,2025-11-28T14:00:00.220Z,2025-11-28 14:00:00.220000+00:00,-6.75e-06,3073.26,ETH-USD,dydx,DEX,False,0.0
ETH-USD,-0.00000725,3066.813362,65250457,2025-11-28T15:00:00.152Z,2025-11-28 15:00:00.152000+00:00,-7.25e-06,3066.813362,ETH-USD,dydx,DEX,False,0.0
ETH-USD,-0.000026375,3074.384876,65256192,2025-11-28T16:00:00.239Z,2025-11-28 16:00:00.239000+00:00,-2.6375e-05,3074.384876,ETH-USD,dydx,DEX,False,0.0
ETH-USD,-0.000016875,3025.66,65262079,2025-11-28T17:00:00.355Z,2025-11-28 17:00:00.355000+00:00,-1.6875e-05,3025.66,ETH-USD,dydx,DEX,False,0.0
ETH-USD,-0.000024375,3033.456728,65267708,2025-11-28T18:00:00.319Z,2025-11-28 18:00:00.319000+00:00,-2.4375e-05,3033.456728,ETH-USD,dydx,DEX,False,0.0
ETH-USD,-0.000054,3042.91,65273334,2025-11-28T19:00:00.328Z,2025-11-28 19:00:00.328000+00:00,-5.4e-05,3042.91,ETH-USD,dydx,DEX,False,0.0
ETH-USD,-0.000030375,3051.975318,65278921,2025-11-28T20:00:00.124Z,2025-11-28 20:00:00.124000+00:00,-3.0375e-05,3051.975318,ETH-USD,dydx,DEX,False,0.0
ETH-USD,-0.0000285,3058.057715,65284578,2025-11-28T21:00:00.438Z,2025-11-28 21:00:00.438000+00:00,-2.85e-05,3058.057715,ETH-USD,dydx,DEX,False,0.0
ETH-USD,-0.00002575,3038.155262,65290312,2025-11-28T22:00:00.550Z,2025-11-28 22:00:00.550000+00:00,-2.575e-05,3038.155262,ETH-USD,dydx,DEX,False,0.0
ETH-USD,-0.000039125,3039.553845,65296178,2025-11-28T23:00:00.081Z,2025-11-28 23:00:00.081000+00:00,-3.9125e-05,3039.553845,ETH-USD,dydx,DEX,False,0.0
ETH-USD,-0.0000395,3032.469866,65301986,2025-11-29T00:00:00.210Z,2025-11-29 00:00:00.210000+00:00,-3.95e-05,3032.469866,ETH-USD,dydx,DEX,False,0.0
ETH-USD,-0.0000275,3037.404475,65307771,2025-11-29T01:00:00.106Z,2025-11-29 01:00:00.106000+00:00,-2.75e-05,3037.404475,ETH-USD,dydx,DEX,False,0.0
ETH-USD,-0.0000215,3040.190531,65313533,2025-11-29T02:00:00.514Z,2025-11-29 02:00:00.514000+00:00,-2.15e-05,3040.190531,ETH-USD,dydx,DEX,False,0.0
ETH-USD,-0.000025875,3031.515488,65319291,2025-11-29T03:00:00.458Z,2025-11-29 03:00:00.458000+00:00,-2.5875e-05,3031.515488,ETH-USD,dydx,DEX,False,0.0
ETH-USD,-0.00003125,3024.216993,65325065,2025-11-29T04:00:00.568Z,2025-11-29 04:00:00.568000+00:00,-3.125e-05,3024.216993,ETH-USD,dydx,DEX,False,0.0
ETH-USD,-0.00002125,3042.557279,65330910,2025-11-29T05:00:00.461Z,2025-11-29 05:00:00.461000+00:00,-2.125e-05,3042.557279,ETH-USD,dydx,DEX,False,0.0
ETH-USD,-0.0000265,3033.176635,65336704,2025-11-29T06:00:00.061Z,2025-11-29 06:00:00.061000+00:00,-2.65e-05,3033.176635,ETH-USD,dydx,DEX,False,0.0
ETH-USD,-0.0000315,3009.402625,65342519,2025-11-29T07:00:00.125Z,2025-11-29 07:00:00.125000+00:00,-3.15e-05,3009.402625,ETH-USD,dydx,DEX,False,0.0
ETH-USD,-0.00002475,3005.591444,65348334,2025-11-29T08:00:00.552Z,2025-11-29 08:00:00.552000+00:00,-2.475e-05,3005.591444,ETH-USD,dydx,DEX,False,0.0
ETH-USD,-0.000033375,3008.443377,65354071,2025-11-29T09:00:00.208Z,2025-11-29 09:00:00.208000+00:00,-3.3375e-05,3008.443377,ETH-USD,dydx,DEX,False,0.0
ETH-USD,-0.0000335,3003.325898,65359861,2025-11-29T10:00:00.298Z,2025-11-29 10:00:00.298000+00:00,-3.35e-05,3003.325898,ETH-USD,dydx,DEX,False,0.0
ETH-USD,-0.000023125,2998.739052,65365654,2025-11-29T11:00:00.219Z,2025-11-29 11:00:00.219000+00:00,-2.3125e-05,2998.739052,ETH-USD,dydx,DEX,False,0.0
ETH-USD,-0.0000295,3002.010323,65371395,2025-11-29T12:00:00.379Z,2025-11-29 12:00:00.379000+00:00,-2.95e-05,3002.010323,ETH-USD,dydx,DEX,False,0.0
ETH-USD,-0.000013875,2999.159247,65377183,2025-11-29T13:00:00.082Z,2025-11-29 13:00:00.082000+00:00,-1.3875e-05,2999.159247,ETH-USD,dydx,DEX,False,0.0
ETH-USD,-0.000021375,2999.979991,65382899,2025-11-29T14:00:00.589Z,2025-11-29 14:00:00.589000+00:00,-2.1375e-05,2999.979991,ETH-USD,dydx,DEX,False,0.0
ETH-USD,-0.000018375,2988.546563,65388603,2025-11-29T15:00:00.040Z,2025-11-29 15:00:00.040000+00:00,-1.8375e-05,2988.546563,ETH-USD,dydx,DEX,False,0.0
ETH-USD,-0.000018625,3008.15,65394287,2025-11-29T16:00:00.508Z,2025-11-29 16:00:00.508000+00:00,-1.8625e-05,3008.15,ETH-USD,dydx,DEX,False,0.0
ETH-USD,-0.000018625,3008.15,65394287,2025-11-29T16:00:00.508Z,2025-11-29 16:00:00.508000+00:00,-1.8625e-05,3008.15,ETH-USD,dydx,DEX,False,0.0
ETH-USD,-0.0000255,3004.75,65400078,2025-11-29T17:00:00.179Z,2025-11-29 17:00:00.179000+00:00,-2.55e-05,3004.75,ETH-USD,dydx,DEX,False,0.0
ETH-USD,-0.000007125,2971.458583,65405820,2025-11-29T18:00:00.520Z,2025-11-29 18:00:00.520000+00:00,-7.125e-06,2971.458583,ETH-USD,dydx,DEX,False,0.0
ETH-USD,0.00000125,2996.168801,65411466,2025-11-29T19:00:00.171Z,2025-11-29 19:00:00.171000+00:00,1.25e-06,2996.168801,ETH-USD,dydx,DEX,False,0.0
ETH-USD,-0.000012375,2989.72,65417102,2025-11-29T20:00:00.380Z,2025-11-29 20:00:00.380000+00:00,-1.2375e-05,2989.72,ETH-USD,dydx,DEX,False,0.0
ETH-USD,-0.000005625,2999.049619,65422766,2025-11-29T21:00:00.163Z,2025-11-29 21:00:00.163000+00:00,-5.625e-06,2999.049619,ETH-USD,dydx,DEX,False,0.0
ETH-USD,-0.000011125,2994.75383,65428370,2025-11-29T22:00:00.457Z,2025-11-29 22:00:00.457000+00:00,-1.1125e-05,2994.75383,ETH-USD,dydx,DEX,False,0.0
ETH-USD,-0.000006875,2990.097029,65434028,2025-11-29T23:00:00.293Z,2025-11-29 23:00:00.293000+00:00,-6.875e-06,2990.097029,ETH-USD,dydx,DEX,False,0.0
ETH-USD,-0.000021625,2989.866087,65439639,2025-11-30T00:00:00.656Z,2025-11-30 00:00:00.656000+00:00,-2.1625e-05,2989.866087,ETH-USD,dydx,DEX,False,0.0
ETH-USD,-0.000018875,2998.539415,65445300,2025-11-30T01:00:00.574Z,2025-11-30 01:00:00.574000+00:00,-1.8875e-05,2998.539415,ETH-USD,dydx,DEX,False,0.0
ETH-USD,-0.000014875,3007.212812,65450957,2025-11-30T02:00:00.135Z,2025-11-30 02:00:00.135000+00:00,-1.4875e-05,3007.212812,ETH-USD,dydx,DEX,False,0.0
ETH-USD,-0.000016375,2991.84,65456718,2025-11-30T03:00:00.636Z,2025-11-30 03:00:00.636000+00:00,-1.6375e-05,2991.84,ETH-USD,dydx,DEX,False,0.0
ETH-USD,-0.000017875,3002.498044,65462501,2025-11-30T04:00:00.384Z,2025-11-30 04:00:00.384000+00:00,-1.7875e-05,3002.498044,ETH-USD,dydx,DEX,False,0.0
ETH-USD,-0.000014125,2999.289715,65468212,2025-11-30T05:00:00.186Z,2025-11-30 05:00:00.186000+00:00,-1.4125e-05,2999.289715,ETH-USD,dydx,DEX,False,0.0
ETH-USD,-0.0000165,2993.498579,65473902,2025-11-30T06:00:00.176Z,2025-11-30 06:00:00.176000+00:00,-1.65e-05,2993.498579,ETH-USD,dydx,DEX,False,0.0
ETH-USD,-0.00001475,2999.189675,65479570,2025-11-30T07:00:00.107Z,2025-11-30 07:00:00.107000+00:00,-1.475e-05,2999.189675,ETH-USD,dydx,DEX,False,0.0
ETH-USD,-0.000013125,3006.361203,65485279,2025-11-30T08:00:00.561Z,2025-11-30 08:00:00.561000+00:00,-1.3125e-05,3006.361203,ETH-USD,dydx,DEX,False,0.0
ETH-USD,-0.000009625,3007.342202,65490826,2025-11-30T09:00:00.259Z,2025-11-30 09:00:00.259000+00:00,-9.625e-06,3007.342202,ETH-USD,dydx,DEX,False,0.0
ETH-USD,-0.00001125,3011.023306,65496366,2025-11-30T10:00:00.661Z,2025-11-30 10:00:00.661000+00:00,-1.125e-05,3011.023306,ETH-USD,dydx,DEX,False,0.0
ETH-USD,-0.00003075,3010.70321,65501980,2025-11-30T11:00:00.397Z,2025-11-30 11:00:00.397000+00:00,-3.075e-05,3010.70321,ETH-USD,dydx,DEX,False,0.0
ETH-USD,-0.00001125,3004.45089,65507631,2025-11-30T12:00:00.413Z,2025-11-30 12:00:00.413000+00:00,-1.125e-05,3004.45089,ETH-USD,dydx,DEX,False,0.0
ETH-USD,-0.000002,3026.115223,65513277,2025-11-30T13:00:00.580Z,2025-11-30 13:00:00.580000+00:00,-2e-06,3026.115223,ETH-USD,dydx,DEX,False,0.0
ETH-USD,0.000002875,3049.609921,65518851,2025-11-30T14:00:00.523Z,2025-11-30 14:00:00.523000+00:00,2.875e-06,3049.609921,ETH-USD,dydx,DEX,False,0.0
ETH-USD,-0.00000475,3037.301187,65524447,2025-11-30T15:00:00.199Z,2025-11-30 15:00:00.199000+00:00,-4.75e-06,3037.301187,ETH-USD,dydx,DEX,False,0.0
ETH-USD,-0.000001375,3029.485897,65530074,2025-11-30T16:00:00.180Z,2025-11-30 16:00:00.180000+00:00,-1.375e-06,3029.485897,ETH-USD,dydx,DEX,False,0.0
ETH-USD,0.00000025,3045.019003,65535745,2025-11-30T17:00:00.101Z,2025-11-30 17:00:00.101000+00:00,2.5e-07,3045.019003,ETH-USD,dydx,DEX,False,0.0
ETH-USD,0.000014375,3041.51,65541404,2025-11-30T18:00:00.364Z,2025-11-30 18:00:00.364000+00:00,1.4375e-05,3041.51,ETH-USD,dydx,DEX,False,0.0
ETH-USD,0.00001,3036.577939,65547111,2025-11-30T19:00:00.513Z,2025-11-30 19:00:00.513000+00:00,1e-05,3036.577939,ETH-USD,dydx,DEX,False,0.0
ETH-USD,0.000011,3034.696818,65552808,2025-11-30T20:00:00.163Z,2025-11-30 20:00:00.163000+00:00,1.1e-05,3034.696818,ETH-USD,dydx,DEX,False,0.0
ETH-USD,0.000007125,3030.346069,65558458,2025-11-30T21:00:00.045Z,2025-11-30 21:00:00.045000+00:00,7.125e-06,3030.346069,ETH-USD,dydx,DEX,False,0.0
ETH-USD,0.00000225,3021.08,65564111,2025-11-30T22:00:00.185Z,2025-11-30 22:00:00.185000+00:00,2.25e-06,3021.08,ETH-USD,dydx,DEX,False,0.0
ETH-USD,0.00000125,3033.96,65569770,2025-11-30T23:00:00.185Z,2025-11-30 23:00:00.185000+00:00,1.25e-06,3033.96,ETH-USD,dydx,DEX,False,0.0
ETH-USD,-0.000003625,2991.659165,65575437,2025-12-01T00:00:00.559Z,2025-12-01 00:00:00.559000+00:00,-3.625e-06,2991.659165,ETH-USD,dydx,DEX,False,0.0
ETH-USD,-0.000002,2838.005637,65580890,2025-12-01T01:00:00.374Z,2025-12-01 01:00:00.374000+00:00,-2e-06,2838.005637,ETH-USD,dydx,DEX,False,0.0
ETH-USD,0.000002875,2852.505751,65586450,2025-12-01T02:00:00.661Z,2025-12-01 02:00:00.661000+00:00,2.875e-06,2852.505751,ETH-USD,dydx,DEX,False,0.0
ETH-USD,0.000006625,2838.122159,65592088,2025-12-01T03:00:00.080Z,2025-12-01 03:00:00.080000+00:00,6.625e-06,2838.122159,ETH-USD,dydx,DEX,False,0.0
ETH-USD,0.000002,2825.913823,65597743,2025-12-01T04:00:00.910Z,2025-12-01 04:00:00.910000+00:00,2e-06,2825.913823,ETH-USD,dydx,DEX,False,0.0
ETH-USD,0.00003075,2822.742274,65603399,2025-12-01T05:00:00.027Z,2025-12-01 05:00:00.027000+00:00,3.075e-05,2822.742274,ETH-USD,dydx,DEX,False,0.0
ETH-USD,0.0000065,2828.02,65608976,2025-12-01T06:00:00.326Z,2025-12-01 06:00:00.326000+00:00,6.5e-06,2828.02,ETH-USD,dydx,DEX,False,0.0
ETH-USD,0.000001625,2825.30253,65614571,2025-12-01T07:00:00.020Z,2025-12-01 07:00:00.020000+00:00,1.625e-06,2825.30253,ETH-USD,dydx,DEX,False,0.0
ETH-USD,0.000005625,2841.064106,65620143,2025-12-01T08:00:00.062Z,2025-12-01 08:00:00.062000+00:00,5.625e-06,2841.064106,ETH-USD,dydx,DEX,False,0.0
ETH-USD,0.000013625,2841.164116,65625682,2025-12-01T09:00:00.453Z,2025-12-01 09:00:00.453000+00:00,1.3625e-05,2841.164116,ETH-USD,dydx,DEX,False,0.0
ETH-USD,0.00000725,2840.134013,65631235,2025-12-01T10:00:00.295Z,2025-12-01 10:00:00.295000+00:00,7.25e-06,2840.134013,ETH-USD,dydx,DEX,False,0.0
ETH-USD,0.00000525,2844.164416,65636788,2025-12-01T11:00:00.548Z,2025-12-01 11:00:00.548000+00:00,5.25e-06,2844.164416,ETH-USD,dydx,DEX,False,0.0
ETH-USD,0.000000375,2838.753736,65642346,2025-12-01T12:00:00.407Z,2025-12-01 12:00:00.407000+00:00,3.75e-07,2838.753736,ETH-USD,dydx,DEX,False,0.0
ETH-USD,-0.000001875,2820.922639,65647905,2025-12-01T13:00:00.081Z,2025-12-01 13:00:00.081000+00:00,-1.875e-06,2820.922639,ETH-USD,dydx,DEX,False,0.0
ETH-USD,0.000023375,2814.28,65653441,2025-12-01T14:00:00.097Z,2025-12-01 14:00:00.097000+00:00,2.3375e-05,2814.28,ETH-USD,dydx,DEX,False,0.0
ETH-USD,0.00004175,2816.230286,65659041,2025-12-01T15:00:00.173Z,2025-12-01 15:00:00.173000+00:00,4.175e-05,2816.230286,ETH-USD,dydx,DEX,False,0.0
ETH-USD,0.000009,2744.839483,65664467,2025-12-01T16:00:00.386Z,2025-12-01 16:00:00.386000+00:00,9e-06,2744.839483,ETH-USD,dydx,DEX,False,0.0
ETH-USD,0.000002875,2729.747459,65670039,2025-12-01T17:00:00.766Z,2025-12-01 17:00:00.766000+00:00,2.875e-06,2729.747459,ETH-USD,dydx,DEX,False,0.0
ETH-USD,0.000003125,2739.760741,65675639,2025-12-01T18:00:00.308Z,2025-12-01 18:00:00.308000+00:00,3.125e-06,2739.760741,ETH-USD,dydx,DEX,False,0.0
ETH-USD,0.000005,2750.290013,65681342,2025-12-01T19:00:00.476Z,2025-12-01 19:00:00.476000+00:00,5e-06,2750.290013,ETH-USD,dydx,DEX,False,0.0
ETH-USD,0.000003125,2740.858171,65687028,2025-12-01T20:00:00.124Z,2025-12-01 20:00:00.124000+00:00,3.125e-06,2740.858171,ETH-USD,dydx,DEX,False,0.0
ETH-USD,0.000002875,2757.495935,65692753,2025-12-01T21:00:00.013Z,2025-12-01 21:00:00.013000+00:00,2.875e-06,2757.495935,ETH-USD,dydx,DEX,False,0.0
ETH-USD,0.000009,2790.929092,65698495,2025-12-01T22:00:00.372Z,2025-12-01 22:00:00.372000+00:00,9e-06,2790.929092,ETH-USD,dydx,DEX,False,0.0
ETH-USD,0.000001875,2797.2,65704242,2025-12-01T23:00:00.583Z,2025-12-01 23:00:00.583000+00:00,1.875e-06,2797.2,ETH-USD,dydx,DEX,False,0.0
ETH-USD,-0.000001125,2798.999899,65709968,2025-12-02T00:00:00.283Z,2025-12-02 00:00:00.283000+00:00,-1.125e-06,2798.999899,ETH-USD,dydx,DEX,False,0.0
ETH-USD,0.000000375,2795.169033,65715703,2025-12-02T01:00:00.732Z,2025-12-02 01:00:00.732000+00:00,3.75e-07,2795.169033,ETH-USD,dydx,DEX,False,0.0
ETH-USD,0.000000375,2795.539107,65721430,2025-12-02T02:00:00.604Z,2025-12-02 02:00:00.604000+00:00,3.75e-07,2795.539107,ETH-USD,dydx,DEX,False,0.0
ETH-USD,0.00000425,2801.758032,65727152,2025-12-02T03:00:00.400Z,2025-12-02 03:00:00.400000+00:00,4.25e-06,2801.758032,ETH-USD,dydx,DEX,False,0.0
ETH-USD,0.000001625,2804.280428,65732854,2025-12-02T04:00:00.397Z,2025-12-02 04:00:00.397000+00:00,1.625e-06,2804.280428,ETH-USD,dydx,DEX,False,0.0
ETH-USD,0.000013875,2805.470547,65738586,2025-12-02T05:00:00.390Z,2025-12-02 05:00:00.390000+00:00,1.3875e-05,2805.470547,ETH-USD,dydx,DEX,False,0.0
ETH-USD,0.00000375,2803.852324,65744357,2025-12-02T06:00:00.271Z,2025-12-02 06:00:00.271000+00:00,3.75e-06,2803.852324,ETH-USD,dydx,DEX,False,0.0
ETH-USD,0.000002875,2813.5027,65750092,2025-12-02T07:00:00.315Z,2025-12-02 07:00:00.315000+00:00,2.875e-06,2813.5027,ETH-USD,dydx,DEX,False,0.0
ETH-USD,0.000009875,2805.728057,65755741,2025-12-02T08:00:00.692Z,2025-12-02 08:00:00.692000+00:00,9.875e-06,2805.728057,ETH-USD,dydx,DEX,False,0.0
ETH-USD,0.0000035,2798.157852,65761425,2025-12-02T09:00:00.097Z,2025-12-02 09:00:00.097000+00:00,3.5e-06,2798.157852,ETH-USD,dydx,DEX,False,0.0
ETH-USD,-0.000001875,2798.659865,65767062,2025-12-02T10:00:00.720Z,2025-12-02 10:00:00.720000+00:00,-1.875e-06,2798.659865,ETH-USD,dydx,DEX,False,0.0
ETH-USD,0,2824.79,65772742,2025-12-02T11:00:00.565Z,2025-12-02 11:00:00.565000+00:00,0.0,2824.79,ETH-USD,dydx,DEX,False,0.0
ETH-USD,0.0000095,2825.592559,65778413,2025-12-02T12:00:00.270Z,2025-12-02 12:00:00.270000+00:00,9.5e-06,2825.592559,ETH-USD,dydx,DEX,False,0.0
ETH-USD,0.000004625,2828.233782,65784103,2025-12-02T13:00:00.030Z,2025-12-02 13:00:00.030000+00:00,4.625e-06,2828.233782,ETH-USD,dydx,DEX,False,0.0
ETH-USD,0.000010375,2844.948989,65789821,2025-12-02T14:00:00.489Z,2025-12-02 14:00:00.489000+00:00,1.0375e-05,2844.948989,ETH-USD,dydx,DEX,False,0.0
ETH-USD,0.000000375,2894.638927,65795615,2025-12-02T15:00:00.421Z,2025-12-02 15:00:00.421000+00:00,3.75e-07,2894.638927,ETH-USD,dydx,DEX,False,0.0
ETH-USD,0.000001875,3007.65153,65801371,2025-12-02T16:00:00.349Z,2025-12-02 16:00:00.349000+00:00,1.875e-06,3007.65153,ETH-USD,dydx,DEX,False,0.0
ETH-USD,-0.00000775,2995.59,65807123,2025-12-02T17:00:00.284Z,2025-12-02 17:00:00.284000+00:00,-7.75e-06,2995.59,ETH-USD,dydx,DEX,False,0.0
ETH-USD,-0.0000055,3016.895247,65812825,2025-12-02T18:00:00.134Z,2025-12-02 18:00:00.134000+00:00,-5.5e-06,3016.895247,ETH-USD,dydx,DEX,False,0.0
ETH-USD,-0.000001125,3014.095638,65818596,2025-12-02T19:00:00.104Z,2025-12-02 19:00:00.104000+00:00,-1.125e-06,3014.095638,ETH-USD,dydx,DEX,False,0.0
ETH-USD,-0.000003625,3017.657062,65824347,2025-12-02T20:00:00.417Z,2025-12-02 20:00:00.417000+00:00,-3.625e-06,3017.657062,ETH-USD,dydx,DEX,False,0.0
ETH-USD,0.000002,2981.986882,65830131,2025-12-02T21:00:00.304Z,2025-12-02 21:00:00.304000+00:00,2e-06,2981.986882,ETH-USD,dydx,DEX,False,0.0
ETH-USD,0.000019625,2996.848739,65835896,2025-12-02T22:00:00.423Z,2025-12-02 22:00:00.423000+00:00,1.9625e-05,2996.848739,ETH-USD,dydx,DEX,False,0.0
ETH-USD,0.0000075,3019.237698,65841689,2025-12-02T23:00:00.076Z,2025-12-02 23:00:00.076000+00:00,7.5e-06,3019.237698,ETH-USD,dydx,DEX,False,0.0
ETH-USD,0,2997.25832,65847466,2025-12-03T00:00:00.689Z,2025-12-03 00:00:00.689000+00:00,0.0,2997.25832,ETH-USD,dydx,DEX,False,0.0
ETH-USD,0.0000105,3004.702351,65853198,2025-12-03T01:00:00.551Z,2025-12-03 01:00:00.551000+00:00,1.05e-05,3004.702351,ETH-USD,dydx,DEX,False,0.0
ETH-USD,0.00001275,3015.905744,65858902,2025-12-03T02:00:00.499Z,2025-12-03 02:00:00.499000+00:00,1.275e-05,3015.905744,ETH-USD,dydx,DEX,False,0.0
ETH-USD,0.000011375,3031.68427,65864612,2025-12-03T03:00:00.415Z,2025-12-03 03:00:00.415000+00:00,1.1375e-05,3031.68427,ETH-USD,dydx,DEX,False,0.0
ETH-USD,-0.000000125,3031.498581,65870289,2025-12-03T04:00:00.108Z,2025-12-03 04:00:00.108000+00:00,-1.25e-07,3031.498581,ETH-USD,dydx,DEX,False,0.0
ETH-USD,0.000002625,3057.282913,65875987,2025-12-03T05:00:00.070Z,2025-12-03 05:00:00.070000+00:00,2.625e-06,3057.282913,ETH-USD,dydx,DEX,False,0.0
ETH-USD,0.000007,3059.239069,65881673,2025-12-03T06:00:00.392Z,2025-12-03 06:00:00.392000+00:00,7e-06,3059.239069,ETH-USD,dydx,DEX,False,0.0
ETH-USD,0.000002375,3067.987194,65887401,2025-12-03T07:00:00.232Z,2025-12-03 07:00:00.232000+00:00,2.375e-06,3067.987194,ETH-USD,dydx,DEX,False,0.0
ETH-USD,-0.00000025,3058.26748,65893094,2025-12-03T08:00:00.065Z,2025-12-03 08:00:00.065000+00:00,-2.5e-07,3058.26748,ETH-USD,dydx,DEX,False,0.0
ETH-USD,0.000005125,3051.670668,65898807,2025-12-03T09:00:00.015Z,2025-12-03 09:00:00.015000+00:00,5.125e-06,3051.670668,ETH-USD,dydx,DEX,False,0.0
ETH-USD,0.000001375,3061.238371,65904402,2025-12-03T10:00:00.221Z,2025-12-03 10:00:00.221000+00:00,1.375e-06,3061.238371,ETH-USD,dydx,DEX,False,0.0
ETH-USD,0.000002125,3056.486946,65910100,2025-12-03T11:00:00.514Z,2025-12-03 11:00:00.514000+00:00,2.125e-06,3056.486946,ETH-USD,dydx,DEX,False,0.0
ETH-USD,0.000006375,3072.958047,65915881,2025-12-03T12:00:00.449Z,2025-12-03 12:00:00.449000+00:00,6.375e-06,3072.958047,ETH-USD,dydx,DEX,False,0.0
ETH-USD,0.000005125,3082.944883,65921595,2025-12-03T13:00:00.387Z,2025-12-03 13:00:00.387000+00:00,5.125e-06,3082.944883,ETH-USD,dydx,DEX,False,0.0
ETH-USD,0.000004625,3090.789554,65927293,2025-12-03T14:00:00.651Z,2025-12-03 14:00:00.651000+00:00,4.625e-06,3090.789554,ETH-USD,dydx,DEX,False,0.0
ETH-USD,0,3076.830732,65933009,2025-12-03T15:00:00.006Z,2025-12-03 15:00:00.006000+00:00,0.0,3076.830732,ETH-USD,dydx,DEX,False,0.0
ETH-USD,0.000006625,3085.754301,65938618,2025-12-03T16:00:00.097Z,2025-12-03 16:00:00.097000+00:00,6.625e-06,3085.754301,ETH-USD,dydx,DEX,False,0.0
ETH-USD,0.000001125,3089.805922,65944210,2025-12-03T17:00:00.135Z,2025-12-03 17:00:00.135000+00:00,1.125e-06,3089.805922,ETH-USD,dydx,DEX,False,0.0
ETH-USD,0.0000025,3130.11869,65949748,2025-12-03T18:00:00.332Z,2025-12-03 18:00:00.332000+00:00,2.5e-06,3130.11869,ETH-USD,dydx,DEX,False,0.0
ETH-USD,0.00000325,3115.3346,65955321,2025-12-03T19:00:00.022Z,2025-12-03 19:00:00.022000+00:00,3.25e-06,3115.3346,ETH-USD,dydx,DEX,False,0.0
ETH-USD,0.00000325,3115.3346,65955321,2025-12-03T19:00:00.022Z,2025-12-03 19:00:00.022000+00:00,3.25e-06,3115.3346,ETH-USD,dydx,DEX,False,0.0
ETH-USD,0.000001875,3128.200703,65961025,2025-12-03T20:00:00.405Z,2025-12-03 20:00:00.405000+00:00,1.875e-06,3128.200703,ETH-USD,dydx,DEX,False,0.0
ETH-USD,0.00000425,3138.561568,65966779,2025-12-03T21:00:00.644Z,2025-12-03 21:00:00.644000+00:00,4.25e-06,3138.561568,ETH-USD,dydx,DEX,False,0.0
ETH-USD,0.000011625,3165.351597,65972463,2025-12-03T22:00:00.547Z,2025-12-03 22:00:00.547000+00:00,1.1625e-05,3165.351597,ETH-USD,dydx,DEX,False,0.0
ETH-USD,0.000008875,3189.557911,65978243,2025-12-03T23:00:00.558Z,2025-12-03 23:00:00.558000+00:00,8.875e-06,3189.557911,ETH-USD,dydx,DEX,False,0.0
ETH-USD,0.00000475,3189.151745,65983981,2025-12-04T00:00:00.527Z,2025-12-04 00:00:00.527000+00:00,4.75e-06,3189.151745,ETH-USD,dydx,DEX,False,0.0
ETH-USD,0.000002875,3198.379351,65989710,2025-12-04T01:00:00.465Z,2025-12-04 01:00:00.465000+00:00,2.875e-06,3198.379351,ETH-USD,dydx,DEX,False,0.0
ETH-USD,0.000003,3203.02,65995404,2025-12-04T02:00:00.728Z,2025-12-04 02:00:00.728000+00:00,3e-06,3203.02,ETH-USD,dydx,DEX,False,0.0
ETH-USD,0.000001125,3222.360972,66001109,2025-12-04T03:00:00.188Z,2025-12-04 03:00:00.188000+00:00,1.125e-06,3222.360972,ETH-USD,dydx,DEX,False,0.0
ETH-USD,0.000004125,3210.6,66006782,2025-12-04T04:00:00.337Z,2025-12-04 04:00:00.337000+00:00,4.125e-06,3210.6,ETH-USD,dydx,DEX,False,0.0
ETH-USD,0.000004625,3192.577773,66012535,2025-12-04T05:00:00.207Z,2025-12-04 05:00:00.207000+00:00,4.625e-06,3192.577773,ETH-USD,dydx,DEX,False,0.0
ETH-USD,0.000005625,3186.360084,66018262,2025-12-04T06:00:00.443Z,2025-12-04 06:00:00.443000+00:00,5.625e-06,3186.360084,ETH-USD,dydx,DEX,False,0.0
ETH-USD,0.000006625,3206.231869,66023992,2025-12-04T07:00:00.231Z,2025-12-04 07:00:00.231000+00:00,6.625e-06,3206.231869,ETH-USD,dydx,DEX,False,0.0
ETH-USD,0.000013,3191.798777,66029704,2025-12-04T08:00:00.386Z,2025-12-04 08:00:00.386000+00:00,1.3e-05,3191.798777,ETH-USD,dydx,DEX,False,0.0
ETH-USD,0.0000035,3183.16,66035430,2025-12-04T09:00:00.275Z,2025-12-04 09:00:00.275000+00:00,3.5e-06,3183.16,ETH-USD,dydx,DEX,False,0.0
ETH-USD,0.0000025,3201.51,66041163,2025-12-04T10:00:00.206Z,2025-12-04 10:00:00.206000+00:00,2.5e-06,3201.51,ETH-USD,dydx,DEX,False,0.0
ETH-USD,0.000003625,3189.636891,66046889,2025-12-04T11:00:00.121Z,2025-12-04 11:00:00.121000+00:00,3.625e-06,3189.636891,ETH-USD,dydx,DEX,False,0.0
ETH-USD,0.000008875,3187.515006,66052632,2025-12-04T12:00:00.029Z,2025-12-04 12:00:00.029000+00:00,8.875e-06,3187.515006,ETH-USD,dydx,DEX,False,0.0
ETH-USD,-0.00004725,3176.663,66058364,2025-12-04T13:00:00.178Z,2025-12-04 13:00:00.178000+00:00,-4.725e-05,3176.663,ETH-USD,dydx,DEX,False,0.0
ETH-USD,-0.000059875,3171.685914,66064122,2025-12-04T14:00:00.143Z,2025-12-04 14:00:00.143000+00:00,-5.9875e-05,3171.685914,ETH-USD,dydx,DEX,False,0.0
ETH-USD,-0.000033,3146.637913,66069894,2025-12-04T15:00:00.021Z,2025-12-04 15:00:00.021000+00:00,-3.3e-05,3146.637913,ETH-USD,dydx,DEX,False,0.0
ETH-USD,-0.000023,3209.3,66075671,2025-12-04T16:00:00.189Z,2025-12-04 16:00:00.189000+00:00,-2.3e-05,3209.3,ETH-USD,dydx,DEX,False,0.0
ETH-USD,-0.000012875,3170.25,66081445,2025-12-04T17:00:00.249Z,2025-12-04 17:00:00.249000+00:00,-1.2875e-05,3170.25,ETH-USD,dydx,DEX,False,0.0
ETH-USD,-0.000005125,3162.36871,66087196,2025-12-04T18:00:00.279Z,2025-12-04 18:00:00.279000+00:00,-5.125e-06,3162.36871,ETH-USD,dydx,DEX,False,0.0
ETH-USD,0.0000015,3142.92717,66092947,2025-12-04T19:00:00.382Z,2025-12-04 19:00:00.382000+00:00,1.5e-06,3142.92717,ETH-USD,dydx,DEX,False,0.0
ETH-USD,-0.000001875,3121.70085,66098643,2025-12-04T20:00:00.006Z,2025-12-04 20:00:00.006000+00:00,-1.875e-06,3121.70085,ETH-USD,dydx,DEX,False,0.0
ETH-USD,-0.000001375,3142.186874,66104413,2025-12-04T21:00:00.679Z,2025-12-04 21:00:00.679000+00:00,-1.375e-06,3142.186874,ETH-USD,dydx,DEX,False,0.0
ETH-USD,-0.000045625,3123.349339,66110153,2025-12-04T22:00:00.549Z,2025-12-04 22:00:00.549000+00:00,-4.5625e-05,3123.349339,ETH-USD,dydx,DEX,False,0.0
ETH-USD,-0.000031,3144.669999,66115892,2025-12-04T23:00:00.525Z,2025-12-04 23:00:00.525000+00:00,-3.1e-05,3144.669999,ETH-USD,dydx,DEX,False,0.0
ETH-USD,-0.000030375,3134.046684,66121618,2025-12-05T00:00:00.671Z,2025-12-05 00:00:00.671000+00:00,-3.0375e-05,3134.046684,ETH-USD,dydx,DEX,False,0.0
ETH-USD,-0.000015,3147.909456,66127380,2025-12-05T01:00:00.346Z,2025-12-05 01:00:00.346000+00:00,-1.5e-05,3147.909456,ETH-USD,dydx,DEX,False,0.0
ETH-USD,-0.000002375,3163.934518,66133140,2025-12-05T02:00:00.178Z,2025-12-05 02:00:00.178000+00:00,-2.375e-06,3163.934518,ETH-USD,dydx,DEX,False,0.0
ETH-USD,-0.000007625,3184.073629,66138968,2025-12-05T03:00:00.190Z,2025-12-05 03:00:00.190000+00:00,-7.625e-06,3184.073629,ETH-USD,dydx,DEX,False,0.0
ETH-USD,-0.000014625,3172.969187,66144768,2025-12-05T04:00:00.509Z,2025-12-05 04:00:00.509000+00:00,-1.4625e-05,3172.969187,ETH-USD,dydx,DEX,False,0.0
ETH-USD,-0.00000575,3168.769499,66150588,2025-12-05T05:00:00.477Z,2025-12-05 05:00:00.477000+00:00,-5.75e-06,3168.769499,ETH-USD,dydx,DEX,False,0.0
ETH-USD,-0.000010875,3155.777039,66156458,2025-12-05T06:00:00.591Z,2025-12-05 06:00:00.591000+00:00,-1.0875e-05,3155.777039,ETH-USD,dydx,DEX,False,0.0
ETH-USD,-0.00000675,3170.218087,66162337,2025-12-05T07:00:00.361Z,2025-12-05 07:00:00.361000+00:00,-6.75e-06,3170.218087,ETH-USD,dydx,DEX,False,0.0
ETH-USD,-0.0000155,3174.139655,66168152,2025-12-05T08:00:00.350Z,2025-12-05 08:00:00.350000+00:00,-1.55e-05,3174.139655,ETH-USD,dydx,DEX,False,0.0
ETH-USD,-0.0000035,3155.856757,66172977,2025-12-05T09:00:00.048Z,2025-12-05 09:00:00.048000+00:00,-3.5e-06,3155.856757,ETH-USD,dydx,DEX,False,0.0
ETH-USD,-0.000006125,3123.819527,66178771,2025-12-05T10:00:00.591Z,2025-12-05 10:00:00.591000+00:00,-6.125e-06,3123.819527,ETH-USD,dydx,DEX,False,0.0
ETH-USD,0.0000085,3134.863945,66184558,2025-12-05T11:00:00.384Z,2025-12-05 11:00:00.384000+00:00,8.5e-06,3134.863945,ETH-USD,dydx,DEX,False,0.0
ETH-USD,-0.00000975,3131.092436,66190304,2025-12-05T12:00:00.491Z,2025-12-05 12:00:00.491000+00:00,-9.75e-06,3131.092436,ETH-USD,dydx,DEX,False,0.0
ETH-USD,0.000001875,3129.721888,66196071,2025-12-05T13:00:00.450Z,2025-12-05 13:00:00.450000+00:00,1.875e-06,3129.721888,ETH-USD,dydx,DEX,False,0.0
ETH-USD,-0.0000005,3101.170351,66201800,2025-12-05T14:00:00.122Z,2025-12-05 14:00:00.122000+00:00,-5e-07,3101.170351,ETH-USD,dydx,DEX,False,0.0
ETH-USD,-0.0000085,3105.790455,66207633,2025-12-05T15:00:00.363Z,2025-12-05 15:00:00.363000+00:00,-8.5e-06,3105.790455,ETH-USD,dydx,DEX,False,0.0
ETH-USD,-0.0000005,3107.563513,66213461,2025-12-05T16:00:00.059Z,2025-12-05 16:00:00.059000+00:00,-5e-07,3107.563513,ETH-USD,dydx,DEX,False,0.0
ETH-USD,0,3033.232136,66219208,2025-12-05T17:00:00.407Z,2025-12-05 17:00:00.407000+00:00,0.0,3033.232136,ETH-USD,dydx,DEX,False,0.0
ETH-USD,0.000002875,3034.676669,66224924,2025-12-05T18:00:00.229Z,2025-12-05 18:00:00.229000+00:00,2.875e-06,3034.676669,ETH-USD,dydx,DEX,False,0.0
ETH-USD,-0.000000625,3009.514757,66230621,2025-12-05T19:00:00.449Z,2025-12-05 19:00:00.449000+00:00,-6.25e-07,3009.514757,ETH-USD,dydx,DEX,False,0.0
ETH-USD,-0.0000115,3038.371967,66236291,2025-12-05T20:00:00.020Z,2025-12-05 20:00:00.020000+00:00,-1.15e-05,3038.371967,ETH-USD,dydx,DEX,False,0.0
ETH-USD,-0.00000775,3023.699479,66241975,2025-12-05T21:00:00.534Z,2025-12-05 21:00:00.534000+00:00,-7.75e-06,3023.699479,ETH-USD,dydx,DEX,False,0.0
ETH-USD,0.000013375,3020.706211,66247647,2025-12-05T22:00:00.430Z,2025-12-05 22:00:00.430000+00:00,1.3375e-05,3020.706211,ETH-USD,dydx,DEX,False,0.0
ETH-USD,0.000003,3026.597979,66253378,2025-12-05T23:00:00.024Z,2025-12-05 23:00:00.024000+00:00,3e-06,3026.597979,ETH-USD,dydx,DEX,False,0.0
ETH-USD,0.00000275,3023.130601,66259098,2025-12-06T00:00:00.311Z,2025-12-06 00:00:00.311000+00:00,2.75e-06,3023.130601,ETH-USD,dydx,DEX,False,0.0
ETH-USD,0.000001875,3028.22977,66264821,2025-12-06T01:00:00.522Z,2025-12-06 01:00:00.522000+00:00,1.875e-06,3028.22977,ETH-USD,dydx,DEX,False,0.0
ETH-USD,-0.000000375,3027.258177,66270514,2025-12-06T02:00:00.596Z,2025-12-06 02:00:00.596000+00:00,-3.75e-07,3027.258177,ETH-USD,dydx,DEX,False,0.0
ETH-USD,-0.000000625,3030.30212,66276227,2025-12-06T03:00:00.576Z,2025-12-06 03:00:00.576000+00:00,-6.25e-07,3030.30212,ETH-USD,dydx,DEX,False,0.0
ETH-USD,-0.000002625,3039.683141,66281909,2025-12-06T04:00:00.104Z,2025-12-06 04:00:00.104000+00:00,-2.625e-06,3039.683141,ETH-USD,dydx,DEX,False,0.0
ETH-USD,-0.000003875,3037.298591,66287610,2025-12-06T05:00:00.259Z,2025-12-06 05:00:00.259000+00:00,-3.875e-06,3037.298591,ETH-USD,dydx,DEX,False,0.0
ETH-USD,-0.000002,3038.981694,66293227,2025-12-06T06:00:00.073Z,2025-12-06 06:00:00.073000+00:00,-2e-06,3038.981694,ETH-USD,dydx,DEX,False,0.0
ETH-USD,0.00000125,3039.77591,66298874,2025-12-06T07:00:00.283Z,2025-12-06 07:00:00.283000+00:00,1.25e-06,3039.77591,ETH-USD,dydx,DEX,False,0.0
ETH-USD,0.0000015,3026.05042,66304609,2025-12-06T08:00:00.094Z,2025-12-06 08:00:00.094000+00:00,1.5e-06,3026.05042,ETH-USD,dydx,DEX,False,0.0
ETH-USD,-0.000000625,3015.404621,66310350,2025-12-06T09:00:00.618Z,2025-12-06 09:00:00.618000+00:00,-6.25e-07,3015.404621,ETH-USD,dydx,DEX,False,0.0
ETH-USD,-0.0000005,3030.54,66316010,2025-12-06T10:00:00.577Z,2025-12-06 10:00:00.577000+00:00,-5e-07,3030.54,ETH-USD,dydx,DEX,False,0.0
ETH-USD,0.0000005,3032.568249,66321730,2025-12-06T11:00:00.296Z,2025-12-06 11:00:00.296000+00:00,5e-07,3032.568249,ETH-USD,dydx,DEX,False,0.0
ETH-USD,-0.000000625,3039.915971,66327427,2025-12-06T12:00:00.077Z,2025-12-06 12:00:00.077000+00:00,-6.25e-07,3039.915971,ETH-USD,dydx,DEX,False,0.0
ETH-USD,-0.0000005,3032.229426,66333102,2025-12-06T13:00:00.457Z,2025-12-06 13:00:00.457000+00:00,-5e-07,3032.229426,ETH-USD,dydx,DEX,False,0.0
ETH-USD,0,3037.817563,66338760,2025-12-06T14:00:00.028Z,2025-12-06 14:00:00.028000+00:00,0.0,3037.817563,ETH-USD,dydx,DEX,False,0.0
ETH-USD,0.00000275,3054.920984,66344476,2025-12-06T15:00:00.191Z,2025-12-06 15:00:00.191000+00:00,2.75e-06,3054.920984,ETH-USD,dydx,DEX,False,0.0
ETH-USD,0.0000015,3041.112333,66350131,2025-12-06T16:00:00.411Z,2025-12-06 16:00:00.411000+00:00,1.5e-06,3041.112333,ETH-USD,dydx,DEX,False,0.0
ETH-USD,0.000004625,3053.10062,66355826,2025-12-06T17:00:00.172Z,2025-12-06 17:00:00.172000+00:00,4.625e-06,3053.10062,ETH-USD,dydx,DEX,False,0.0
ETH-USD,0.000001875,3056.20248,66361520,2025-12-06T18:00:00.656Z,2025-12-06 18:00:00.656000+00:00,1.875e-06,3056.20248,ETH-USD,dydx,DEX,False,0.0
ETH-USD,0.0000045,3043.567426,66367264,2025-12-06T19:00:00.429Z,2025-12-06 19:00:00.429000+00:00,4.5e-06,3043.567426,ETH-USD,dydx,DEX,False,0.0
ETH-USD,0.0000025,3031.95,66372989,2025-12-06T20:00:00.035Z,2025-12-06 20:00:00.035000+00:00,2.5e-06,3031.95,ETH-USD,dydx,DEX,False,0.0
ETH-USD,-0.00000025,3040.55,66378690,2025-12-06T21:00:00.134Z,2025-12-06 21:00:00.134000+00:00,-2.5e-07,3040.55,ETH-USD,dydx,DEX,False,0.0
ETH-USD,0.000014125,3043.6,66384336,2025-12-06T22:00:00.217Z,2025-12-06 22:00:00.217000+00:00,1.4125e-05,3043.6,ETH-USD,dydx,DEX,False,0.0
ETH-USD,0.000012,3044.132118,66390033,2025-12-06T23:00:00.585Z,2025-12-06 23:00:00.585000+00:00,1.2e-05,3044.132118,ETH-USD,dydx,DEX,False,0.0
ETH-USD,0.000002875,3038.911673,66395702,2025-12-07T00:00:00.372Z,2025-12-07 00:00:00.372000+00:00,2.875e-06,3038.911673,ETH-USD,dydx,DEX,False,0.0
ETH-USD,0.000003,3046.053816,66401404,2025-12-07T01:00:00.437Z,2025-12-07 01:00:00.437000+00:00,3e-06,3046.053816,ETH-USD,dydx,DEX,False,0.0
ETH-USD,0.00000925,3044.223266,66407081,2025-12-07T02:00:00.569Z,2025-12-07 02:00:00.569000+00:00,9.25e-06,3044.223266,ETH-USD,dydx,DEX,False,0.0
ETH-USD,0.000003,3055.376612,66412803,2025-12-07T03:00:00.768Z,2025-12-07 03:00:00.768000+00:00,3e-06,3055.376612,ETH-USD,dydx,DEX,False,0.0
ETH-USD,0.0000075,3054.146243,66418504,2025-12-07T04:00:00.460Z,2025-12-07 04:00:00.460000+00:00,7.5e-06,3054.146243,ETH-USD,dydx,DEX,False,0.0
ETH-USD,0.00000825,3047.358943,66424227,2025-12-07T05:00:00.839Z,2025-12-07 05:00:00.839000+00:00,8.25e-06,3047.358943,ETH-USD,dydx,DEX,False,0.0
ETH-USD,0.000007125,3046.779355,66429927,2025-12-07T06:00:00.453Z,2025-12-07 06:00:00.453000+00:00,7.125e-06,3046.779355,ETH-USD,dydx,DEX,False,0.0
ETH-USD,0.00000075,3048.264479,66435646,2025-12-07T07:00:00.228Z,2025-12-07 07:00:00.228000+00:00,7.5e-07,3048.264479,ETH-USD,dydx,DEX,False,0.0
ETH-USD,0.0000005,3037.561268,66441330,2025-12-07T08:00:00.479Z,2025-12-07 08:00:00.479000+00:00,5e-07,3037.561268,ETH-USD,dydx,DEX,False,0.0
ETH-USD,0.000004,3034.883398,66447113,2025-12-07T09:00:00.131Z,2025-12-07 09:00:00.131000+00:00,4e-06,3034.883398,ETH-USD,dydx,DEX,False,0.0
ETH-USD,0.0000065,3031.6695,66452807,2025-12-07T10:00:00.447Z,2025-12-07 10:00:00.447000+00:00,6.5e-06,3031.6695,ETH-USD,dydx,DEX,False,0.0
ETH-USD,0.000007375,3039.418525,66458570,2025-12-07T11:00:00.130Z,2025-12-07 11:00:00.130000+00:00,7.375e-06,3039.418525,ETH-USD,dydx,DEX,False,0.0
ETH-USD,0.000005625,3037.799984,66464292,2025-12-07T12:00:00.272Z,2025-12-07 12:00:00.272000+00:00,5.625e-06,3037.799984,ETH-USD,dydx,DEX,False,0.0
ETH-USD,0.00001,3048.909781,66470041,2025-12-07T13:00:00.052Z,2025-12-07 13:00:00.052000+00:00,1e-05,3048.909781,ETH-USD,dydx,DEX,False,0.0
ETH-USD,0.000002375,3031.786357,66475735,2025-12-07T14:00:00.351Z,2025-12-07 14:00:00.351000+00:00,2.375e-06,3031.786357,ETH-USD,dydx,DEX,False,0.0
ETH-USD,-0.0000055,2944.253275,66481383,2025-12-07T15:00:00.608Z,2025-12-07 15:00:00.608000+00:00,-5.5e-06,2944.253275,ETH-USD,dydx,DEX,False,0.0
ETH-USD,-0.000007125,3029.437227,66487094,2025-12-07T16:00:00.821Z,2025-12-07 16:00:00.821000+00:00,-7.125e-06,3029.437227,ETH-USD,dydx,DEX,False,0.0
ETH-USD,0.000005125,3038.910284,66492823,2025-12-07T17:00:00.132Z,2025-12-07 17:00:00.132000+00:00,5.125e-06,3038.910284,ETH-USD,dydx,DEX,False,0.0
ETH-USD,0.0000025,3113.922784,66498497,2025-12-07T18:00:00.448Z,2025-12-07 18:00:00.448000+00:00,2.5e-06,3113.922784,ETH-USD,dydx,DEX,False,0.0
ETH-USD,0.000002,3130.199059,66504131,2025-12-07T19:00:00.148Z,2025-12-07 19:00:00.148000+00:00,2e-06,3130.199059,ETH-USD,dydx,DEX,False,0.0
ETH-USD,0.0000055,3138.153887,66509741,2025-12-07T20:00:00.381Z,2025-12-07 20:00:00.381000+00:00,5.5e-06,3138.153887,ETH-USD,dydx,DEX,False,0.0
ETH-USD,0.000000125,3141.818363,66515357,2025-12-07T21:00:00.437Z,2025-12-07 21:00:00.437000+00:00,1.25e-07,3141.818363,ETH-USD,dydx,DEX,False,0.0
ETH-USD,-0.000000375,3085.879589,66520974,2025-12-07T22:00:00.051Z,2025-12-07 22:00:00.051000+00:00,-3.75e-07,3085.879589,ETH-USD,dydx,DEX,False,0.0
ETH-USD,-0.000000375,3085.879589,66520974,2025-12-07T22:00:00.051Z,2025-12-07 22:00:00.051000+00:00,-3.75e-07,3085.879589,ETH-USD,dydx,DEX,False,0.0
ETH-USD,-0.000000625,3034.5,66526641,2025-12-07T23:00:00.185Z,2025-12-07 23:00:00.185000+00:00,-6.25e-07,3034.5,ETH-USD,dydx,DEX,False,0.0
ETH-USD,-0.000001375,3060.46814,66532271,2025-12-08T00:00:00.032Z,2025-12-08 00:00:00.032000+00:00,-1.375e-06,3060.46814,ETH-USD,dydx,DEX,False,0.0
ETH-USD,0.000000375,3065.113022,66537924,2025-12-08T01:00:00.022Z,2025-12-08 01:00:00.022000+00:00,3.75e-07,3065.113022,ETH-USD,dydx,DEX,False,0.0
ETH-USD,0.00000025,3097.79844,66543569,2025-12-08T02:00:00.600Z,2025-12-08 02:00:00.600000+00:00,2.5e-07,3097.79844,ETH-USD,dydx,DEX,False,0.0
ETH-USD,0.0000035,3109.922053,66549295,2025-12-08T03:00:00.278Z,2025-12-08 03:00:00.278000+00:00,3.5e-06,3109.922053,ETH-USD,dydx,DEX,False,0.0
ETH-USD,0.000006,3112.382324,66554972,2025-12-08T04:00:00.127Z,2025-12-08 04:00:00.127000+00:00,6e-06,3112.382324,ETH-USD,dydx,DEX,False,0.0
ETH-USD,0.000003875,3128.472847,66560685,2025-12-08T05:00:00.077Z,2025-12-08 05:00:00.077000+00:00,3.875e-06,3128.472847,ETH-USD,dydx,DEX,False,0.0
ETH-USD,0.000002375,3129.722972,66566398,2025-12-08T06:00:00.453Z,2025-12-08 06:00:00.453000+00:00,2.375e-06,3129.722972,ETH-USD,dydx,DEX,False,0.0
ETH-USD,0.000005,3131.479651,66572143,2025-12-08T07:00:00.232Z,2025-12-08 07:00:00.232000+00:00,5e-06,3131.479651,ETH-USD,dydx,DEX,False,0.0
ETH-USD,-0.000000625,3133.106621,66577891,2025-12-08T08:00:00.456Z,2025-12-08 08:00:00.456000+00:00,-6.25e-07,3133.106621,ETH-USD,dydx,DEX,False,0.0
ETH-USD,0.000000375,3145.139027,66583635,2025-12-08T09:00:00.402Z,2025-12-08 09:00:00.402000+00:00,3.75e-07,3145.139027,ETH-USD,dydx,DEX,False,0.0
ETH-USD,0.00000325,3159.077723,66589310,2025-12-08T10:00:00.180Z,2025-12-08 10:00:00.180000+00:00,3.25e-06,3159.077723,ETH-USD,dydx,DEX,False,0.0
ETH-USD,0.000003875,3160.938281,66594882,2025-12-08T11:00:00.238Z,2025-12-08 11:00:00.238000+00:00,3.875e-06,3160.938281,ETH-USD,dydx,DEX,False,0.0
ETH-USD,0.000000875,3141.558311,66600454,2025-12-08T12:00:00.477Z,2025-12-08 12:00:00.477000+00:00,8.75e-07,3141.558311,ETH-USD,dydx,DEX,False,0.0
ETH-USD,-0.000006375,3132.026405,66606097,2025-12-08T13:00:00.114Z,2025-12-08 13:00:00.114000+00:00,-6.375e-06,3132.026405,ETH-USD,dydx,DEX,False,0.0
ETH-USD,0.000001,3145.159617,66611773,2025-12-08T14:00:00.112Z,2025-12-08 14:00:00.112000+00:00,1e-06,3145.159617,ETH-USD,dydx,DEX,False,0.0
ETH-USD,0.0000005,3128.605721,66617413,2025-12-08T15:00:00.586Z,2025-12-08 15:00:00.586000+00:00,5e-07,3128.605721,ETH-USD,dydx,DEX,False,0.0
ETH-USD,0.000001875,3101.508984,66622979,2025-12-08T16:00:00.219Z,2025-12-08 16:00:00.219000+00:00,1.875e-06,3101.508984,ETH-USD,dydx,DEX,False,0.0
ETH-USD,0,3106.761352,66628764,2025-12-08T17:00:00.679Z,2025-12-08 17:00:00.679000+00:00,0.0,3106.761352,ETH-USD,dydx,DEX,False,0.0
ETH-USD,-0.000001125,3119.671936,66634755,2025-12-08T18:00:00.739Z,2025-12-08 18:00:00.739000+00:00,-1.125e-06,3119.671936,ETH-USD,dydx,DEX,False,0.0
ETH-USD,0,3093.151482,66640789,2025-12-08T19:00:00.318Z,2025-12-08 19:00:00.318000+00:00,0.0,3093.151482,ETH-USD,dydx,DEX,False,0.0
ETH-USD,0,3119.33,66646693,2025-12-08T20:00:00.576Z,2025-12-08 20:00:00.576000+00:00,0.0,3119.33,ETH-USD,dydx,DEX,False,0.0
ETH-USD,0.000002375,3136.202133,66652535,2025-12-08T21:00:00.428Z,2025-12-08 21:00:00.428000+00:00,2.375e-06,3136.202133,ETH-USD,dydx,DEX,False,0.0
ETH-USD,0.000004,3148.089617,66658348,2025-12-08T22:00:00.589Z,2025-12-08 22:00:00.589000+00:00,4e-06,3148.089617,ETH-USD,dydx,DEX,False,0.0
ETH-USD,0.000007125,3130.26908,66664145,2025-12-08T23:00:00.086Z,2025-12-08 23:00:00.086000+00:00,7.125e-06,3130.26908,ETH-USD,dydx,DEX,False,0.0
ETH-USD,-0.000000625,3124.43,66669911,2025-12-09T00:00:00.729Z,2025-12-09 00:00:00.729000+00:00,-6.25e-07,3124.43,ETH-USD,dydx,DEX,False,0.0
ETH-USD,0.00000025,3120.064012,66675617,2025-12-09T01:00:00.347Z,2025-12-09 01:00:00.347000+00:00,2.5e-07,3120.064012,ETH-USD,dydx,DEX,False,0.0
ETH-USD,0.00000175,3106.73,66681259,2025-12-09T02:00:00.134Z,2025-12-09 02:00:00.134000+00:00,1.75e-06,3106.73,ETH-USD,dydx,DEX,False,0.0
ETH-USD,0.0000025,3098.989797,66686993,2025-12-09T03:00:00.480Z,2025-12-09 03:00:00.480000+00:00,2.5e-06,3098.989797,ETH-USD,dydx,DEX,False,0.0
ETH-USD,-0.00001625,3128.715743,66692692,2025-12-09T04:00:00.609Z,2025-12-09 04:00:00.609000+00:00,-1.625e-05,3128.715743,ETH-USD,dydx,DEX,False,0.0
ETH-USD,-0.000007625,3107.211442,66698371,2025-12-09T05:00:00.629Z,2025-12-09 05:00:00.629000+00:00,-7.625e-06,3107.211442,ETH-USD,dydx,DEX,False,0.0
ETH-USD,-0.00000975,3107.491786,66704047,2025-12-09T06:00:00.035Z,2025-12-09 06:00:00.035000+00:00,-9.75e-06,3107.491786,ETH-USD,dydx,DEX,False,0.0
ETH-USD,-0.0000185,3113.085629,66709810,2025-12-09T07:00:00.326Z,2025-12-09 07:00:00.326000+00:00,-1.85e-05,3113.085629,ETH-USD,dydx,DEX,False,0.0
ETH-USD,-0.0000105,3122.699795,66715484,2025-12-09T08:00:00.026Z,2025-12-09 08:00:00.026000+00:00,-1.05e-05,3122.699795,ETH-USD,dydx,DEX,False,0.0
ETH-USD,-0.00000975,3120.723116,66721177,2025-12-09T09:00:00.428Z,2025-12-09 09:00:00.428000+00:00,-9.75e-06,3120.723116,ETH-USD,dydx,DEX,False,0.0
ETH-USD,-0.00001325,3106.92,66726865,2025-12-09T10:00:00.825Z,2025-12-09 10:00:00.825000+00:00,-1.325e-05,3106.92,ETH-USD,dydx,DEX,False,0.0
ETH-USD,-0.000009625,3108.11,66732586,2025-12-09T11:00:00.341Z,2025-12-09 11:00:00.341000+00:00,-9.625e-06,3108.11,ETH-USD,dydx,DEX,False,0.0
ETH-USD,-0.000004375,3118.151815,66738250,2025-12-09T12:00:00.343Z,2025-12-09 12:00:00.343000+00:00,-4.375e-06,3118.151815,ETH-USD,dydx,DEX,False,0.0
ETH-USD,0.0000475,3138.467693,66743910,2025-12-09T13:00:00.267Z,2025-12-09 13:00:00.267000+00:00,4.75e-05,3138.467693,ETH-USD,dydx,DEX,False,0.0
ETH-USD,0.00003925,3117.236831,66749536,2025-12-09T14:00:00.252Z,2025-12-09 14:00:00.252000+00:00,3.925e-05,3117.236831,ETH-USD,dydx,DEX,False,0.0
ETH-USD,0.0000135,3117.143428,66755270,2025-12-09T15:00:00.569Z,2025-12-09 15:00:00.569000+00:00,1.35e-05,3117.143428,ETH-USD,dydx,DEX,False,0.0
ETH-USD,0.000008875,3245.929185,66760765,2025-12-09T16:00:00.296Z,2025-12-09 16:00:00.296000+00:00,8.875e-06,3245.929185,ETH-USD,dydx,DEX,False,0.0
ETH-USD,0.0000135,3367.215766,66766196,2025-12-09T17:00:00.599Z,2025-12-09 17:00:00.599000+00:00,1.35e-05,3367.215766,ETH-USD,dydx,DEX,False,0.0
ETH-USD,-0.000005,3375.065013,66771672,2025-12-09T18:00:00.413Z,2025-12-09 18:00:00.413000+00:00,-5e-06,3375.065013,ETH-USD,dydx,DEX,False,0.0
ETH-USD,-0.000018375,3376.467075,66777192,2025-12-09T19:00:00.591Z,2025-12-09 19:00:00.591000+00:00,-1.8375e-05,3376.467075,ETH-USD,dydx,DEX,False,0.0
ETH-USD,-0.00001675,3358.072847,66782717,2025-12-09T20:00:00.111Z,2025-12-09 20:00:00.111000+00:00,-1.675e-05,3358.072847,ETH-USD,dydx,DEX,False,0.0
ETH-USD,0.000004125,3327.737766,66788311,2025-12-09T21:00:00.039Z,2025-12-09 21:00:00.039000+00:00,4.125e-06,3327.737766,ETH-USD,dydx,DEX,False,0.0
ETH-USD,0.0000165,3302.94,66793894,2025-12-09T22:00:00.586Z,2025-12-09 22:00:00.586000+00:00,1.65e-05,3302.94,ETH-USD,dydx,DEX,False,0.0
ETH-USD,0.00003025,3329.131901,66799568,2025-12-09T23:00:00.148Z,2025-12-09 23:00:00.148000+00:00,3.025e-05,3329.131901,ETH-USD,dydx,DEX,False,0.0
ETH-USD,0.000006375,3318.146818,66805193,2025-12-10T00:00:00.237Z,2025-12-10 00:00:00.237000+00:00,6.375e-06,3318.146818,ETH-USD,dydx,DEX,False,0.0
ETH-USD,0.000012625,3308.153856,66810782,2025-12-10T01:00:00.121Z,2025-12-10 01:00:00.121000+00:00,1.2625e-05,3308.153856,ETH-USD,dydx,DEX,False,0.0
ETH-USD,0.000025,3304.450445,66816325,2025-12-10T02:00:00.446Z,2025-12-10 02:00:00.446000+00:00,2.5e-05,3304.450445,ETH-USD,dydx,DEX,False,0.0
ETH-USD,0.000026,3311.030246,66821855,2025-12-10T03:00:00.580Z,2025-12-10 03:00:00.580000+00:00,2.6e-05,3311.030246,ETH-USD,dydx,DEX,False,0.0
ETH-USD,0.000021,3310.882173,66827369,2025-12-10T04:00:00.602Z,2025-12-10 04:00:00.602000+00:00,2.1e-05,3310.882173,ETH-USD,dydx,DEX,False,0.0
ETH-USD,0.000013875,3322.535781,66832936,2025-12-10T05:00:00.614Z,2025-12-10 05:00:00.614000+00:00,1.3875e-05,3322.535781,ETH-USD,dydx,DEX,False,0.0
ETH-USD,0.000016875,3322.803227,66838530,2025-12-10T06:00:00.250Z,2025-12-10 06:00:00.250000+00:00,1.6875e-05,3322.803227,ETH-USD,dydx,DEX,False,0.0
ETH-USD,0.00001825,3326.52,66844198,2025-12-10T07:00:00.045Z,2025-12-10 07:00:00.045000+00:00,1.825e-05,3326.52,ETH-USD,dydx,DEX,False,0.0
ETH-USD,0.00001075,3327.339258,66849800,2025-12-10T08:00:00.606Z,2025-12-10 08:00:00.606000+00:00,1.075e-05,3327.339258,ETH-USD,dydx,DEX,False,0.0
ETH-USD,0.00002375,3323.612903,66855453,2025-12-10T09:00:00.253Z,2025-12-10 09:00:00.253000+00:00,2.375e-05,3323.612903,ETH-USD,dydx,DEX,False,0.0
ETH-USD,0.000014125,3349.01,66861049,2025-12-10T10:00:00.174Z,2025-12-10 10:00:00.174000+00:00,1.4125e-05,3349.01,ETH-USD,dydx,DEX,False,0.0
ETH-USD,0.000012625,3312.832566,66866643,2025-12-10T11:00:00.343Z,2025-12-10 11:00:00.343000+00:00,1.2625e-05,3312.832566,ETH-USD,dydx,DEX,False,0.0
ETH-USD,0.000031875,3319.063812,66872243,2025-12-10T12:00:00.397Z,2025-12-10 12:00:00.397000+00:00,3.1875e-05,3319.063812,ETH-USD,dydx,DEX,False,0.0
ETH-USD,0.0000125,3325.04,66877837,2025-12-10T13:00:00.564Z,2025-12-10 13:00:00.564000+00:00,1.25e-05,3325.04,ETH-USD,dydx,DEX,False,0.0
ETH-USD,0.0000145,3334.99576,66883387,2025-12-10T14:00:00.110Z,2025-12-10 14:00:00.110000+00:00,1.45e-05,3334.99576,ETH-USD,dydx,DEX,False,0.0
ETH-USD,0.0000035,3320.176157,66889077,2025-12-10T15:00:00.247Z,2025-12-10 15:00:00.247000+00:00,3.5e-06,3320.176157,ETH-USD,dydx,DEX,False,0.0
ETH-USD,-0.000008,3328.352835,66894601,2025-12-10T16:00:00.344Z,2025-12-10 16:00:00.344000+00:00,-8e-06,3328.352835,ETH-USD,dydx,DEX,False,0.0
ETH-USD,0.000016375,3351.970394,66900117,2025-12-10T17:00:00.328Z,2025-12-10 17:00:00.328000+00:00,1.6375e-05,3351.970394,ETH-USD,dydx,DEX,False,0.0
ETH-USD,0.00000725,3371.160019,66905617,2025-12-10T18:00:00.128Z,2025-12-10 18:00:00.128000+00:00,7.25e-06,3371.160019,ETH-USD,dydx,DEX,False,0.0
ETH-USD,-0.000003375,3382.466493,66911137,2025-12-10T19:00:00.515Z,2025-12-10 19:00:00.515000+00:00,-3.375e-06,3382.466493,ETH-USD,dydx,DEX,False,0.0
ETH-USD,-0.000010125,3390.93,66916397,2025-12-10T20:00:00.646Z,2025-12-10 20:00:00.646000+00:00,-1.0125e-05,3390.93,ETH-USD,dydx,DEX,False,0.0
ETH-USD,-0.000011375,3356.393679,66921788,2025-12-10T21:00:00.175Z,2025-12-10 21:00:00.175000+00:00,-1.1375e-05,3356.393679,ETH-USD,dydx,DEX,False,0.0
ETH-USD,-0.000014875,3340.08,66927278,2025-12-10T22:00:00.396Z,2025-12-10 22:00:00.396000+00:00,-1.4875e-05,3340.08,ETH-USD,dydx,DEX,False,0.0
ETH-USD,-0.000018875,3348.59,66932824,2025-12-10T23:00:00.479Z,2025-12-10 23:00:00.479000+00:00,-1.8875e-05,3348.59,ETH-USD,dydx,DEX,False,0.0
ETH-USD,-0.0000145,3324.103262,66938343,2025-12-11T00:00:00.099Z,2025-12-11 00:00:00.099000+00:00,-1.45e-05,3324.103262,ETH-USD,dydx,DEX,False,0.0
ETH-USD,-0.000010875,3279.271756,66943789,2025-12-11T01:00:00.452Z,2025-12-11 01:00:00.452000+00:00,-1.0875e-05,3279.271756,ETH-USD,dydx,DEX,False,0.0
ETH-USD,0.000001125,3255.19312,66949258,2025-12-11T02:00:00.114Z,2025-12-11 02:00:00.114000+00:00,1.125e-06,3255.19312,ETH-USD,dydx,DEX,False,0.0
ETH-USD,-0.0000035,3210.014005,66954738,2025-12-11T03:00:00.268Z,2025-12-11 03:00:00.268000+00:00,-3.5e-06,3210.014005,ETH-USD,dydx,DEX,False,0.0
ETH-USD,0.0000025,3193.195306,66960153,2025-12-11T04:00:00.354Z,2025-12-11 04:00:00.354000+00:00,2.5e-06,3193.195306,ETH-USD,dydx,DEX,False,0.0
ETH-USD,0.00000275,3216.206482,66965677,2025-12-11T05:00:00.232Z,2025-12-11 05:00:00.232000+00:00,2.75e-06,3216.206482,ETH-USD,dydx,DEX,False,0.0
ETH-USD,0.00000075,3215.265063,66971179,2025-12-11T06:00:00.243Z,2025-12-11 06:00:00.243000+00:00,7.5e-07,3215.265063,ETH-USD,dydx,DEX,False,0.0
ETH-USD,-0.000001,3204.447742,66976667,2025-12-11T07:00:00.071Z,2025-12-11 07:00:00.071000+00:00,-1e-06,3204.447742,ETH-USD,dydx,DEX,False,0.0
ETH-USD,0.000004625,3202.363704,66982168,2025-12-11T08:00:00.395Z,2025-12-11 08:00:00.395000+00:00,4.625e-06,3202.363704,ETH-USD,dydx,DEX,False,0.0
ETH-USD,0.00000425,3199.119647,66987546,2025-12-11T09:00:00.611Z,2025-12-11 09:00:00.611000+00:00,4.25e-06,3199.119647,ETH-USD,dydx,DEX,False,0.0
ETH-USD,0.0000005,3199.920002,66992950,2025-12-11T10:00:00.537Z,2025-12-11 10:00:00.537000+00:00,5e-07,3199.920002,ETH-USD,dydx,DEX,False,0.0
ETH-USD,0.00000675,3197.719315,66998405,2025-12-11T11:00:00.030Z,2025-12-11 11:00:00.030000+00:00,6.75e-06,3197.719315,ETH-USD,dydx,DEX,False,0.0
ETH-USD,-0.000001,3194.508352,67003890,2025-12-11T12:00:00.287Z,2025-12-11 12:00:00.287000+00:00,-1e-06,3194.508352,ETH-USD,dydx,DEX,False,0.0
ETH-USD,0.0000095,3199.36,67009388,2025-12-11T13:00:00.112Z,2025-12-11 13:00:00.112000+00:00,9.5e-06,3199.36,ETH-USD,dydx,DEX,False,0.0
ETH-USD,0.000001625,3192.07,67014845,2025-12-11T14:00:00.244Z,2025-12-11 14:00:00.244000+00:00,1.625e-06,3192.07,ETH-USD,dydx,DEX,False,0.0
ETH-USD,0.000006125,3160.984006,67020430,2025-12-11T15:00:00.560Z,2025-12-11 15:00:00.560000+00:00,6.125e-06,3160.984006,ETH-USD,dydx,DEX,False,0.0
ETH-USD,0.000030375,3181.16,67025874,2025-12-11T16:00:00.135Z,2025-12-11 16:00:00.135000+00:00,3.0375e-05,3181.16,ETH-USD,dydx,DEX,False,0.0
ETH-USD,0.0000215,3175.452635,67031432,2025-12-11T17:00:00.461Z,2025-12-11 17:00:00.461000+00:00,2.15e-05,3175.452635,ETH-USD,dydx,DEX,False,0.0
ETH-USD,0.00003925,3181.766353,67036957,2025-12-11T18:00:00.180Z,2025-12-11 18:00:00.180000+00:00,3.925e-05,3181.766353,ETH-USD,dydx,DEX,False,0.0
ETH-USD,0.000040625,3204.04,67042471,2025-12-11T19:00:00.050Z,2025-12-11 19:00:00.050000+00:00,4.0625e-05,3204.04,ETH-USD,dydx,DEX,False,0.0
ETH-USD,0.000039625,3195.242159,67047987,2025-12-11T20:00:00.519Z,2025-12-11 20:00:00.519000+00:00,3.9625e-05,3195.242159,ETH-USD,dydx,DEX,False,0.0
ETH-USD,0.00003425,3223.65473,67053562,2025-12-11T21:00:00.409Z,2025-12-11 21:00:00.409000+00:00,3.425e-05,3223.65473,ETH-USD,dydx,DEX,False,0.0
ETH-USD,0.0000315,3250.239534,67059038,2025-12-11T22:00:00.132Z,2025-12-11 22:00:00.132000+00:00,3.15e-05,3250.239534,ETH-USD,dydx,DEX,False,0.0
ETH-USD,0.00003925,3239.763052,67064514,2025-12-11T23:00:00.599Z,2025-12-11 23:00:00.599000+00:00,3.925e-05,3239.763052,ETH-USD,dydx,DEX,False,0.0
ETH-USD,0.000034125,3238.321496,67069967,2025-12-12T00:00:00.050Z,2025-12-12 00:00:00.050000+00:00,3.4125e-05,3238.321496,ETH-USD,dydx,DEX,False,0.0
ETH-USD,0.000023875,3189.887236,67075442,2025-12-12T01:00:00.510Z,2025-12-12 01:00:00.510000+00:00,2.3875e-05,3189.887236,ETH-USD,dydx,DEX,False,0.0
ETH-USD,0.000023875,3189.887236,67075442,2025-12-12T01:00:00.510Z,2025-12-12 01:00:00.510000+00:00,2.3875e-05,3189.887236,ETH-USD,dydx,DEX,False,0.0
ETH-USD,0.000022625,3237.361208,67080944,2025-12-12T02:00:00.169Z,2025-12-12 02:00:00.169000+00:00,2.2625e-05,3237.361208,ETH-USD,dydx,DEX,False,0.0
ETH-USD,0.000031375,3259.823353,67086468,2025-12-12T03:00:00.325Z,2025-12-12 03:00:00.325000+00:00,3.1375e-05,3259.823353,ETH-USD,dydx,DEX,False,0.0
ETH-USD,0.000037,3246.53,67091968,2025-12-12T04:00:00.373Z,2025-12-12 04:00:00.373000+00:00,3.7e-05,3246.53,ETH-USD,dydx,DEX,False,0.0
ETH-USD,0.000029625,3249.1,67097433,2025-12-12T05:00:00.512Z,2025-12-12 05:00:00.512000+00:00,2.9625e-05,3249.1,ETH-USD,dydx,DEX,False,0.0
ETH-USD,0.00002525,3249.059811,67102915,2025-12-12T06:00:00.151Z,2025-12-12 06:00:00.151000+00:00,2.525e-05,3249.059811,ETH-USD,dydx,DEX,False,0.0
ETH-USD,0.000030875,3254.413307,67108465,2025-12-12T07:00:00.216Z,2025-12-12 07:00:00.216000+00:00,3.0875e-05,3254.413307,ETH-USD,dydx,DEX,False,0.0
ETH-USD,0.000026875,3247.409859,67113932,2025-12-12T08:00:00.402Z,2025-12-12 08:00:00.402000+00:00,2.6875e-05,3247.409859,ETH-USD,dydx,DEX,False,0.0
ETH-USD,0.000019125,3244.703411,67119347,2025-12-12T09:00:00.552Z,2025-12-12 09:00:00.552000+00:00,1.9125e-05,3244.703411,ETH-USD,dydx,DEX,False,0.0
ETH-USD,0.000020875,3252.690538,67124783,2025-12-12T10:00:00.328Z,2025-12-12 10:00:00.328000+00:00,2.0875e-05,3252.690538,ETH-USD,dydx,DEX,False,0.0
ETH-USD,0.0000195,3245.053516,67130245,2025-12-12T11:00:00.079Z,2025-12-12 11:00:00.079000+00:00,1.95e-05,3245.053516,ETH-USD,dydx,DEX,False,0.0
ETH-USD,0.000021875,3243.119485,67135690,2025-12-12T12:00:00.214Z,2025-12-12 12:00:00.214000+00:00,2.1875e-05,3243.119485,ETH-USD,dydx,DEX,False,0.0
ETH-USD,0.00002025,3248.229645,67141083,2025-12-12T13:00:00.145Z,2025-12-12 13:00:00.145000+00:00,2.025e-05,3248.229645,ETH-USD,dydx,DEX,False,0.0
ETH-USD,0.000014875,3242.832849,67146462,2025-12-12T14:00:00.548Z,2025-12-12 14:00:00.548000+00:00,1.4875e-05,3242.832849,ETH-USD,dydx,DEX,False,0.0
ETH-USD,0.000013125,3233.445719,67151966,2025-12-12T15:00:00.439Z,2025-12-12 15:00:00.439000+00:00,1.3125e-05,3233.445719,ETH-USD,dydx,DEX,False,0.0
ETH-USD,0.00001025,3074.300366,67157366,2025-12-12T16:00:00.586Z,2025-12-12 16:00:00.586000+00:00,1.025e-05,3074.300366,ETH-USD,dydx,DEX,False,0.0
ETH-USD,0.000016875,3069.040712,67162782,2025-12-12T17:00:00.011Z,2025-12-12 17:00:00.011000+00:00,1.6875e-05,3069.040712,ETH-USD,dydx,DEX,False,0.0
ETH-USD,0.000015875,3066.939154,67168159,2025-12-12T18:00:00.603Z,2025-12-12 18:00:00.603000+00:00,1.5875e-05,3066.939154,ETH-USD,dydx,DEX,False,0.0
ETH-USD,-0.0000085,3081.714514,67173717,2025-12-12T19:00:00.609Z,2025-12-12 19:00:00.609000+00:00,-8.5e-06,3081.714514,ETH-USD,dydx,DEX,False,0.0
ETH-USD,-0.000023,3073.951841,67179207,2025-12-12T20:00:00.254Z,2025-12-12 20:00:00.254000+00:00,-2.3e-05,3073.951841,ETH-USD,dydx,DEX,False,0.0
ETH-USD,-0.00001525,3082.366058,67184832,2025-12-12T21:00:00.411Z,2025-12-12 21:00:00.411000+00:00,-1.525e-05,3082.366058,ETH-USD,dydx,DEX,False,0.0
ETH-USD,-0.000012875,3082.316463,67190397,2025-12-12T22:00:00.011Z,2025-12-12 22:00:00.011000+00:00,-1.2875e-05,3082.316463,ETH-USD,dydx,DEX,False,0.0
ETH-USD,-0.000004625,3092.578521,67195994,2025-12-12T23:00:00.058Z,2025-12-12 23:00:00.058000+00:00,-4.625e-06,3092.578521,ETH-USD,dydx,DEX,False,0.0
ETH-USD,-0.000005,3085.244896,67201649,2025-12-13T00:00:00.928Z,2025-12-13 00:00:00.928000+00:00,-5e-06,3085.244896,ETH-USD,dydx,DEX,False,0.0
ETH-USD,-0.000005375,3086.625987,67207272,2025-12-13T01:00:00.300Z,2025-12-13 01:00:00.300000+00:00,-5.375e-06,3086.625987,ETH-USD,dydx,DEX,False,0.0
ETH-USD,-0.00000025,3084.13524,67212806,2025-12-13T02:00:00.532Z,2025-12-13 02:00:00.532000+00:00,-2.5e-07,3084.13524,ETH-USD,dydx,DEX,False,0.0
ETH-USD,-0.000001,3085.857171,67218399,2025-12-13T03:00:00.393Z,2025-12-13 03:00:00.393000+00:00,-1e-06,3085.857171,ETH-USD,dydx,DEX,False,0.0
ETH-USD,-0.0000005,3090.521547,67223963,2025-12-13T04:00:00.248Z,2025-12-13 04:00:00.248000+00:00,-5e-07,3090.521547,ETH-USD,dydx,DEX,False,0.0
ETH-USD,0.000001875,3090.407122,67229515,2025-12-13T05:00:00.591Z,2025-12-13 05:00:00.591000+00:00,1.875e-06,3090.407122,ETH-USD,dydx,DEX,False,0.0
ETH-USD,-0.000004,3090.344167,67235025,2025-12-13T06:00:00.536Z,2025-12-13 06:00:00.536000+00:00,-4e-06,3090.344167,ETH-USD,dydx,DEX,False,0.0
ETH-USD,-0.000018,3095.404242,67240590,2025-12-13T07:00:00.529Z,2025-12-13 07:00:00.529000+00:00,-1.8e-05,3095.404242,ETH-USD,dydx,DEX,False,0.0
ETH-USD,-0.000009,3095.778733,67246141,2025-12-13T08:00:00.223Z,2025-12-13 08:00:00.223000+00:00,-9e-06,3095.778733,ETH-USD,dydx,DEX,False,0.0
ETH-USD,-0.000004875,3117.185155,67251601,2025-12-13T09:00:00.295Z,2025-12-13 09:00:00.295000+00:00,-4.875e-06,3117.185155,ETH-USD,dydx,DEX,False,0.0
ETH-USD,-0.000008875,3119.613922,67257031,2025-12-13T10:00:00.586Z,2025-12-13 10:00:00.586000+00:00,-8.875e-06,3119.613922,ETH-USD,dydx,DEX,False,0.0
ETH-USD,-0.000011,3127.288186,67262548,2025-12-13T11:00:00.555Z,2025-12-13 11:00:00.555000+00:00,-1.1e-05,3127.288186,ETH-USD,dydx,DEX,False,0.0
ETH-USD,-0.000022375,3119.673934,67268123,2025-12-13T12:00:00.016Z,2025-12-13 12:00:00.016000+00:00,-2.2375e-05,3119.673934,ETH-USD,dydx,DEX,False,0.0
ETH-USD,-0.000015,3114.894468,67273695,2025-12-13T13:00:00.791Z,2025-12-13 13:00:00.791000+00:00,-1.5e-05,3114.894468,ETH-USD,dydx,DEX,False,0.0
ETH-USD,-0.0000105,3110.428565,67279249,2025-12-13T14:00:00.651Z,2025-12-13 14:00:00.651000+00:00,-1.05e-05,3110.428565,ETH-USD,dydx,DEX,False,0.0
ETH-USD,-0.000006375,3112.82,67284840,2025-12-13T15:00:00.092Z,2025-12-13 15:00:00.092000+00:00,-6.375e-06,3112.82,ETH-USD,dydx,DEX,False,0.0
ETH-USD,-0.000013125,3110.963288,67290378,2025-12-13T16:00:00.411Z,2025-12-13 16:00:00.411000+00:00,-1.3125e-05,3110.963288,ETH-USD,dydx,DEX,False,0.0
ETH-USD,-0.00000625,3105.13,67295962,2025-12-13T17:00:00.178Z,2025-12-13 17:00:00.178000+00:00,-6.25e-06,3105.13,ETH-USD,dydx,DEX,False,0.0
ETH-USD,-0.00000225,3101.265063,67301529,2025-12-13T18:00:00.093Z,2025-12-13 18:00:00.093000+00:00,-2.25e-06,3101.265063,ETH-USD,dydx,DEX,False,0.0
ETH-USD,0.000002875,3101.420426,67307130,2025-12-13T19:00:00.427Z,2025-12-13 19:00:00.427000+00:00,2.875e-06,3101.420426,ETH-USD,dydx,DEX,False,0.0
ETH-USD,0.000002375,3110.09,67312776,2025-12-13T20:00:00.228Z,2025-12-13 20:00:00.228000+00:00,2.375e-06,3110.09,ETH-USD,dydx,DEX,False,0.0
ETH-USD,-0.0000015,3104.618283,67318462,2025-12-13T21:00:00.080Z,2025-12-13 21:00:00.080000+00:00,-1.5e-06,3104.618283,ETH-USD,dydx,DEX,False,0.0
ETH-USD,-0.000007125,3113.091417,67324126,2025-12-13T22:00:00.463Z,2025-12-13 22:00:00.463000+00:00,-7.125e-06,3113.091417,ETH-USD,dydx,DEX,False,0.0
ETH-USD,0.0000005,3115.32613,67329804,2025-12-13T23:00:00.403Z,2025-12-13 23:00:00.403000+00:00,5e-07,3115.32613,ETH-USD,dydx,DEX,False,0.0
ETH-USD,-0.000003375,3115.924777,67335444,2025-12-14T00:00:00.497Z,2025-12-14 00:00:00.497000+00:00,-3.375e-06,3115.924777,ETH-USD,dydx,DEX,False,0.0
ETH-USD,-0.000005125,3120.27,67341191,2025-12-14T01:00:00.542Z,2025-12-14 01:00:00.542000+00:00,-5.125e-06,3120.27,ETH-USD,dydx,DEX,False,0.0
ETH-USD,-0.000002625,3121.19,67347088,2025-12-14T02:00:00.348Z,2025-12-14 02:00:00.348000+00:00,-2.625e-06,3121.19,ETH-USD,dydx,DEX,False,0.0
ETH-USD,0.0000015,3123.912987,67352868,2025-12-14T03:00:00.526Z,2025-12-14 03:00:00.526000+00:00,1.5e-06,3123.912987,ETH-USD,dydx,DEX,False,0.0
ETH-USD,-0.000004625,3120.378151,67358536,2025-12-14T04:00:00.291Z,2025-12-14 04:00:00.291000+00:00,-4.625e-06,3120.378151,ETH-USD,dydx,DEX,False,0.0
ETH-USD,-0.0000015,3111.823547,67364249,2025-12-14T05:00:00.617Z,2025-12-14 05:00:00.617000+00:00,-1.5e-06,3111.823547,ETH-USD,dydx,DEX,False,0.0
ETH-USD,-0.000010125,3112.143643,67369899,2025-12-14T06:00:00.308Z,2025-12-14 06:00:00.308000+00:00,-1.0125e-05,3112.143643,ETH-USD,dydx,DEX,False,0.0
ETH-USD,-0.000000875,3110.05201,67375579,2025-12-14T07:00:00.195Z,2025-12-14 07:00:00.195000+00:00,-8.75e-07,3110.05201,ETH-USD,dydx,DEX,False,0.0
ETH-USD,-0.00000125,3116.845053,67381178,2025-12-14T08:00:00.739Z,2025-12-14 08:00:00.739000+00:00,-1.25e-06,3116.845053,ETH-USD,dydx,DEX,False,0.0
ETH-USD,-0.0000075,3110.65747,67386642,2025-12-14T09:00:00.021Z,2025-12-14 09:00:00.021000+00:00,-7.5e-06,3110.65747,ETH-USD,dydx,DEX,False,0.0
ETH-USD,0.0000035,3109.651537,67392198,2025-12-14T10:00:00.120Z,2025-12-14 10:00:00.120000+00:00,3.5e-06,3109.651537,ETH-USD,dydx,DEX,False,0.0
ETH-USD,-0.0000135,3107.61883,67397842,2025-12-14T11:00:00.427Z,2025-12-14 11:00:00.427000+00:00,-1.35e-05,3107.61883,ETH-USD,dydx,DEX,False,0.0
ETH-USD,0.00000075,3086.067213,67403475,2025-12-14T12:00:00.146Z,2025-12-14 12:00:00.146000+00:00,7.5e-07,3086.067213,ETH-USD,dydx,DEX,False,0.0
ETH-USD,0.00000125,3099.45,67409054,2025-12-14T13:00:00.418Z,2025-12-14 13:00:00.418000+00:00,1.25e-06,3099.45,ETH-USD,dydx,DEX,False,0.0
ETH-USD,0.0000005,3103.30665,67414614,2025-12-14T14:00:00.439Z,2025-12-14 14:00:00.439000+00:00,5e-07,3103.30665,ETH-USD,dydx,DEX,False,0.0
ETH-USD,-0.0000145,3086.336292,67420214,2025-12-14T15:00:00.452Z,2025-12-14 15:00:00.452000+00:00,-1.45e-05,3086.336292,ETH-USD,dydx,DEX,False,0.0
ETH-USD,-0.000016,3085.585675,67425813,2025-12-14T16:00:00.532Z,2025-12-14 16:00:00.532000+00:00,-1.6e-05,3085.585675,ETH-USD,dydx,DEX,False,0.0
ETH-USD,-0.0000025,3098.579573,67431441,2025-12-14T17:00:00.389Z,2025-12-14 17:00:00.389000+00:00,-2.5e-06,3098.579573,ETH-USD,dydx,DEX,False,0.0
ETH-USD,-0.0000115,3084.986997,67437002,2025-12-14T18:00:00.355Z,2025-12-14 18:00:00.355000+00:00,-1.15e-05,3084.986997,ETH-USD,dydx,DEX,False,0.0
ETH-USD,-0.000015125,3102.680536,67442528,2025-12-14T19:00:00.066Z,2025-12-14 19:00:00.066000+00:00,-1.5125e-05,3102.680536,ETH-USD,dydx,DEX,False,0.0
ETH-USD,-0.0000265,3094.15,67448011,2025-12-14T20:00:00.528Z,2025-12-14 20:00:00.528000+00:00,-2.65e-05,3094.15,ETH-USD,dydx,DEX,False,0.0
ETH-USD,-0.000021,3084.505382,67453539,2025-12-14T21:00:00.577Z,2025-12-14 21:00:00.577000+00:00,-2.1e-05,3084.505382,ETH-USD,dydx,DEX,False,0.0
ETH-USD,-0.000011875,3082.546469,67459012,2025-12-14T22:00:00.484Z,2025-12-14 22:00:00.484000+00:00,-1.1875e-05,3082.546469,ETH-USD,dydx,DEX,False,0.0
ETH-USD,-0.00001175,3075.522656,67464524,2025-12-14T23:00:00.307Z,2025-12-14 23:00:00.307000+00:00,-1.175e-05,3075.522656,ETH-USD,dydx,DEX,False,0.0
ETH-USD,-0.000006125,3063.431941,67469967,2025-12-15T00:00:00.697Z,2025-12-15 00:00:00.697000+00:00,-6.125e-06,3063.431941,ETH-USD,dydx,DEX,False,0.0
ETH-USD,0.000002125,3074.445936,67475470,2025-12-15T01:00:00.394Z,2025-12-15 01:00:00.394000+00:00,2.125e-06,3074.445936,ETH-USD,dydx,DEX,False,0.0
ETH-USD,0.000009875,3109.892967,67480955,2025-12-15T02:00:00.154Z,2025-12-15 02:00:00.154000+00:00,9.875e-06,3109.892967,ETH-USD,dydx,DEX,False,0.0
ETH-USD,-0.0000005,3120.89,67486447,2025-12-15T03:00:00.523Z,2025-12-15 03:00:00.523000+00:00,-5e-07,3120.89,ETH-USD,dydx,DEX,False,0.0
ETH-USD,-0.000000625,3108.275097,67491894,2025-12-15T04:00:00.316Z,2025-12-15 04:00:00.316000+00:00,-6.25e-07,3108.275097,ETH-USD,dydx,DEX,False,0.0
ETH-USD,-0.0000015,3123.542354,67497401,2025-12-15T05:00:00.345Z,2025-12-15 05:00:00.345000+00:00,-1.5e-06,3123.542354,ETH-USD,dydx,DEX,False,0.0
ETH-USD,0,3121.344268,67502895,2025-12-15T06:00:00.100Z,2025-12-15 06:00:00.100000+00:00,0.0,3121.344268,ETH-USD,dydx,DEX,False,0.0
ETH-USD,0.0000005,3138.046313,67508392,2025-12-15T07:00:00.179Z,2025-12-15 07:00:00.179000+00:00,5e-07,3138.046313,ETH-USD,dydx,DEX,False,0.0
ETH-USD,0.000005125,3129.622962,67513879,2025-12-15T08:00:00.385Z,2025-12-15 08:00:00.385000+00:00,5.125e-06,3129.622962,ETH-USD,dydx,DEX,False,0.0
ETH-USD,0.0000045,3140.974097,67519265,2025-12-15T09:00:00.404Z,2025-12-15 09:00:00.404000+00:00,4.5e-06,3140.974097,ETH-USD,dydx,DEX,False,0.0
ETH-USD,-0.000000625,3155.324771,67524611,2025-12-15T10:00:00.131Z,2025-12-15 10:00:00.131000+00:00,-6.25e-07,3155.324771,ETH-USD,dydx,DEX,False,0.0
ETH-USD,0.0000025,3160.133948,67530048,2025-12-15T11:00:00.382Z,2025-12-15 11:00:00.382000+00:00,2.5e-06,3160.133948,ETH-USD,dydx,DEX,False,0.0
ETH-USD,0.00000325,3157.211947,67535468,2025-12-15T12:00:00.177Z,2025-12-15 12:00:00.177000+00:00,3.25e-06,3157.211947,ETH-USD,dydx,DEX,False,0.0
ETH-USD,0.000007,3157.0057,67541121,2025-12-15T13:00:00.127Z,2025-12-15 13:00:00.127000+00:00,7e-06,3157.0057,ETH-USD,dydx,DEX,False,0.0
ETH-USD,0.000007875,3133.81,67546829,2025-12-15T14:00:00.399Z,2025-12-15 14:00:00.399000+00:00,7.875e-06,3133.81,ETH-USD,dydx,DEX,False,0.0
ETH-USD,0.000002125,3049.275633,67552366,2025-12-15T15:00:00.500Z,2025-12-15 15:00:00.500000+00:00,2.125e-06,3049.275633,ETH-USD,dydx,DEX,False,0.0
ETH-USD,0.00000225,3011.349424,67557578,2025-12-15T16:00:00.374Z,2025-12-15 16:00:00.374000+00:00,2.25e-06,3011.349424,ETH-USD,dydx,DEX,False,0.0
ETH-USD,0.000002125,2990.299029,67562905,2025-12-15T17:00:00.244Z,2025-12-15 17:00:00.244000+00:00,2.125e-06,2990.299029,ETH-USD,dydx,DEX,False,0.0
ETH-USD,0.000000875,2937.433743,67568249,2025-12-15T18:00:00.544Z,2025-12-15 18:00:00.544000+00:00,8.75e-07,2937.433743,ETH-USD,dydx,DEX,False,0.0
ETH-USD,0.000011,2939.373937,67573567,2025-12-15T19:00:00.892Z,2025-12-15 19:00:00.892000+00:00,1.1e-05,2939.373937,ETH-USD,dydx,DEX,False,0.0
ETH-USD,0.00000225,2940.641186,67578855,2025-12-15T20:00:00.472Z,2025-12-15 20:00:00.472000+00:00,2.25e-06,2940.641186,ETH-USD,dydx,DEX,False,0.0
ETH-USD,0.000003375,2929.249847,67584161,2025-12-15T21:00:00.575Z,2025-12-15 21:00:00.575000+00:00,3.375e-06,2929.249847,ETH-USD,dydx,DEX,False,0.0
ETH-USD,0.000003875,2944.65,67589518,2025-12-15T22:00:00.511Z,2025-12-15 22:00:00.511000+00:00,3.875e-06,2944.65,ETH-USD,dydx,DEX,False,0.0
ETH-USD,-0.00000525,2952.565248,67594876,2025-12-15T23:00:00.299Z,2025-12-15 23:00:00.299000+00:00,-5.25e-06,2952.565248,ETH-USD,dydx,DEX,False,0.0
ETH-USD,0.00000275,2964.98,67600234,2025-12-16T00:00:00.361Z,2025-12-16 00:00:00.361000+00:00,2.75e-06,2964.98,ETH-USD,dydx,DEX,False,0.0
ETH-USD,0.00000275,2941.322342,67605614,2025-12-16T01:00:00.336Z,2025-12-16 01:00:00.336000+00:00,2.75e-06,2941.322342,ETH-USD,dydx,DEX,False,0.0
ETH-USD,0.000004,2946.943242,67610941,2025-12-16T02:00:00.401Z,2025-12-16 02:00:00.401000+00:00,4e-06,2946.943242,ETH-USD,dydx,DEX,False,0.0
ETH-USD,0.00000075,2946.164288,67616315,2025-12-16T03:00:00.461Z,2025-12-16 03:00:00.461000+00:00,7.5e-07,2946.164288,ETH-USD,dydx,DEX,False,0.0
ETH-USD,-0.00000325,2936.316368,67621664,2025-12-16T04:00:00.761Z,2025-12-16 04:00:00.761000+00:00,-3.25e-06,2936.316368,ETH-USD,dydx,DEX,False,0.0
ETH-USD,-0.00000325,2936.316368,67621664,2025-12-16T04:00:00.761Z,2025-12-16 04:00:00.761000+00:00,-3.25e-06,2936.316368,ETH-USD,dydx,DEX,False,0.0
ETH-USD,0.000003625,2918.591196,67627107,2025-12-16T05:00:00.199Z,2025-12-16 05:00:00.199000+00:00,3.625e-06,2918.591196,ETH-USD,dydx,DEX,False,0.0
ETH-USD,0.00001075,2923.05,67632530,2025-12-16T06:00:00.348Z,2025-12-16 06:00:00.348000+00:00,1.075e-05,2923.05,ETH-USD,dydx,DEX,False,0.0
ETH-USD,0.00002675,2944.822751,67638041,2025-12-16T07:00:00.231Z,2025-12-16 07:00:00.231000+00:00,2.675e-05,2944.822751,ETH-USD,dydx,DEX,False,0.0
ETH-USD,0.0000225,2923.79,67643520,2025-12-16T08:00:00.575Z,2025-12-16 08:00:00.575000+00:00,2.25e-05,2923.79,ETH-USD,dydx,DEX,False,0.0
ETH-USD,0.000014875,2931.470042,67648930,2025-12-16T09:00:00.255Z,2025-12-16 09:00:00.255000+00:00,1.4875e-05,2931.470042,ETH-USD,dydx,DEX,False,0.0
ETH-USD,0.000006,2926.31,67654358,2025-12-16T10:00:00.279Z,2025-12-16 10:00:00.279000+00:00,6e-06,2926.31,ETH-USD,dydx,DEX,False,0.0
ETH-USD,0.000009,2947.655722,67659835,2025-12-16T11:00:00.474Z,2025-12-16 11:00:00.474000+00:00,9e-06,2947.655722,ETH-USD,dydx,DEX,False,0.0
ETH-USD,0.000006875,2956.86,67665293,2025-12-16T12:00:00.182Z,2025-12-16 12:00:00.182000+00:00,6.875e-06,2956.86,ETH-USD,dydx,DEX,False,0.0
ETH-USD,0.0000135,2951.434856,67670808,2025-12-16T13:00:00.197Z,2025-12-16 13:00:00.197000+00:00,1.35e-05,2951.434856,ETH-USD,dydx,DEX,False,0.0
ETH-USD,0.000013375,2910.468953,67676254,2025-12-16T14:00:00.524Z,2025-12-16 14:00:00.524000+00:00,1.3375e-05,2910.468953,ETH-USD,dydx,DEX,False,0.0
ETH-USD,0.000001,2939.926007,67681762,2025-12-16T15:00:00.096Z,2025-12-16 15:00:00.096000+00:00,1e-06,2939.926007,ETH-USD,dydx,DEX,False,0.0
ETH-USD,0.000007625,2962.93,67687215,2025-12-16T16:00:00.511Z,2025-12-16 16:00:00.511000+00:00,7.625e-06,2962.93,ETH-USD,dydx,DEX,False,0.0
ETH-USD,0.00000325,2937.504829,67692695,2025-12-16T17:00:00.354Z,2025-12-16 17:00:00.354000+00:00,3.25e-06,2937.504829,ETH-USD,dydx,DEX,False,0.0
ETH-USD,0.00001675,2918.83,67698147,2025-12-16T18:00:00.438Z,2025-12-16 18:00:00.438000+00:00,1.675e-05,2918.83,ETH-USD,dydx,DEX,False,0.0
ETH-USD,0.000012125,2951.549658,67703650,2025-12-16T19:00:00.467Z,2025-12-16 19:00:00.467000+00:00,1.2125e-05,2951.549658,ETH-USD,dydx,DEX,False,0.0
ETH-USD,0.000016375,2946.169991,67709158,2025-12-16T20:00:00.157Z,2025-12-16 20:00:00.157000+00:00,1.6375e-05,2946.169991,ETH-USD,dydx,DEX,False,0.0
ETH-USD,0.00002175,2947.37221,67714682,2025-12-16T21:00:00.075Z,2025-12-16 21:00:00.075000+00:00,2.175e-05,2947.37221,ETH-USD,dydx,DEX,False,0.0
ETH-USD,0.00001875,2950.39996,67720256,2025-12-16T22:00:00.416Z,2025-12-16 22:00:00.416000+00:00,1.875e-05,2950.39996,ETH-USD,dydx,DEX,False,0.0
ETH-USD,0.000026375,2953.673456,67725894,2025-12-16T23:00:00.301Z,2025-12-16 23:00:00.301000+00:00,2.6375e-05,2953.673456,ETH-USD,dydx,DEX,False,0.0
ETH-USD,0.000021875,2961.73342,67731508,2025-12-17T00:00:00.068Z,2025-12-17 00:00:00.068000+00:00,2.1875e-05,2961.73342,ETH-USD,dydx,DEX,False,0.0
ETH-USD,0.00002225,2949.752005,67737140,2025-12-17T01:00:00.045Z,2025-12-17 01:00:00.045000+00:00,2.225e-05,2949.752005,ETH-USD,dydx,DEX,False,0.0
ETH-USD,0.0000155,2953.83,67742708,2025-12-17T02:00:00.132Z,2025-12-17 02:00:00.132000+00:00,1.55e-05,2953.83,ETH-USD,dydx,DEX,False,0.0
ETH-USD,0.000018875,2959.44,67748313,2025-12-17T03:00:00.560Z,2025-12-17 03:00:00.560000+00:00,1.8875e-05,2959.44,ETH-USD,dydx,DEX,False,0.0
ETH-USD,0.000021125,2946.29537,67753850,2025-12-17T04:00:00.650Z,2025-12-17 04:00:00.650000+00:00,2.1125e-05,2946.29537,ETH-USD,dydx,DEX,False,0.0
ETH-USD,0.000011125,2931.919473,67759444,2025-12-17T05:00:00.284Z,2025-12-17 05:00:00.284000+00:00,1.1125e-05,2931.919473,ETH-USD,dydx,DEX,False,0.0
ETH-USD,0.00000125,2930.471735,67765036,2025-12-17T06:00:00.285Z,2025-12-17 06:00:00.285000+00:00,1.25e-06,2930.471735,ETH-USD,dydx,DEX,False,0.0
ETH-USD,0.000008,2935.286471,67770590,2025-12-17T07:00:00.009Z,2025-12-17 07:00:00.009000+00:00,8e-06,2935.286471,ETH-USD,dydx,DEX,False,0.0
ETH-USD,0.000002875,2947.400519,67776145,2025-12-17T08:00:00.390Z,2025-12-17 08:00:00.390000+00:00,2.875e-06,2947.400519,ETH-USD,dydx,DEX,False,0.0
ETH-USD,0.000020875,2925.187481,67781697,2025-12-17T09:00:00.243Z,2025-12-17 09:00:00.243000+00:00,2.0875e-05,2925.187481,ETH-USD,dydx,DEX,False,0.0
ETH-USD,0.00001075,2922.575494,67787292,2025-12-17T10:00:00.716Z,2025-12-17 10:00:00.716000+00:00,1.075e-05,2922.575494,ETH-USD,dydx,DEX,False,0.0
ETH-USD,0.0000135,2920.047995,67792861,2025-12-17T11:00:00.095Z,2025-12-17 11:00:00.095000+00:00,1.35e-05,2920.047995,ETH-USD,dydx,DEX,False,0.0
ETH-USD,0.000031625,2927.253907,67798498,2025-12-17T12:00:00.080Z,2025-12-17 12:00:00.080000+00:00,3.1625e-05,2927.253907,ETH-USD,dydx,DEX,False,0.0
ETH-USD,0.00002025,2924.975004,67804154,2025-12-17T13:00:00.310Z,2025-12-17 13:00:00.310000+00:00,2.025e-05,2924.975004,ETH-USD,dydx,DEX,False,0.0
ETH-USD,0.000010125,2944.941011,67809763,2025-12-17T14:00:00.283Z,2025-12-17 14:00:00.283000+00:00,1.0125e-05,2944.941011,ETH-USD,dydx,DEX,False,0.0
ETH-USD,0.00000675,2993.901219,67815441,2025-12-17T15:00:00.449Z,2025-12-17 15:00:00.449000+00:00,6.75e-06,2993.901219,ETH-USD,dydx,DEX,False,0.0
ETH-USD,0.000006375,2903.780078,67821023,2025-12-17T16:00:00.208Z,2025-12-17 16:00:00.208000+00:00,6.375e-06,2903.780078,ETH-USD,dydx,DEX,False,0.0
ETH-USD,0.0000065,2863.857228,67826590,2025-12-17T17:00:00.390Z,2025-12-17 17:00:00.390000+00:00,6.5e-06,2863.857228,ETH-USD,dydx,DEX,False,0.0
ETH-USD,0.000002875,2847.529449,67832149,2025-12-17T18:00:00.665Z,2025-12-17 18:00:00.665000+00:00,2.875e-06,2847.529449,ETH-USD,dydx,DEX,False,0.0
ETH-USD,0.000001625,2812.585138,67837767,2025-12-17T19:00:00.184Z,2025-12-17 19:00:00.184000+00:00,1.625e-06,2812.585138,ETH-USD,dydx,DEX,False,0.0
ETH-USD,0.000013625,2820.016658,67843298,2025-12-17T20:00:00.618Z,2025-12-17 20:00:00.618000+00:00,1.3625e-05,2820.016658,ETH-USD,dydx,DEX,False,0.0
ETH-USD,0.000004625,2822.64547,67848932,2025-12-17T21:00:00.422Z,2025-12-17 21:00:00.422000+00:00,4.625e-06,2822.64547,ETH-USD,dydx,DEX,False,0.0
ETH-USD,0.000003875,2817.982524,67854548,2025-12-17T22:00:00.552Z,2025-12-17 22:00:00.552000+00:00,3.875e-06,2817.982524,ETH-USD,dydx,DEX,False,0.0
ETH-USD,-0.000002875,2835.2759,67860195,2025-12-17T23:00:00.165Z,2025-12-17 23:00:00.165000+00:00,-2.875e-06,2835.2759,ETH-USD,dydx,DEX,False,0.0
ETH-USD,-0.0000325,2833.873225,67865861,2025-12-18T00:00:00.557Z,2025-12-18 00:00:00.557000+00:00,-3.25e-05,2833.873225,ETH-USD,dydx,DEX,False,0.0
ETH-USD,-0.0000485,2835.76251,67871575,2025-12-18T01:00:00.140Z,2025-12-18 01:00:00.140000+00:00,-4.85e-05,2835.76251,ETH-USD,dydx,DEX,False,0.0
ETH-USD,-0.000035125,2827.784443,67877291,2025-12-18T02:00:00.941Z,2025-12-18 02:00:00.941000+00:00,-3.5125e-05,2827.784443,ETH-USD,dydx,DEX,False,0.0
ETH-USD,-0.000047375,2836.782643,67882930,2025-12-18T03:00:00.432Z,2025-12-18 03:00:00.432000+00:00,-4.7375e-05,2836.782643,ETH-USD,dydx,DEX,False,0.0
ETH-USD,-0.000038,2830.923815,67888520,2025-12-18T04:00:00.327Z,2025-12-18 04:00:00.327000+00:00,-3.8e-05,2830.923815,ETH-USD,dydx,DEX,False,0.0
ETH-USD,-0.000033375,2838.290569,67894139,2025-12-18T05:00:00.292Z,2025-12-18 05:00:00.292000+00:00,-3.3375e-05,2838.290569,ETH-USD,dydx,DEX,False,0.0
ETH-USD,-0.000027875,2825.312406,67899739,2025-12-18T06:00:00.006Z,2025-12-18 06:00:00.006000+00:00,-2.7875e-05,2825.312406,ETH-USD,dydx,DEX,False,0.0
ETH-USD,-0.000010875,2829.762736,67905346,2025-12-18T07:00:00.424Z,2025-12-18 07:00:00.424000+00:00,-1.0875e-05,2829.762736,ETH-USD,dydx,DEX,False,0.0
ETH-USD,-0.0000085,2835.349395,67910934,2025-12-18T08:00:00.654Z,2025-12-18 08:00:00.654000+00:00,-8.5e-06,2835.349395,ETH-USD,dydx,DEX,False,0.0
ETH-USD,-0.000004875,2840.421915,67916397,2025-12-18T09:00:00.123Z,2025-12-18 09:00:00.123000+00:00,-4.875e-06,2840.421915,ETH-USD,dydx,DEX,False,0.0
ETH-USD,-0.00001875,2851.427745,67921951,2025-12-18T10:00:00.326Z,2025-12-18 10:00:00.326000+00:00,-1.875e-05,2851.427745,ETH-USD,dydx,DEX,False,0.0
ETH-USD,-0.000012375,2857.13,67927525,2025-12-18T11:00:00.677Z,2025-12-18 11:00:00.677000+00:00,-1.2375e-05,2857.13,ETH-USD,dydx,DEX,False,0.0
ETH-USD,-0.000020625,2857.737678,67933062,2025-12-18T12:00:00.447Z,2025-12-18 12:00:00.447000+00:00,-2.0625e-05,2857.737678,ETH-USD,dydx,DEX,False,0.0
ETH-USD,-0.000020125,2871.055879,67938710,2025-12-18T13:00:00.390Z,2025-12-18 13:00:00.390000+00:00,-2.0125e-05,2871.055879,ETH-USD,dydx,DEX,False,0.0
ETH-USD,-0.00000325,2963.587282,67944313,2025-12-18T14:00:00.022Z,2025-12-18 14:00:00.022000+00:00,-3.25e-06,2963.587282,ETH-USD,dydx,DEX,False,0.0
ETH-USD,0.000021875,2949.445166,67950037,2025-12-18T15:00:00.580Z,2025-12-18 15:00:00.580000+00:00,2.1875e-05,2949.445166,ETH-USD,dydx,DEX,False,0.0
ETH-USD,0,2963.371417,67955614,2025-12-18T16:00:00.102Z,2025-12-18 16:00:00.102000+00:00,0.0,2963.371417,ETH-USD,dydx,DEX,False,0.0
ETH-USD,0.00001,2943.576926,67961207,2025-12-18T17:00:00.371Z,2025-12-18 17:00:00.371000+00:00,1e-05,2943.576926,ETH-USD,dydx,DEX,False,0.0
ETH-USD,0.0000045,2843.502598,67966721,2025-12-18T18:00:00.553Z,2025-12-18 18:00:00.553000+00:00,4.5e-06,2843.502598,ETH-USD,dydx,DEX,False,0.0
ETH-USD,0.00000575,2826.439424,67972303,2025-12-18T19:00:00.454Z,2025-12-18 19:00:00.454000+00:00,5.75e-06,2826.439424,ETH-USD,dydx,DEX,False,0.0
ETH-USD,0.000002,2781.3302,67977869,2025-12-18T20:00:00.562Z,2025-12-18 20:00:00.562000+00:00,2e-06,2781.3302,ETH-USD,dydx,DEX,False,0.0
ETH-USD,0.000021625,2781.331511,67983479,2025-12-18T21:00:00.163Z,2025-12-18 21:00:00.163000+00:00,2.1625e-05,2781.331511,ETH-USD,dydx,DEX,False,0.0
ETH-USD,0.000016625,2826.864241,67989071,2025-12-18T22:00:00.528Z,2025-12-18 22:00:00.528000+00:00,1.6625e-05,2826.864241,ETH-USD,dydx,DEX,False,0.0
ETH-USD,0.000013625,2826.962615,67994704,2025-12-18T23:00:00.379Z,2025-12-18 23:00:00.379000+00:00,1.3625e-05,2826.962615,ETH-USD,dydx,DEX,False,0.0
ETH-USD,0.0000245,2828.061581,68000338,2025-12-19T00:00:00.100Z,2025-12-19 00:00:00.100000+00:00,2.45e-05,2828.061581,ETH-USD,dydx,DEX,False,0.0
ETH-USD,0.000007875,2829.171248,68006025,2025-12-19T01:00:00.324Z,2025-12-19 01:00:00.324000+00:00,7.875e-06,2829.171248,ETH-USD,dydx,DEX,False,0.0
ETH-USD,0.000001125,2820.715406,68011707,2025-12-19T02:00:00.740Z,2025-12-19 02:00:00.740000+00:00,1.125e-06,2820.715406,ETH-USD,dydx,DEX,False,0.0
ETH-USD,0.0000025,2834.793517,68017382,2025-12-19T03:00:00.412Z,2025-12-19 03:00:00.412000+00:00,2.5e-06,2834.793517,ETH-USD,dydx,DEX,False,0.0
ETH-USD,0.00000125,2906.08695,68022985,2025-12-19T04:00:00.528Z,2025-12-19 04:00:00.528000+00:00,1.25e-06,2906.08695,ETH-USD,dydx,DEX,False,0.0
ETH-USD,0.00000425,2919.260476,68028572,2025-12-19T05:00:00.507Z,2025-12-19 05:00:00.507000+00:00,4.25e-06,2919.260476,ETH-USD,dydx,DEX,False,0.0
ETH-USD,0.000004,2921.36,68034111,2025-12-19T06:00:00.443Z,2025-12-19 06:00:00.443000+00:00,4e-06,2921.36,ETH-USD,dydx,DEX,False,0.0
ETH-USD,0.00000125,2946.307397,68039679,2025-12-19T07:00:00.218Z,2025-12-19 07:00:00.218000+00:00,1.25e-06,2946.307397,ETH-USD,dydx,DEX,False,0.0
ETH-USD,0.00000575,2949.191778,68045243,2025-12-19T08:00:00.524Z,2025-12-19 08:00:00.524000+00:00,5.75e-06,2949.191778,ETH-USD,dydx,DEX,False,0.0
ETH-USD,0.00000725,2951.053551,68050772,2025-12-19T09:00:00.232Z,2025-12-19 09:00:00.232000+00:00,7.25e-06,2951.053551,ETH-USD,dydx,DEX,False,0.0
ETH-USD,0.000004375,2953.393981,68056306,2025-12-19T10:00:00.374Z,2025-12-19 10:00:00.374000+00:00,4.375e-06,2953.393981,ETH-USD,dydx,DEX,False,0.0
ETH-USD,0.00000725,2953.59125,68061861,2025-12-19T11:00:00.418Z,2025-12-19 11:00:00.418000+00:00,7.25e-06,2953.59125,ETH-USD,dydx,DEX,False,0.0
ETH-USD,0.0000185,2964.076612,68067369,2025-12-19T12:00:00.520Z,2025-12-19 12:00:00.520000+00:00,1.85e-05,2964.076612,ETH-USD,dydx,DEX,False,0.0
ETH-USD,0.000003875,2955.433369,68072922,2025-12-19T13:00:00.128Z,2025-12-19 13:00:00.128000+00:00,3.875e-06,2955.433369,ETH-USD,dydx,DEX,False,0.0
ETH-USD,0.000003,2960.065531,68078418,2025-12-19T14:00:00.472Z,2025-12-19 14:00:00.472000+00:00,3e-06,2960.065531,ETH-USD,dydx,DEX,False,0.0
ETH-USD,0.000009875,2976.158767,68083993,2025-12-19T15:00:00.685Z,2025-12-19 15:00:00.685000+00:00,9.875e-06,2976.158767,ETH-USD,dydx,DEX,False,0.0
ETH-USD,0.00000725,2964.534186,68089469,2025-12-19T16:00:00.217Z,2025-12-19 16:00:00.217000+00:00,7.25e-06,2964.534186,ETH-USD,dydx,DEX,False,0.0
ETH-USD,0.000000375,2965.100469,68095063,2025-12-19T17:00:00.198Z,2025-12-19 17:00:00.198000+00:00,3.75e-07,2965.100469,ETH-USD,dydx,DEX,False,0.0
ETH-USD,0.0000025,2938.454147,68100596,2025-12-19T18:00:00.305Z,2025-12-19 18:00:00.305000+00:00,2.5e-06,2938.454147,ETH-USD,dydx,DEX,False,0.0
ETH-USD,0.000003,2964.773615,68106124,2025-12-19T19:00:00.445Z,2025-12-19 19:00:00.445000+00:00,3e-06,2964.773615,ETH-USD,dydx,DEX,False,0.0
ETH-USD,0,2983.216721,68111624,2025-12-19T20:00:00.112Z,2025-12-19 20:00:00.112000+00:00,0.0,2983.216721,ETH-USD,dydx,DEX,False,0.0
ETH-USD,0.000004375,2992.293082,68117143,2025-12-19T21:00:00.220Z,2025-12-19 21:00:00.220000+00:00,4.375e-06,2992.293082,ETH-USD,dydx,DEX,False,0.0
ETH-USD,0.000004625,2974.340263,68122675,2025-12-19T22:00:00.244Z,2025-12-19 22:00:00.244000+00:00,4.625e-06,2974.340263,ETH-USD,dydx,DEX,False,0.0
ETH-USD,0.000003625,2986.805277,68128258,2025-12-19T23:00:00.096Z,2025-12-19 23:00:00.096000+00:00,3.625e-06,2986.805277,ETH-USD,dydx,DEX,False,0.0
ETH-USD,0.000001625,2977.199128,68133851,2025-12-20T00:00:00.094Z,2025-12-20 00:00:00.094000+00:00,1.625e-06,2977.199128,ETH-USD,dydx,DEX,False,0.0
ETH-USD,0.0000005,2974.478333,68139473,2025-12-20T01:00:00.050Z,2025-12-20 01:00:00.050000+00:00,5e-07,2974.478333,ETH-USD,dydx,DEX,False,0.0
ETH-USD,0.000011875,2974.5,68145064,2025-12-20T02:00:00.235Z,2025-12-20 02:00:00.235000+00:00,1.1875e-05,2974.5,ETH-USD,dydx,DEX,False,0.0
ETH-USD,0.00000125,2981.747301,68150584,2025-12-20T03:00:00.181Z,2025-12-20 03:00:00.181000+00:00,1.25e-06,2981.747301,ETH-USD,dydx,DEX,False,0.0
ETH-USD,0.000006375,2987.466266,68156126,2025-12-20T04:00:00.834Z,2025-12-20 04:00:00.834000+00:00,6.375e-06,2987.466266,ETH-USD,dydx,DEX,False,0.0
ETH-USD,0.000008875,2982.725182,68161712,2025-12-20T05:00:00.381Z,2025-12-20 05:00:00.381000+00:00,8.875e-06,2982.725182,ETH-USD,dydx,DEX,False,0.0
ETH-USD,0.000004375,2980.74,68167314,2025-12-20T06:00:00.118Z,2025-12-20 06:00:00.118000+00:00,4.375e-06,2980.74,ETH-USD,dydx,DEX,False,0.0
ETH-USD,0.000023,2978.700072,68172936,2025-12-20T07:00:00.233Z,2025-12-20 07:00:00.233000+00:00,2.3e-05,2978.700072,ETH-USD,dydx,DEX,False,0.0
ETH-USD,0.000023,2978.700072,68172936,2025-12-20T07:00:00.233Z,2025-12-20 07:00:00.233000+00:00,2.3e-05,2978.700072,ETH-USD,dydx,DEX,False,0.0
ETH-USD,0.00001175,2981.694646,68178463,2025-12-20T08:00:00.583Z,2025-12-20 08:00:00.583000+00:00,1.175e-05,2981.694646,ETH-USD,dydx,DEX,False,0.0
ETH-USD,0.000022375,2981.417433,68183989,2025-12-20T09:00:00.747Z,2025-12-20 09:00:00.747000+00:00,2.2375e-05,2981.417433,ETH-USD,dydx,DEX,False,0.0
ETH-USD,0.00001275,2982.846861,68189476,2025-12-20T10:00:00.631Z,2025-12-20 10:00:00.631000+00:00,1.275e-05,2982.846861,ETH-USD,dydx,DEX,False,0.0
ETH-USD,0.000002625,2977.786664,68195016,2025-12-20T11:00:00.182Z,2025-12-20 11:00:00.182000+00:00,2.625e-06,2977.786664,ETH-USD,dydx,DEX,False,0.0
ETH-USD,0.00000725,2986.504048,68200522,2025-12-20T12:00:00.564Z,2025-12-20 12:00:00.564000+00:00,7.25e-06,2986.504048,ETH-USD,dydx,DEX,False,0.0
ETH-USD,0.000004,2988.403745,68206048,2025-12-20T13:00:00.546Z,2025-12-20 13:00:00.546000+00:00,4e-06,2988.403745,ETH-USD,dydx,DEX,False,0.0
ETH-USD,0.00000975,2979.537526,68211630,2025-12-20T14:00:00.454Z,2025-12-20 14:00:00.454000+00:00,9.75e-06,2979.537526,ETH-USD,dydx,DEX,False,0.0
ETH-USD,0.0000225,2980.105968,68217282,2025-12-20T15:00:00.247Z,2025-12-20 15:00:00.247000+00:00,2.25e-05,2980.105968,ETH-USD,dydx,DEX,False,0.0
ETH-USD,0.000020125,2976.007197,68222901,2025-12-20T16:00:00.207Z,2025-12-20 16:00:00.207000+00:00,2.0125e-05,2976.007197,ETH-USD,dydx,DEX,False,0.0
ETH-USD,0.0000335,2977.718912,68228551,2025-12-20T17:00:00.306Z,2025-12-20 17:00:00.306000+00:00,3.35e-05,2977.718912,ETH-USD,dydx,DEX,False,0.0
ETH-USD,0.0000355,2977.354837,68234142,2025-12-20T18:00:00.178Z,2025-12-20 18:00:00.178000+00:00,3.55e-05,2977.354837,ETH-USD,dydx,DEX,False,0.0
ETH-USD,0.000036,2976.49169,68239690,2025-12-20T19:00:00.180Z,2025-12-20 19:00:00.180000+00:00,3.6e-05,2976.49169,ETH-USD,dydx,DEX,False,0.0
ETH-USD,0.00004425,2978.196541,68245250,2025-12-20T20:00:00.023Z,2025-12-20 20:00:00.023000+00:00,4.425e-05,2978.196541,ETH-USD,dydx,DEX,False,0.0
ETH-USD,0.00004775,2984.644606,68250855,2025-12-20T21:00:00.205Z,2025-12-20 21:00:00.205000+00:00,4.775e-05,2984.644606,ETH-USD,dydx,DEX,False,0.0
ETH-USD,0.000027625,2978.056583,68256471,2025-12-20T22:00:00.494Z,2025-12-20 22:00:00.494000+00:00,2.7625e-05,2978.056583,ETH-USD,dydx,DEX,False,0.0
ETH-USD,0.000004375,2976.887514,68262167,2025-12-20T23:00:00.100Z,2025-12-20 23:00:00.100000+00:00,4.375e-06,2976.887514,ETH-USD,dydx,DEX,False,0.0
ETH-USD,0.000000625,2976.750012,68267821,2025-12-21T00:00:00.218Z,2025-12-21 00:00:00.218000+00:00,6.25e-07,2976.750012,ETH-USD,dydx,DEX,False,0.0
ETH-USD,0.0000015,2978.09,68273447,2025-12-21T01:00:00.295Z,2025-12-21 01:00:00.295000+00:00,1.5e-06,2978.09,ETH-USD,dydx,DEX,False,0.0
ETH-USD,0.000004125,2967.120835,68279014,2025-12-21T02:00:00.314Z,2025-12-21 02:00:00.314000+00:00,4.125e-06,2967.120835,ETH-USD,dydx,DEX,False,0.0
ETH-USD,0.000009625,2963.939175,68284623,2025-12-21T03:00:00.316Z,2025-12-21 03:00:00.316000+00:00,9.625e-06,2963.939175,ETH-USD,dydx,DEX,False,0.0
ETH-USD,0.00000225,2972.4,68290172,2025-12-21T04:00:00.670Z,2025-12-21 04:00:00.670000+00:00,2.25e-06,2972.4,ETH-USD,dydx,DEX,False,0.0
ETH-USD,0.000009375,2975.080611,68295717,2025-12-21T05:00:00.455Z,2025-12-21 05:00:00.455000+00:00,9.375e-06,2975.080611,ETH-USD,dydx,DEX,False,0.0
ETH-USD,0.00003025,2973.050058,68301203,2025-12-21T06:00:00.231Z,2025-12-21 06:00:00.231000+00:00,3.025e-05,2973.050058,ETH-USD,dydx,DEX,False,0.0
ETH-USD,0.00003775,2975.035171,68306763,2025-12-21T07:00:00.395Z,2025-12-21 07:00:00.395000+00:00,3.775e-05,2975.035171,ETH-USD,dydx,DEX,False,0.0
ETH-USD,0.00002375,2980.025992,68312259,2025-12-21T08:00:00.585Z,2025-12-21 08:00:00.585000+00:00,2.375e-05,2980.025992,ETH-USD,dydx,DEX,False,0.0
ETH-USD,0.000012875,2990.572785,68317776,2025-12-21T09:00:00.362Z,2025-12-21 09:00:00.362000+00:00,1.2875e-05,2990.572785,ETH-USD,dydx,DEX,False,0.0
ETH-USD,0.000012875,3001.271334,68323262,2025-12-21T10:00:00.360Z,2025-12-21 10:00:00.360000+00:00,1.2875e-05,3001.271334,ETH-USD,dydx,DEX,False,0.0
ETH-USD,0.000008875,2996.09039,68328790,2025-12-21T11:00:00.049Z,2025-12-21 11:00:00.049000+00:00,8.875e-06,2996.09039,ETH-USD,dydx,DEX,False,0.0
ETH-USD,0.00002925,2995.980803,68334341,2025-12-21T12:00:00.325Z,2025-12-21 12:00:00.325000+00:00,2.925e-05,2995.980803,ETH-USD,dydx,DEX,False,0.0
ETH-USD,0.000037125,2990.030996,68339939,2025-12-21T13:00:00.509Z,2025-12-21 13:00:00.509000+00:00,3.7125e-05,2990.030996,ETH-USD,dydx,DEX,False,0.0
ETH-USD,0.000012125,2950.829834,68345532,2025-12-21T14:00:00.420Z,2025-12-21 14:00:00.420000+00:00,1.2125e-05,2950.829834,ETH-USD,dydx,DEX,False,0.0
ETH-USD,0.000004375,2969.94601,68351016,2025-12-21T15:00:00.151Z,2025-12-21 15:00:00.151000+00:00,4.375e-06,2969.94601,ETH-USD,dydx,DEX,False,0.0
ETH-USD,0.000005,2973.455171,68356504,2025-12-21T16:00:00.107Z,2025-12-21 16:00:00.107000+00:00,5e-06,2973.455171,ETH-USD,dydx,DEX,False,0.0
ETH-USD,0.000002375,2986.429484,68361997,2025-12-21T17:00:00.423Z,2025-12-21 17:00:00.423000+00:00,2.375e-06,2986.429484,ETH-USD,dydx,DEX,False,0.0
ETH-USD,-0.0000015,2982.554015,68367548,2025-12-21T18:00:00.201Z,2025-12-21 18:00:00.201000+00:00,-1.5e-06,2982.554015,ETH-USD,dydx,DEX,False,0.0
ETH-USD,0.000007875,2987.611238,68373158,2025-12-21T19:00:00.298Z,2025-12-21 19:00:00.298000+00:00,7.875e-06,2987.611238,ETH-USD,dydx,DEX,False,0.0
ETH-USD,0.000015875,2990.212667,68378739,2025-12-21T20:00:00.235Z,2025-12-21 20:00:00.235000+00:00,1.5875e-05,2990.212667,ETH-USD,dydx,DEX,False,0.0
ETH-USD,0.000003875,2986.381361,68384420,2025-12-21T21:00:00.488Z,2025-12-21 21:00:00.488000+00:00,3.875e-06,2986.381361,ETH-USD,dydx,DEX,False,0.0
ETH-USD,0.000002125,2973.29267,68390042,2025-12-21T22:00:00.392Z,2025-12-21 22:00:00.392000+00:00,2.125e-06,2973.29267,ETH-USD,dydx,DEX,False,0.0
ETH-USD,0.00000825,2995.715856,68395684,2025-12-21T23:00:00.445Z,2025-12-21 23:00:00.445000+00:00,8.25e-06,2995.715856,ETH-USD,dydx,DEX,False,0.0
ETH-USD,0.00009775,3002.569366,68401293,2025-12-22T00:00:00.409Z,2025-12-22 00:00:00.409000+00:00,9.775e-05,3002.569366,ETH-USD,dydx,DEX,False,0.0
ETH-USD,0.00007275,3022.160384,68406909,2025-12-22T01:00:00.334Z,2025-12-22 01:00:00.334000+00:00,7.275e-05,3022.160384,ETH-USD,dydx,DEX,False,0.0
ETH-USD,0.00004875,3018.135864,68412532,2025-12-22T02:00:00.348Z,2025-12-22 02:00:00.348000+00:00,4.875e-05,3018.135864,ETH-USD,dydx,DEX,False,0.0
ETH-USD,0.00002875,3009.218138,68418191,2025-12-22T03:00:00.257Z,2025-12-22 03:00:00.257000+00:00,2.875e-05,3009.218138,ETH-USD,dydx,DEX,False,0.0
ETH-USD,0.00003225,3020.451336,68423828,2025-12-22T04:00:00.011Z,2025-12-22 04:00:00.011000+00:00,3.225e-05,3020.451336,ETH-USD,dydx,DEX,False,0.0
ETH-USD,0.000032375,3040.285971,68429499,2025-12-22T05:00:00.277Z,2025-12-22 05:00:00.277000+00:00,3.2375e-05,3040.285971,ETH-USD,dydx,DEX,False,0.0
ETH-USD,0.000026125,3028.457154,68435214,2025-12-22T06:00:00.055Z,2025-12-22 06:00:00.055000+00:00,2.6125e-05,3028.457154,ETH-USD,dydx,DEX,False,0.0
ETH-USD,0.00000875,3023.810253,68440908,2025-12-22T07:00:00.560Z,2025-12-22 07:00:00.560000+00:00,8.75e-06,3023.810253,ETH-USD,dydx,DEX,False,0.0
ETH-USD,0.000024875,3028.916325,68446621,2025-12-22T08:00:00.017Z,2025-12-22 08:00:00.017000+00:00,2.4875e-05,3028.916325,ETH-USD,dydx,DEX,False,0.0
ETH-USD,0.000024375,3026.412085,68452297,2025-12-22T09:00:00.142Z,2025-12-22 09:00:00.142000+00:00,2.4375e-05,3026.412085,ETH-USD,dydx,DEX,False,0.0
ETH-USD,0.00002675,3039.992001,68457920,2025-12-22T10:00:00.449Z,2025-12-22 10:00:00.449000+00:00,2.675e-05,3039.992001,ETH-USD,dydx,DEX,False,0.0
ETH-USD,0.000033,3039.944573,68463526,2025-12-22T11:00:00.339Z,2025-12-22 11:00:00.339000+00:00,3.3e-05,3039.944573,ETH-USD,dydx,DEX,False,0.0
ETH-USD,0.000024375,3049.543833,68469123,2025-12-22T12:00:00.401Z,2025-12-22 12:00:00.401000+00:00,2.4375e-05,3049.543833,ETH-USD,dydx,DEX,False,0.0
ETH-USD,0.000015625,3058.263516,68474866,2025-12-22T13:00:00.617Z,2025-12-22 13:00:00.617000+00:00,1.5625e-05,3058.263516,ETH-USD,dydx,DEX,False,0.0
ETH-USD,0.000016,3056.6,68480594,2025-12-22T14:00:00.203Z,2025-12-22 14:00:00.203000+00:00,1.6e-05,3056.6,ETH-USD,dydx,DEX,False,0.0
ETH-USD,0.00008625,3061.657668,68486407,2025-12-22T15:00:00.153Z,2025-12-22 15:00:00.153000+00:00,8.625e-05,3061.657668,ETH-USD,dydx,DEX,False,0.0
ETH-USD,0.000069625,3050.510217,68492114,2025-12-22T16:00:00.367Z,2025-12-22 16:00:00.367000+00:00,6.9625e-05,3050.510217,ETH-USD,dydx,DEX,False,0.0
ETH-USD,0.0000615,3042.181563,68497860,2025-12-22T17:00:00.148Z,2025-12-22 17:00:00.148000+00:00,6.15e-05,3042.181563,ETH-USD,dydx,DEX,False,0.0
ETH-USD,0.000048375,3032.083583,68503561,2025-12-22T18:00:00.535Z,2025-12-22 18:00:00.535000+00:00,4.8375e-05,3032.083583,ETH-USD,dydx,DEX,False,0.0
ETH-USD,0.000034625,3015.193263,68509250,2025-12-22T19:00:00.344Z,2025-12-22 19:00:00.344000+00:00,3.4625e-05,3015.193263,ETH-USD,dydx,DEX,False,0.0
ETH-USD,-0.00003825,2980.363927,68514914,2025-12-22T20:00:00.425Z,2025-12-22 20:00:00.425000+00:00,-3.825e-05,2980.363927,ETH-USD,dydx,DEX,False,0.0
ETH-USD,-0.00006325,2974.751879,68520593,2025-12-22T21:00:00.222Z,2025-12-22 21:00:00.222000+00:00,-6.325e-05,2974.751879,ETH-USD,dydx,DEX,False,0.0
ETH-USD,-0.0001095,2987.549107,68526240,2025-12-22T22:00:00.142Z,2025-12-22 22:00:00.142000+00:00,-0.0001095,2987.549107,ETH-USD,dydx,DEX,False,0.0
ETH-USD,-0.00009,3010.126961,68531933,2025-12-22T23:00:00.146Z,2025-12-22 23:00:00.146000+00:00,-9e-05,3010.126961,ETH-USD,dydx,DEX,False,0.0
ETH-USD,-0.000092625,3006.377449,68537560,2025-12-23T00:00:00.334Z,2025-12-23 00:00:00.334000+00:00,-9.2625e-05,3006.377449,ETH-USD,dydx,DEX,False,0.0
ETH-USD,-0.000072125,3027.389044,68543211,2025-12-23T01:00:00.014Z,2025-12-23 01:00:00.014000+00:00,-7.2125e-05,3027.389044,ETH-USD,dydx,DEX,False,0.0
ETH-USD,-0.000058375,3017.184844,68548826,2025-12-23T02:00:00.453Z,2025-12-23 02:00:00.453000+00:00,-5.8375e-05,3017.184844,ETH-USD,dydx,DEX,False,0.0
ETH-USD,-0.000040375,2989.484732,68554502,2025-12-23T03:00:00.199Z,2025-12-23 03:00:00.199000+00:00,-4.0375e-05,2989.484732,ETH-USD,dydx,DEX,False,0.0
ETH-USD,-0.000051125,2992.063596,68560122,2025-12-23T04:00:00.548Z,2025-12-23 04:00:00.548000+00:00,-5.1125e-05,2992.063596,ETH-USD,dydx,DEX,False,0.0
ETH-USD,-0.0000445,2984.086365,68565799,2025-12-23T05:00:00.541Z,2025-12-23 05:00:00.541000+00:00,-4.45e-05,2984.086365,ETH-USD,dydx,DEX,False,0.0
ETH-USD,-0.000030625,2974.390243,68571447,2025-12-23T06:00:00.365Z,2025-12-23 06:00:00.365000+00:00,-3.0625e-05,2974.390243,ETH-USD,dydx,DEX,False,0.0
ETH-USD,-0.00002225,2958.383523,68577040,2025-12-23T07:00:00.471Z,2025-12-23 07:00:00.471000+00:00,-2.225e-05,2958.383523,ETH-USD,dydx,DEX,False,0.0
ETH-USD,-0.000014,2963.753919,68582653,2025-12-23T08:00:00.483Z,2025-12-23 08:00:00.483000+00:00,-1.4e-05,2963.753919,ETH-USD,dydx,DEX,False,0.0
ETH-USD,-0.000022125,2959.836663,68588313,2025-12-23T09:00:00.204Z,2025-12-23 09:00:00.204000+00:00,-2.2125e-05,2959.836663,ETH-USD,dydx,DEX,False,0.0
ETH-USD,-0.000030625,2963.158488,68593844,2025-12-23T10:00:00.047Z,2025-12-23 10:00:00.047000+00:00,-3.0625e-05,2963.158488,ETH-USD,dydx,DEX,False,0.0
ETH-USD,-0.0000315,2966.52339,68599446,2025-12-23T11:00:00.396Z,2025-12-23 11:00:00.396000+00:00,-3.15e-05,2966.52339,ETH-USD,dydx,DEX,False,0.0
ETH-USD,-0.00001675,2972.510995,68605058,2025-12-23T12:00:00.447Z,2025-12-23 12:00:00.447000+00:00,-1.675e-05,2972.510995,ETH-USD,dydx,DEX,False,0.0
ETH-USD,-0.000019875,2954.941368,68610713,2025-12-23T13:00:00.000Z,2025-12-23 13:00:00+00:00,-1.9875e-05,2954.941368,ETH-USD,dydx,DEX,False,0.0
ETH-USD,-0.0000095,2939.610603,68616388,2025-12-23T14:00:00.479Z,2025-12-23 14:00:00.479000+00:00,-9.5e-06,2939.610603,ETH-USD,dydx,DEX,False,0.0
ETH-USD,-0.00000575,2915.385384,68622072,2025-12-23T15:00:00.426Z,2025-12-23 15:00:00.426000+00:00,-5.75e-06,2915.385384,ETH-USD,dydx,DEX,False,0.0
ETH-USD,-0.000020875,2927.041887,68627706,2025-12-23T16:00:00.390Z,2025-12-23 16:00:00.390000+00:00,-2.0875e-05,2927.041887,ETH-USD,dydx,DEX,False,0.0
ETH-USD,0.00012375,2956.730491,68633325,2025-12-23T17:00:00.383Z,2025-12-23 17:00:00.383000+00:00,0.00012375,2956.730491,ETH-USD,dydx,DEX,False,0.0
ETH-USD,0.0000555,2909.025037,68638912,2025-12-23T18:00:00.429Z,2025-12-23 18:00:00.429000+00:00,5.55e-05,2909.025037,ETH-USD,dydx,DEX,False,0.0
ETH-USD,-0.00000975,2947.415775,68644544,2025-12-23T19:00:00.559Z,2025-12-23 19:00:00.559000+00:00,-9.75e-06,2947.415775,ETH-USD,dydx,DEX,False,0.0
ETH-USD,-0.00003725,2943.431313,68650171,2025-12-23T20:00:00.852Z,2025-12-23 20:00:00.852000+00:00,-3.725e-05,2943.431313,ETH-USD,dydx,DEX,False,0.0
ETH-USD,0.000137625,2969.409177,68655842,2025-12-23T21:00:00.014Z,2025-12-23 21:00:00.014000+00:00,0.000137625,2969.409177,ETH-USD,dydx,DEX,False,0.0
ETH-USD,0.000217,2972.230708,68661499,2025-12-23T22:00:00.338Z,2025-12-23 22:00:00.338000+00:00,0.000217,2972.230708,ETH-USD,dydx,DEX,False,0.0
ETH-USD,0.0001565,2960.787842,68667235,2025-12-23T23:00:00.208Z,2025-12-23 23:00:00.208000+00:00,0.0001565,2960.787842,ETH-USD,dydx,DEX,False,0.0
ETH-USD,0.000094,2962.601709,68672970,2025-12-24T00:00:00.758Z,2025-12-24 00:00:00.758000+00:00,9.4e-05,2962.601709,ETH-USD,dydx,DEX,False,0.0
ETH-USD,0.0000605,2971.971211,68678694,2025-12-24T01:00:00.378Z,2025-12-24 01:00:00.378000+00:00,6.05e-05,2971.971211,ETH-USD,dydx,DEX,False,0.0
ETH-USD,0.000045125,2963.850947,68684427,2025-12-24T02:00:00.001Z,2025-12-24 02:00:00.001000+00:00,4.5125e-05,2963.850947,ETH-USD,dydx,DEX,False,0.0
ETH-USD,0.000037,2935.097194,68690185,2025-12-24T03:00:00.374Z,2025-12-24 03:00:00.374000+00:00,3.7e-05,2935.097194,ETH-USD,dydx,DEX,False,0.0
ETH-USD,0.000044125,2944.782087,68695804,2025-12-24T04:00:00.010Z,2025-12-24 04:00:00.010000+00:00,4.4125e-05,2944.782087,ETH-USD,dydx,DEX,False,0.0
ETH-USD,0.000039125,2934.350835,68701521,2025-12-24T05:00:00.412Z,2025-12-24 05:00:00.412000+00:00,3.9125e-05,2934.350835,ETH-USD,dydx,DEX,False,0.0
ETH-USD,0.000031375,2927.776111,68707199,2025-12-24T06:00:00.092Z,2025-12-24 06:00:00.092000+00:00,3.1375e-05,2927.776111,ETH-USD,dydx,DEX,False,0.0
ETH-USD,0.00003525,2930.850542,68712950,2025-12-24T07:00:00.198Z,2025-12-24 07:00:00.198000+00:00,3.525e-05,2930.850542,ETH-USD,dydx,DEX,False,0.0
ETH-USD,0.00003625,2932.102893,68718669,2025-12-24T08:00:00.443Z,2025-12-24 08:00:00.443000+00:00,3.625e-05,2932.102893,ETH-USD,dydx,DEX,False,0.0
ETH-USD,0.000041375,2920.378242,68724367,2025-12-24T09:00:00.446Z,2025-12-24 09:00:00.446000+00:00,4.1375e-05,2920.378242,ETH-USD,dydx,DEX,False,0.0
ETH-USD,0.000025625,2917.606245,68730033,2025-12-24T10:00:00.474Z,2025-12-24 10:00:00.474000+00:00,2.5625e-05,2917.606245,ETH-USD,dydx,DEX,False,0.0
ETH-USD,0.000025625,2917.606245,68730033,2025-12-24T10:00:00.474Z,2025-12-24 10:00:00.474000+00:00,2.5625e-05,2917.606245,ETH-USD,dydx,DEX,False,0.0
ETH-USD,-0.000017,2926.739407,68735743,2025-12-24T11:00:00.012Z,2025-12-24 11:00:00.012000+00:00,-1.7e-05,2926.739407,ETH-USD,dydx,DEX,False,0.0
ETH-USD,0.000011,2924.591311,68741515,2025-12-24T12:00:00.290Z,2025-12-24 12:00:00.290000+00:00,1.1e-05,2924.591311,ETH-USD,dydx,DEX,False,0.0
ETH-USD,0.0000045,2936.148138,68747291,2025-12-24T13:00:00.494Z,2025-12-24 13:00:00.494000+00:00,4.5e-06,2936.148138,ETH-USD,dydx,DEX,False,0.0
ETH-USD,-0.000005125,2929.588164,68753033,2025-12-24T14:00:00.049Z,2025-12-24 14:00:00.049000+00:00,-5.125e-06,2929.588164,ETH-USD,dydx,DEX,False,0.0
ETH-USD,-0.0000065,2913.415976,68758862,2025-12-24T15:00:00.092Z,2025-12-24 15:00:00.092000+00:00,-6.5e-06,2913.415976,ETH-USD,dydx,DEX,False,0.0
ETH-USD,-0.00000625,2924.250299,68764512,2025-12-24T16:00:00.354Z,2025-12-24 16:00:00.354000+00:00,-6.25e-06,2924.250299,ETH-USD,dydx,DEX,False,0.0
ETH-USD,0.00003675,2939.448165,68770267,2025-12-24T17:00:00.388Z,2025-12-24 17:00:00.388000+00:00,3.675e-05,2939.448165,ETH-USD,dydx,DEX,False,0.0
ETH-USD,0.000035875,2936.289113,68775991,2025-12-24T18:00:00.256Z,2025-12-24 18:00:00.256000+00:00,3.5875e-05,2936.289113,ETH-USD,dydx,DEX,False,0.0
ETH-USD,-0.00001225,2940.182141,68781719,2025-12-24T19:00:00.746Z,2025-12-24 19:00:00.746000+00:00,-1.225e-05,2940.182141,ETH-USD,dydx,DEX,False,0.0
ETH-USD,0.000004125,2944.717641,68787474,2025-12-24T20:00:00.285Z,2025-12-24 20:00:00.285000+00:00,4.125e-06,2944.717641,ETH-USD,dydx,DEX,False,0.0
ETH-USD,0.000012,2941.21939,68793232,2025-12-24T21:00:00.246Z,2025-12-24 21:00:00.246000+00:00,1.2e-05,2941.21939,ETH-USD,dydx,DEX,False,0.0
ETH-USD,0.00000425,2950.324837,68798932,2025-12-24T22:00:00.340Z,2025-12-24 22:00:00.340000+00:00,4.25e-06,2950.324837,ETH-USD,dydx,DEX,False,0.0
ETH-USD,0.000018,2957.352514,68804727,2025-12-24T23:00:00.198Z,2025-12-24 23:00:00.198000+00:00,1.8e-05,2957.352514,ETH-USD,dydx,DEX,False,0.0
ETH-USD,0.000009375,2946.071571,68810461,2025-12-25T00:00:00.646Z,2025-12-25 00:00:00.646000+00:00,9.375e-06,2946.071571,ETH-USD,dydx,DEX,False,0.0
ETH-USD,0.000000875,2937.644942,68816230,2025-12-25T01:00:00.181Z,2025-12-25 01:00:00.181000+00:00,8.75e-07,2937.644942,ETH-USD,dydx,DEX,False,0.0
ETH-USD,0.000001375,2947.61232,68822015,2025-12-25T02:00:00.411Z,2025-12-25 02:00:00.411000+00:00,1.375e-06,2947.61232,ETH-USD,dydx,DEX,False,0.0
ETH-USD,0.0000095,2951.964017,68827784,2025-12-25T03:00:00.046Z,2025-12-25 03:00:00.046000+00:00,9.5e-06,2951.964017,ETH-USD,dydx,DEX,False,0.0
ETH-USD,0.00001,2945.127436,68833499,2025-12-25T04:00:00.633Z,2025-12-25 04:00:00.633000+00:00,1e-05,2945.127436,ETH-USD,dydx,DEX,False,0.0
ETH-USD,0.000009875,2943.05847,68839231,2025-12-25T05:00:00.941Z,2025-12-25 05:00:00.941000+00:00,9.875e-06,2943.05847,ETH-USD,dydx,DEX,False,0.0
ETH-USD,0.0000115,2940.075954,68844899,2025-12-25T06:00:00.379Z,2025-12-25 06:00:00.379000+00:00,1.15e-05,2940.075954,ETH-USD,dydx,DEX,False,0.0
ETH-USD,0.00002425,2941.153538,68850628,2025-12-25T07:00:00.199Z,2025-12-25 07:00:00.199000+00:00,2.425e-05,2941.153538,ETH-USD,dydx,DEX,False,0.0
ETH-USD,0.0000245,2941.08,68856408,2025-12-25T08:00:00.005Z,2025-12-25 08:00:00.005000+00:00,2.45e-05,2941.08,ETH-USD,dydx,DEX,False,0.0
ETH-USD,0.000010875,2928.555722,68862207,2025-12-25T09:00:00.160Z,2025-12-25 09:00:00.160000+00:00,1.0875e-05,2928.555722,ETH-USD,dydx,DEX,False,0.0
ETH-USD,0.000028125,2926.95,68867970,2025-12-25T10:00:00.022Z,2025-12-25 10:00:00.022000+00:00,2.8125e-05,2926.95,ETH-USD,dydx,DEX,False,0.0
ETH-USD,0.000011375,2919.685436,68873753,2025-12-25T11:00:00.116Z,2025-12-25 11:00:00.116000+00:00,1.1375e-05,2919.685436,ETH-USD,dydx,DEX,False,0.0
ETH-USD,0.000021,2923.810475,68879470,2025-12-25T12:00:00.487Z,2025-12-25 12:00:00.487000+00:00,2.1e-05,2923.810475,ETH-USD,dydx,DEX,False,0.0
ETH-USD,0.00002525,2926.880899,68885206,2025-12-25T13:00:00.547Z,2025-12-25 13:00:00.547000+00:00,2.525e-05,2926.880899,ETH-USD,dydx,DEX,False,0.0
ETH-USD,0.000005875,2930.2,68890912,2025-12-25T14:00:00.171Z,2025-12-25 14:00:00.171000+00:00,5.875e-06,2930.2,ETH-USD,dydx,DEX,False,0.0
ETH-USD,0.000016875,2931.774112,68896712,2025-12-25T15:00:00.519Z,2025-12-25 15:00:00.519000+00:00,1.6875e-05,2931.774112,ETH-USD,dydx,DEX,False,0.0
ETH-USD,0.00001,2959.260369,68902483,2025-12-25T16:00:00.433Z,2025-12-25 16:00:00.433000+00:00,1e-05,2959.260369,ETH-USD,dydx,DEX,False,0.0
ETH-USD,0.00001225,2946.58397,68908266,2025-12-25T17:00:00.381Z,2025-12-25 17:00:00.381000+00:00,1.225e-05,2946.58397,ETH-USD,dydx,DEX,False,0.0
ETH-USD,0.00001725,2951.037405,68914019,2025-12-25T18:00:00.259Z,2025-12-25 18:00:00.259000+00:00,1.725e-05,2951.037405,ETH-USD,dydx,DEX,False,0.0
ETH-USD,0.000011125,2958.353606,68919767,2025-12-25T19:00:00.249Z,2025-12-25 19:00:00.249000+00:00,1.1125e-05,2958.353606,ETH-USD,dydx,DEX,False,0.0
ETH-USD,0.00001375,2955.812177,68925520,2025-12-25T20:00:00.174Z,2025-12-25 20:00:00.174000+00:00,1.375e-05,2955.812177,ETH-USD,dydx,DEX,False,0.0
ETH-USD,0.000015375,2948.495752,68931335,2025-12-25T21:00:00.388Z,2025-12-25 21:00:00.388000+00:00,1.5375e-05,2948.495752,ETH-USD,dydx,DEX,False,0.0
ETH-USD,0.000020125,2944.404421,68937133,2025-12-25T22:00:00.411Z,2025-12-25 22:00:00.411000+00:00,2.0125e-05,2944.404421,ETH-USD,dydx,DEX,False,0.0
ETH-USD,0.000010375,2919.916913,68942982,2025-12-25T23:00:00.154Z,2025-12-25 23:00:00.154000+00:00,1.0375e-05,2919.916913,ETH-USD,dydx,DEX,False,0.0
ETH-USD,0.000002875,2902.051581,68948681,2025-12-26T00:00:00.472Z,2025-12-26 00:00:00.472000+00:00,2.875e-06,2902.051581,ETH-USD,dydx,DEX,False,0.0
ETH-USD,0.000003125,2902.01899,68954308,2025-12-26T01:00:00.190Z,2025-12-26 01:00:00.190000+00:00,3.125e-06,2902.01899,ETH-USD,dydx,DEX,False,0.0
ETH-USD,0.000013375,2918.120939,68959964,2025-12-26T02:00:00.296Z,2025-12-26 02:00:00.296000+00:00,1.3375e-05,2918.120939,ETH-USD,dydx,DEX,False,0.0
ETH-USD,0.000004125,2969.681223,68965668,2025-12-26T03:00:00.673Z,2025-12-26 03:00:00.673000+00:00,4.125e-06,2969.681223,ETH-USD,dydx,DEX,False,0.0
ETH-USD,0.000006125,2962.69,68971329,2025-12-26T04:00:00.081Z,2025-12-26 04:00:00.081000+00:00,6.125e-06,2962.69,ETH-USD,dydx,DEX,False,0.0
ETH-USD,0.000002375,2968.625308,68977068,2025-12-26T05:00:00.522Z,2025-12-26 05:00:00.522000+00:00,2.375e-06,2968.625308,ETH-USD,dydx,DEX,False,0.0
ETH-USD,0.000006,2971.429999,68982823,2025-12-26T06:00:00.307Z,2025-12-26 06:00:00.307000+00:00,6e-06,2971.429999,ETH-USD,dydx,DEX,False,0.0
ETH-USD,0.000007375,2974.738915,68988696,2025-12-26T07:00:00.101Z,2025-12-26 07:00:00.101000+00:00,7.375e-06,2974.738915,ETH-USD,dydx,DEX,False,0.0
ETH-USD,0.000004625,2954.882558,68994545,2025-12-26T08:00:00.273Z,2025-12-26 08:00:00.273000+00:00,4.625e-06,2954.882558,ETH-USD,dydx,DEX,False,0.0
ETH-USD,0.00001425,2963.01,69000254,2025-12-26T09:00:00.181Z,2025-12-26 09:00:00.181000+00:00,1.425e-05,2963.01,ETH-USD,dydx,DEX,False,0.0
ETH-USD,0.000008875,2972.12,69005950,2025-12-26T10:00:00.209Z,2025-12-26 10:00:00.209000+00:00,8.875e-06,2972.12,ETH-USD,dydx,DEX,False,0.0
ETH-USD,-0.000000125,2970.188897,69011740,2025-12-26T11:00:00.523Z,2025-12-26 11:00:00.523000+00:00,-1.25e-07,2970.188897,ETH-USD,dydx,DEX,False,0.0
ETH-USD,-0.00000025,2963.519453,69017520,2025-12-26T12:00:00.450Z,2025-12-26 12:00:00.450000+00:00,-2.5e-07,2963.519453,ETH-USD,dydx,DEX,False,0.0
ETH-USD,0.000002875,2971.353111,69023335,2025-12-26T13:00:00.605Z,2025-12-26 13:00:00.605000+00:00,2.875e-06,2971.353111,ETH-USD,dydx,DEX,False,0.0
ETH-USD,0.0000045,2984.267866,69029124,2025-12-26T14:00:00.546Z,2025-12-26 14:00:00.546000+00:00,4.5e-06,2984.267866,ETH-USD,dydx,DEX,False,0.0
ETH-USD,0.000005875,2915.546748,69034909,2025-12-26T15:00:00.320Z,2025-12-26 15:00:00.320000+00:00,5.875e-06,2915.546748,ETH-USD,dydx,DEX,False,0.0
ETH-USD,0,2920.05,69040590,2025-12-26T16:00:00.272Z,2025-12-26 16:00:00.272000+00:00,0.0,2920.05,ETH-USD,dydx,DEX,False,0.0
ETH-USD,0.000000125,2907.155659,69046307,2025-12-26T17:00:00.299Z,2025-12-26 17:00:00.299000+00:00,1.25e-07,2907.155659,ETH-USD,dydx,DEX,False,0.0
ETH-USD,0.00000525,2920.897871,69052049,2025-12-26T18:00:00.594Z,2025-12-26 18:00:00.594000+00:00,5.25e-06,2920.897871,ETH-USD,dydx,DEX,False,0.0
ETH-USD,0.000009375,2922.436538,69057829,2025-12-26T19:00:00.160Z,2025-12-26 19:00:00.160000+00:00,9.375e-06,2922.436538,ETH-USD,dydx,DEX,False,0.0
ETH-USD,0.000002375,2923.709355,69063616,2025-12-26T20:00:00.808Z,2025-12-26 20:00:00.808000+00:00,2.375e-06,2923.709355,ETH-USD,dydx,DEX,False,0.0
ETH-USD,0.00000175,2929.565824,69069460,2025-12-26T21:00:00.270Z,2025-12-26 21:00:00.270000+00:00,1.75e-06,2929.565824,ETH-USD,dydx,DEX,False,0.0
ETH-USD,0.000000125,2923.805716,69075271,2025-12-26T22:00:00.828Z,2025-12-26 22:00:00.828000+00:00,1.25e-07,2923.805716,ETH-USD,dydx,DEX,False,0.0
ETH-USD,0.00000125,2929.566353,69081092,2025-12-26T23:00:00.477Z,2025-12-26 23:00:00.477000+00:00,1.25e-06,2929.566353,ETH-USD,dydx,DEX,False,0.0
ETH-USD,0.00000575,2926.694011,69086915,2025-12-27T00:00:00.441Z,2025-12-27 00:00:00.441000+00:00,5.75e-06,2926.694011,ETH-USD,dydx,DEX,False,0.0
ETH-USD,0.000005875,2926.021216,69092740,2025-12-27T01:00:00.173Z,2025-12-27 01:00:00.173000+00:00,5.875e-06,2926.021216,ETH-USD,dydx,DEX,False,0.0
ETH-USD,0.000008375,2926.596701,69098510,2025-12-27T02:00:00.300Z,2025-12-27 02:00:00.300000+00:00,8.375e-06,2926.596701,ETH-USD,dydx,DEX,False,0.0
ETH-USD,0.000005,2926.581597,69104332,2025-12-27T03:00:00.325Z,2025-12-27 03:00:00.325000+00:00,5e-06,2926.581597,ETH-USD,dydx,DEX,False,0.0
ETH-USD,0.0000065,2931.287485,69110104,2025-12-27T04:00:00.247Z,2025-12-27 04:00:00.247000+00:00,6.5e-06,2931.287485,ETH-USD,dydx,DEX,False,0.0
ETH-USD,0.000012125,2928.36479,69115889,2025-12-27T05:00:00.452Z,2025-12-27 05:00:00.452000+00:00,1.2125e-05,2928.36479,ETH-USD,dydx,DEX,False,0.0
ETH-USD,-0.0000005,2930.017992,69121619,2025-12-27T06:00:00.269Z,2025-12-27 06:00:00.269000+00:00,-5e-07,2930.017992,ETH-USD,dydx,DEX,False,0.0
ETH-USD,0.000000375,2927.416291,69127319,2025-12-27T07:00:00.144Z,2025-12-27 07:00:00.144000+00:00,3.75e-07,2927.416291,ETH-USD,dydx,DEX,False,0.0
ETH-USD,0.00000325,2932.556977,69132983,2025-12-27T08:00:00.145Z,2025-12-27 08:00:00.145000+00:00,3.25e-06,2932.556977,ETH-USD,dydx,DEX,False,0.0
ETH-USD,0.000005875,2933.780553,69138543,2025-12-27T09:00:00.309Z,2025-12-27 09:00:00.309000+00:00,5.875e-06,2933.780553,ETH-USD,dydx,DEX,False,0.0
ETH-USD,0.00001325,2935.074444,69144149,2025-12-27T10:00:00.434Z,2025-12-27 10:00:00.434000+00:00,1.325e-05,2935.074444,ETH-USD,dydx,DEX,False,0.0
ETH-USD,0.000008375,2926.65,69149750,2025-12-27T11:00:00.010Z,2025-12-27 11:00:00.010000+00:00,8.375e-06,2926.65,ETH-USD,dydx,DEX,False,0.0
ETH-USD,0.000015625,2930.817672,69155302,2025-12-27T12:00:00.406Z,2025-12-27 12:00:00.406000+00:00,1.5625e-05,2930.817672,ETH-USD,dydx,DEX,False,0.0
ETH-USD,0.000014,2930.567772,69160869,2025-12-27T13:00:00.254Z,2025-12-27 13:00:00.254000+00:00,1.4e-05,2930.567772,ETH-USD,dydx,DEX,False,0.0
ETH-USD,0.000002875,2928.768492,69166470,2025-12-27T14:00:00.587Z,2025-12-27 14:00:00.587000+00:00,2.875e-06,2928.768492,ETH-USD,dydx,DEX,False,0.0
ETH-USD,0.000011875,2928.991127,69172110,2025-12-27T15:00:00.597Z,2025-12-27 15:00:00.597000+00:00,1.1875e-05,2928.991127,ETH-USD,dydx,DEX,False,0.0
ETH-USD,0.00000825,2926.067653,69177737,2025-12-27T16:00:00.415Z,2025-12-27 16:00:00.415000+00:00,8.25e-06,2926.067653,ETH-USD,dydx,DEX,False,0.0
ETH-USD,0.00000875,2918.635863,69183371,2025-12-27T17:00:00.479Z,2025-12-27 17:00:00.479000+00:00,8.75e-06,2918.635863,ETH-USD,dydx,DEX,False,0.0
ETH-USD,0.000006875,2926.612016,69188979,2025-12-27T18:00:00.555Z,2025-12-27 18:00:00.555000+00:00,6.875e-06,2926.612016,ETH-USD,dydx,DEX,False,0.0
ETH-USD,0.000007375,2925.062479,69194657,2025-12-27T19:00:00.389Z,2025-12-27 19:00:00.389000+00:00,7.375e-06,2925.062479,ETH-USD,dydx,DEX,False,0.0
ETH-USD,0.000004125,2928.151738,69200352,2025-12-27T20:00:00.036Z,2025-12-27 20:00:00.036000+00:00,4.125e-06,2928.151738,ETH-USD,dydx,DEX,False,0.0
ETH-USD,0.00000325,2928.144106,69206041,2025-12-27T21:00:00.141Z,2025-12-27 21:00:00.141000+00:00,3.25e-06,2928.144106,ETH-USD,dydx,DEX,False,0.0
ETH-USD,0.000007875,2933.117626,69211679,2025-12-27T22:00:00.103Z,2025-12-27 22:00:00.103000+00:00,7.875e-06,2933.117626,ETH-USD,dydx,DEX,False,0.0
ETH-USD,0.000006125,2931.851768,69217265,2025-12-27T23:00:00.547Z,2025-12-27 23:00:00.547000+00:00,6.125e-06,2931.851768,ETH-USD,dydx,DEX,False,0.0
ETH-USD,0.000001,2947.524319,69222846,2025-12-28T00:00:00.319Z,2025-12-28 00:00:00.319000+00:00,1e-06,2947.524319,ETH-USD,dydx,DEX,False,0.0
ETH-USD,0.000006125,2944.590626,69228361,2025-12-28T01:00:00.259Z,2025-12-28 01:00:00.259000+00:00,6.125e-06,2944.590626,ETH-USD,dydx,DEX,False,0.0
ETH-USD,0.000005,2942.732906,69233920,2025-12-28T02:00:00.273Z,2025-12-28 02:00:00.273000+00:00,5e-06,2942.732906,ETH-USD,dydx,DEX,False,0.0
ETH-USD,0.000005875,2945.971611,69239526,2025-12-28T03:00:00.521Z,2025-12-28 03:00:00.521000+00:00,5.875e-06,2945.971611,ETH-USD,dydx,DEX,False,0.0
ETH-USD,0.000006125,2941.818202,69245092,2025-12-28T04:00:00.600Z,2025-12-28 04:00:00.600000+00:00,6.125e-06,2941.818202,ETH-USD,dydx,DEX,False,0.0
ETH-USD,0.000017375,2937.050856,69250702,2025-12-28T05:00:00.143Z,2025-12-28 05:00:00.143000+00:00,1.7375e-05,2937.050856,ETH-USD,dydx,DEX,False,0.0
ETH-USD,0.0000105,2933.053473,69256311,2025-12-28T06:00:00.277Z,2025-12-28 06:00:00.277000+00:00,1.05e-05,2933.053473,ETH-USD,dydx,DEX,False,0.0
ETH-USD,0.00000675,2941.169415,69261923,2025-12-28T07:00:00.246Z,2025-12-28 07:00:00.246000+00:00,6.75e-06,2941.169415,ETH-USD,dydx,DEX,False,0.0
ETH-USD,0.000006125,2937.051474,69267510,2025-12-28T08:00:00.188Z,2025-12-28 08:00:00.188000+00:00,6.125e-06,2937.051474,ETH-USD,dydx,DEX,False,0.0
ETH-USD,0.000014625,2937.766868,69273039,2025-12-28T09:00:00.214Z,2025-12-28 09:00:00.214000+00:00,1.4625e-05,2937.766868,ETH-USD,dydx,DEX,False,0.0
ETH-USD,0.000011375,2936.171914,69278547,2025-12-28T10:00:00.353Z,2025-12-28 10:00:00.353000+00:00,1.1375e-05,2936.171914,ETH-USD,dydx,DEX,False,0.0
ETH-USD,0.00000175,2942.474515,69284126,2025-12-28T11:00:00.024Z,2025-12-28 11:00:00.024000+00:00,1.75e-06,2942.474515,ETH-USD,dydx,DEX,False,0.0
ETH-USD,0.000001875,2942.55872,69289784,2025-12-28T12:00:00.274Z,2025-12-28 12:00:00.274000+00:00,1.875e-06,2942.55872,ETH-USD,dydx,DEX,False,0.0
ETH-USD,-0.0000005,2937.462336,69295424,2025-12-28T13:00:00.371Z,2025-12-28 13:00:00.371000+00:00,-5e-07,2937.462336,ETH-USD,dydx,DEX,False,0.0
ETH-USD,-0.0000005,2937.462336,69295424,2025-12-28T13:00:00.371Z,2025-12-28 13:00:00.371000+00:00,-5e-07,2937.462336,ETH-USD,dydx,DEX,False,0.0
ETH-USD,0.000002625,2937.602238,69301017,2025-12-28T14:00:00.457Z,2025-12-28 14:00:00.457000+00:00,2.625e-06,2937.602238,ETH-USD,dydx,DEX,False,0.0
ETH-USD,0.000000375,2944.47695,69306655,2025-12-28T15:00:00.222Z,2025-12-28 15:00:00.222000+00:00,3.75e-07,2944.47695,ETH-USD,dydx,DEX,False,0.0
ETH-USD,0.000012625,2948.010795,69312280,2025-12-28T16:00:00.340Z,2025-12-28 16:00:00.340000+00:00,1.2625e-05,2948.010795,ETH-USD,dydx,DEX,False,0.0
ETH-USD,0.00000225,2941.249375,69317942,2025-12-28T17:00:00.436Z,2025-12-28 17:00:00.436000+00:00,2.25e-06,2941.249375,ETH-USD,dydx,DEX,False,0.0
ETH-USD,0.00000375,2944.277562,69323562,2025-12-28T18:00:00.372Z,2025-12-28 18:00:00.372000+00:00,3.75e-06,2944.277562,ETH-USD,dydx,DEX,False,0.0
ETH-USD,0.00000125,2930.887644,69329195,2025-12-28T19:00:00.739Z,2025-12-28 19:00:00.739000+00:00,1.25e-06,2930.887644,ETH-USD,dydx,DEX,False,0.0
ETH-USD,0.000002375,2932.080505,69334791,2025-12-28T20:00:00.071Z,2025-12-28 20:00:00.071000+00:00,2.375e-06,2932.080505,ETH-USD,dydx,DEX,False,0.0
ETH-USD,0.00001225,2930.09,69340464,2025-12-28T21:00:00.609Z,2025-12-28 21:00:00.609000+00:00,1.225e-05,2930.09,ETH-USD,dydx,DEX,False,0.0
ETH-USD,0.000009875,2935.073229,69346164,2025-12-28T22:00:00.415Z,2025-12-28 22:00:00.415000+00:00,9.875e-06,2935.073229,ETH-USD,dydx,DEX,False,0.0
ETH-USD,0.0000175,2948.763439,69351878,2025-12-28T23:00:00.609Z,2025-12-28 23:00:00.609000+00:00,1.75e-05,2948.763439,ETH-USD,dydx,DEX,False,0.0
ETH-USD,0.000012125,2948.611716,69357606,2025-12-29T00:00:00.547Z,2025-12-29 00:00:00.547000+00:00,1.2125e-05,2948.611716,ETH-USD,dydx,DEX,False,0.0
ETH-USD,0.000004625,2965.870477,69363341,2025-12-29T01:00:00.287Z,2025-12-29 01:00:00.287000+00:00,4.625e-06,2965.870477,ETH-USD,dydx,DEX,False,0.0
ETH-USD,0.0000085,2978.157079,69369006,2025-12-29T02:00:00.480Z,2025-12-29 02:00:00.480000+00:00,8.5e-06,2978.157079,ETH-USD,dydx,DEX,False,0.0
ETH-USD,0.00001075,3001.219268,69374721,2025-12-29T03:00:00.631Z,2025-12-29 03:00:00.631000+00:00,1.075e-05,3001.219268,ETH-USD,dydx,DEX,False,0.0
ETH-USD,0.000005875,3039.965945,69380429,2025-12-29T04:00:00.258Z,2025-12-29 04:00:00.258000+00:00,5.875e-06,3039.965945,ETH-USD,dydx,DEX,False,0.0
ETH-USD,0.00000875,3037.192781,69386079,2025-12-29T05:00:00.082Z,2025-12-29 05:00:00.082000+00:00,8.75e-06,3037.192781,ETH-USD,dydx,DEX,False,0.0
ETH-USD,0.000006125,3035.864894,69391745,2025-12-29T06:00:00.397Z,2025-12-29 06:00:00.397000+00:00,6.125e-06,3035.864894,ETH-USD,dydx,DEX,False,0.0
ETH-USD,0.000006,3033.966223,69397509,2025-12-29T07:00:01.237Z,2025-12-29 07:00:01.237000+00:00,6e-06,3033.966223,ETH-USD,dydx,DEX,False,0.0
ETH-USD,0.000017375,3016.035567,69403262,2025-12-29T08:00:00.189Z,2025-12-29 08:00:00.189000+00:00,1.7375e-05,3016.035567,ETH-USD,dydx,DEX,False,0.0
ETH-USD,0.000028875,3012.069137,69408834,2025-12-29T09:00:00.014Z,2025-12-29 09:00:00.014000+00:00,2.8875e-05,3012.069137,ETH-USD,dydx,DEX,False,0.0
ETH-USD,0.00000775,2972.871702,69414362,2025-12-29T10:00:00.226Z,2025-12-29 10:00:00.226000+00:00,7.75e-06,2972.871702,ETH-USD,dydx,DEX,False,0.0
ETH-USD,0.00001825,2964.408473,69420003,2025-12-29T11:00:00.644Z,2025-12-29 11:00:00.644000+00:00,1.825e-05,2964.408473,ETH-USD,dydx,DEX,False,0.0
ETH-USD,0.000015125,2958.27755,69425585,2025-12-29T12:00:00.039Z,2025-12-29 12:00:00.039000+00:00,1.5125e-05,2958.27755,ETH-USD,dydx,DEX,False,0.0
ETH-USD,0.000010875,2927.525227,69431289,2025-12-29T13:00:00.592Z,2025-12-29 13:00:00.592000+00:00,1.0875e-05,2927.525227,ETH-USD,dydx,DEX,False,0.0
ETH-USD,-0.000002,2924.428014,69437040,2025-12-29T14:00:00.395Z,2025-12-29 14:00:00.395000+00:00,-2e-06,2924.428014,ETH-USD,dydx,DEX,False,0.0
ETH-USD,0.00000375,2924.947547,69442823,2025-12-29T15:00:00.491Z,2025-12-29 15:00:00.491000+00:00,3.75e-06,2924.947547,ETH-USD,dydx,DEX,False,0.0
ETH-USD,0.000007375,2933.845523,69448591,2025-12-29T16:00:00.303Z,2025-12-29 16:00:00.303000+00:00,7.375e-06,2933.845523,ETH-USD,dydx,DEX,False,0.0
ETH-USD,0.000008,2933.872901,69454467,2025-12-29T17:00:00.161Z,2025-12-29 17:00:00.161000+00:00,8e-06,2933.872901,ETH-USD,dydx,DEX,False,0.0
ETH-USD,0.00000075,2941.804917,69460310,2025-12-29T18:00:00.029Z,2025-12-29 18:00:00.029000+00:00,7.5e-07,2941.804917,ETH-USD,dydx,DEX,False,0.0
ETH-USD,0.000010375,2915.63987,69466158,2025-12-29T19:00:00.281Z,2025-12-29 19:00:00.281000+00:00,1.0375e-05,2915.63987,ETH-USD,dydx,DEX,False,0.0
ETH-USD,0.000003,2930.352684,69471969,2025-12-29T20:00:00.240Z,2025-12-29 20:00:00.240000+00:00,3e-06,2930.352684,ETH-USD,dydx,DEX,False,0.0
ETH-USD,0.000010625,2927.947641,69477814,2025-12-29T21:00:00.329Z,2025-12-29 21:00:00.329000+00:00,1.0625e-05,2927.947641,ETH-USD,dydx,DEX,False,0.0
ETH-USD,0.000012,2934.98852,69483665,2025-12-29T22:00:00.408Z,2025-12-29 22:00:00.408000+00:00,1.2e-05,2934.98852,ETH-USD,dydx,DEX,False,0.0
ETH-USD,0.00000875,2934.96,69489512,2025-12-29T23:00:00.383Z,2025-12-29 23:00:00.383000+00:00,8.75e-06,2934.96,ETH-USD,dydx,DEX,False,0.0
ETH-USD,0.000007375,2936.043677,69495436,2025-12-30T00:00:00.482Z,2025-12-30 00:00:00.482000+00:00,7.375e-06,2936.043677,ETH-USD,dydx,DEX,False,0.0
ETH-USD,0.000002125,2935.641486,69501354,2025-12-30T01:00:01.011Z,2025-12-30 01:00:01.011000+00:00,2.125e-06,2935.641486,ETH-USD,dydx,DEX,False,0.0
ETH-USD,0.0000025,2933.083071,69507241,2025-12-30T02:00:00.535Z,2025-12-30 02:00:00.535000+00:00,2.5e-06,2933.083071,ETH-USD,dydx,DEX,False,0.0
ETH-USD,0.0000055,2925.666899,69513156,2025-12-30T03:00:00.746Z,2025-12-30 03:00:00.746000+00:00,5.5e-06,2925.666899,ETH-USD,dydx,DEX,False,0.0
ETH-USD,0.0000045,2948.815844,69519058,2025-12-30T04:00:00.046Z,2025-12-30 04:00:00.046000+00:00,4.5e-06,2948.815844,ETH-USD,dydx,DEX,False,0.0
ETH-USD,0.00001275,2944.555444,69524878,2025-12-30T05:00:00.646Z,2025-12-30 05:00:00.646000+00:00,1.275e-05,2944.555444,ETH-USD,dydx,DEX,False,0.0
ETH-USD,0.000015875,2939.030969,69530713,2025-12-30T06:00:00.497Z,2025-12-30 06:00:00.497000+00:00,1.5875e-05,2939.030969,ETH-USD,dydx,DEX,False,0.0
ETH-USD,0.000020625,2943.035639,69536554,2025-12-30T07:00:00.408Z,2025-12-30 07:00:00.408000+00:00,2.0625e-05,2943.035639,ETH-USD,dydx,DEX,False,0.0
ETH-USD,0.000014375,2948.66283,69542384,2025-12-30T08:00:00.255Z,2025-12-30 08:00:00.255000+00:00,1.4375e-05,2948.66283,ETH-USD,dydx,DEX,False,0.0
ETH-USD,0.0000145,2975.981616,69548066,2025-12-30T09:00:00.390Z,2025-12-30 09:00:00.390000+00:00,1.45e-05,2975.981616,ETH-USD,dydx,DEX,False,0.0
ETH-USD,0.000016125,2982.705564,69553671,2025-12-30T10:00:00.128Z,2025-12-30 10:00:00.128000+00:00,1.6125e-05,2982.705564,ETH-USD,dydx,DEX,False,0.0
ETH-USD,0.00001825,2972.977464,69559358,2025-12-30T11:00:00.606Z,2025-12-30 11:00:00.606000+00:00,1.825e-05,2972.977464,ETH-USD,dydx,DEX,False,0.0
ETH-USD,0.000012,2974.636209,69565061,2025-12-30T12:00:00.357Z,2025-12-30 12:00:00.357000+00:00,1.2e-05,2974.636209,ETH-USD,dydx,DEX,False,0.0
ETH-USD,0.0000215,2976.950744,69570868,2025-12-30T13:00:00.248Z,2025-12-30 13:00:00.248000+00:00,2.15e-05,2976.950744,ETH-USD,dydx,DEX,False,0.0
ETH-USD,0.0000145,2984.655886,69576713,2025-12-30T14:00:00.678Z,2025-12-30 14:00:00.678000+00:00,1.45e-05,2984.655886,ETH-USD,dydx,DEX,False,0.0
ETH-USD,0.000005625,2993.27,69582614,2025-12-30T15:00:00.146Z,2025-12-30 15:00:00.146000+00:00,5.625e-06,2993.27,ETH-USD,dydx,DEX,False,0.0
ETH-USD,0.000008125,2987.369836,69588434,2025-12-30T16:00:00.045Z,2025-12-30 16:00:00.045000+00:00,8.125e-06,2987.369836,ETH-USD,dydx,DEX,False,0.0
ETH-USD,0.0000115,2980.675459,69594254,2025-12-30T17:00:00.390Z,2025-12-30 17:00:00.390000+00:00,1.15e-05,2980.675459,ETH-USD,dydx,DEX,False,0.0
ETH-USD,0.000005625,2974.140687,69599901,2025-12-30T18:00:00.511Z,2025-12-30 18:00:00.511000+00:00,5.625e-06,2974.140687,ETH-USD,dydx,DEX,False,0.0
ETH-USD,0.00001275,2969.491356,69605612,2025-12-30T19:00:00.400Z,2025-12-30 19:00:00.400000+00:00,1.275e-05,2969.491356,ETH-USD,dydx,DEX,False,0.0
ETH-USD,0.0000035,2970.000999,69611323,2025-12-30T20:00:00.123Z,2025-12-30 20:00:00.123000+00:00,3.5e-06,2970.000999,ETH-USD,dydx,DEX,False,0.0
ETH-USD,0.000008125,2956.580393,69617022,2025-12-30T21:00:00.502Z,2025-12-30 21:00:00.502000+00:00,8.125e-06,2956.580393,ETH-USD,dydx,DEX,False,0.0
ETH-USD,0.00001575,2964.58479,69622729,2025-12-30T22:00:00.076Z,2025-12-30 22:00:00.076000+00:00,1.575e-05,2964.58479,ETH-USD,dydx,DEX,False,0.0
ETH-USD,0.00000325,2966.879808,69628415,2025-12-30T23:00:00.392Z,2025-12-30 23:00:00.392000+00:00,3.25e-06,2966.879808,ETH-USD,dydx,DEX,False,0.0
ETH-USD,0.0000165,2970.596493,69634052,2025-12-31T00:00:00.179Z,2025-12-31 00:00:00.179000+00:00,1.65e-05,2970.596493,ETH-USD,dydx,DEX,False,0.0
ETH-USD,0.00000775,2963.35,69639681,2025-12-31T01:00:00.671Z,2025-12-31 01:00:00.671000+00:00,7.75e-06,2963.35,ETH-USD,dydx,DEX,False,0.0
ETH-USD,0.000027,2977.88,69645384,2025-12-31T02:00:00.447Z,2025-12-31 02:00:00.447000+00:00,2.7e-05,2977.88,ETH-USD,dydx,DEX,False,0.0
ETH-USD,0.000017125,2978.43,69651118,2025-12-31T03:00:00.008Z,2025-12-31 03:00:00.008000+00:00,1.7125e-05,2978.43,ETH-USD,dydx,DEX,False,0.0
ETH-USD,0.000008125,2967.304187,69656829,2025-12-31T04:00:00.489Z,2025-12-31 04:00:00.489000+00:00,8.125e-06,2967.304187,ETH-USD,dydx,DEX,False,0.0
ETH-USD,0.000007875,2966.116349,69662599,2025-12-31T05:00:00.460Z,2025-12-31 05:00:00.460000+00:00,7.875e-06,2966.116349,ETH-USD,dydx,DEX,False,0.0
ETH-USD,0.000009,2973.034269,69668325,2025-12-31T06:00:00.677Z,2025-12-31 06:00:00.677000+00:00,9e-06,2973.034269,ETH-USD,dydx,DEX,False,0.0
ETH-USD,0.00000875,2973.29373,69674078,2025-12-31T07:00:00.444Z,2025-12-31 07:00:00.444000+00:00,8.75e-06,2973.29373,ETH-USD,dydx,DEX,False,0.0
ETH-USD,0.00001275,2973.545585,69679786,2025-12-31T08:00:00.489Z,2025-12-31 08:00:00.489000+00:00,1.275e-05,2973.545585,ETH-USD,dydx,DEX,False,0.0
ETH-USD,0.000012375,2965.465233,69685257,2025-12-31T09:00:00.146Z,2025-12-31 09:00:00.146000+00:00,1.2375e-05,2965.465233,ETH-USD,dydx,DEX,False,0.0
ETH-USD,0.000001875,2973.446627,69690712,2025-12-31T10:00:00.107Z,2025-12-31 10:00:00.107000+00:00,1.875e-06,2973.446627,ETH-USD,dydx,DEX,False,0.0
ETH-USD,0.00000625,2978.609251,69696190,2025-12-31T11:00:00.646Z,2025-12-31 11:00:00.646000+00:00,6.25e-06,2978.609251,ETH-USD,dydx,DEX,False,0.0
ETH-USD,0.0000185,2999.940064,69701621,2025-12-31T12:00:00.362Z,2025-12-31 12:00:00.362000+00:00,1.85e-05,2999.940064,ETH-USD,dydx,DEX,False,0.0
ETH-USD,0.0000175,2985.891286,69707269,2025-12-31T13:00:00.342Z,2025-12-31 13:00:00.342000+00:00,1.75e-05,2985.891286,ETH-USD,dydx,DEX,False,0.0
ETH-USD,0.000012875,2994.534918,69712959,2025-12-31T14:00:00.191Z,2025-12-31 14:00:00.191000+00:00,1.2875e-05,2994.534918,ETH-USD,dydx,DEX,False,0.0
ETH-USD,0.00000725,2990.78829,69718618,2025-12-31T15:00:00.618Z,2025-12-31 15:00:00.618000+00:00,7.25e-06,2990.78829,ETH-USD,dydx,DEX,False,0.0
ETH-USD,0.000022,2982.187448,69724222,2025-12-31T16:00:00.197Z,2025-12-31 16:00:00.197000+00:00,2.2e-05,2982.187448,ETH-USD,dydx,DEX,False,0.0
ETH-USD,0.0000165,2972.588202,69729931,2025-12-31T17:00:00.150Z,2025-12-31 17:00:00.150000+00:00,1.65e-05,2972.588202,ETH-USD,dydx,DEX,False,0.0
ETH-USD,0.000012375,2972.047952,69735553,2025-12-31T18:00:00.377Z,2025-12-31 18:00:00.377000+00:00,1.2375e-05,2972.047952,ETH-USD,dydx,DEX,False,0.0
ETH-USD,0.0000095,2971.741084,69741136,2025-12-31T19:00:00.621Z,2025-12-31 19:00:00.621000+00:00,9.5e-06,2971.741084,ETH-USD,dydx,DEX,False,0.0
ETH-USD,0.00001425,2967.069785,69746693,2025-12-31T20:00:00.195Z,2025-12-31 20:00:00.195000+00:00,1.425e-05,2967.069785,ETH-USD,dydx,DEX,False,0.0
ETH-USD,0.000024875,2972.296015,69752368,2025-12-31T21:00:00.547Z,2025-12-31 21:00:00.547000+00:00,2.4875e-05,2972.296015,ETH-USD,dydx,DEX,False,0.0
ETH-USD,0.00001625,2978.993107,69757965,2025-12-31T22:00:00.391Z,2025-12-31 22:00:00.391000+00:00,1.625e-05,2978.993107,ETH-USD,dydx,DEX,False,0.0
ETH-USD,0.00001425,2973.619019,69763555,2025-12-31T23:00:00.314Z,2025-12-31 23:00:00.314000+00:00,1.425e-05,2973.619019,ETH-USD,dydx,DEX,False,0.0
ETH-USD,0.000010875,2967.251958,69769174,2026-01-01T00:00:00.242Z,2026-01-01 00:00:00.242000+00:00,1.0875e-05,2967.251958,ETH-USD,dydx,DEX,False,0.0
ETH-USD,0.0000235,2975.460569,69774887,2026-01-01T01:00:00.264Z,2026-01-01 01:00:00.264000+00:00,2.35e-05,2975.460569,ETH-USD,dydx,DEX,False,0.0
ETH-USD,0.000025,2980.792298,69780587,2026-01-01T02:00:00.052Z,2026-01-01 02:00:00.052000+00:00,2.5e-05,2980.792298,ETH-USD,dydx,DEX,False,0.0
ETH-USD,0.000010875,2979.584498,69786308,2026-01-01T03:00:00.415Z,2026-01-01 03:00:00.415000+00:00,1.0875e-05,2979.584498,ETH-USD,dydx,DEX,False,0.0
ETH-USD,0.0000155,2974.862279,69792028,2026-01-01T04:00:00.158Z,2026-01-01 04:00:00.158000+00:00,1.55e-05,2974.862279,ETH-USD,dydx,DEX,False,0.0
ETH-USD,0.00001825,2971.3073,69797780,2026-01-01T05:00:00.306Z,2026-01-01 05:00:00.306000+00:00,1.825e-05,2971.3073,ETH-USD,dydx,DEX,False,0.0
ETH-USD,0.000025375,2977.663326,69803511,2026-01-01T06:00:00.451Z,2026-01-01 06:00:00.451000+00:00,2.5375e-05,2977.663326,ETH-USD,dydx,DEX,False,0.0
ETH-USD,0.000040125,2972.944425,69809259,2026-01-01T07:00:00.322Z,2026-01-01 07:00:00.322000+00:00,4.0125e-05,2972.944425,ETH-USD,dydx,DEX,False,0.0
ETH-USD,0.00003125,2974.82273,69814955,2026-01-01T08:00:00.308Z,2026-01-01 08:00:00.308000+00:00,3.125e-05,2974.82273,ETH-USD,dydx,DEX,False,0.0
ETH-USD,0.000023625,2977.896524,69820365,2026-01-01T09:00:00.487Z,2026-01-01 09:00:00.487000+00:00,2.3625e-05,2977.896524,ETH-USD,dydx,DEX,False,0.0
ETH-USD,0.00002075,2979.753419,69825888,2026-01-01T10:00:00.198Z,2026-01-01 10:00:00.198000+00:00,2.075e-05,2979.753419,ETH-USD,dydx,DEX,False,0.0
ETH-USD,0.0000185,2980.13062,69831491,2026-01-01T11:00:00.374Z,2026-01-01 11:00:00.374000+00:00,1.85e-05,2980.13062,ETH-USD,dydx,DEX,False,0.0
ETH-USD,0.000017625,2984.749825,69837103,2026-01-01T12:00:00.025Z,2026-01-01 12:00:00.025000+00:00,1.7625e-05,2984.749825,ETH-USD,dydx,DEX,False,0.0
ETH-USD,0.000029,2982.730723,69842811,2026-01-01T13:00:00.376Z,2026-01-01 13:00:00.376000+00:00,2.9e-05,2982.730723,ETH-USD,dydx,DEX,False,0.0
ETH-USD,0.000018125,2979.754294,69848532,2026-01-01T14:00:00.474Z,2026-01-01 14:00:00.474000+00:00,1.8125e-05,2979.754294,ETH-USD,dydx,DEX,False,0.0
ETH-USD,0.000012625,2982.098526,69854333,2026-01-01T15:00:00.251Z,2026-01-01 15:00:00.251000+00:00,1.2625e-05,2982.098526,ETH-USD,dydx,DEX,False,0.0
ETH-USD,0.000019375,2986.633366,69860042,2026-01-01T16:00:00.364Z,2026-01-01 16:00:00.364000+00:00,1.9375e-05,2986.633366,ETH-USD,dydx,DEX,False,0.0
ETH-USD,0.000019375,2986.633366,69860042,2026-01-01T16:00:00.364Z,2026-01-01 16:00:00.364000+00:00,1.9375e-05,2986.633366,ETH-USD,dydx,DEX,False,0.0
ETH-USD,0.0000275,2979.332733,69865694,2026-01-01T17:00:00.303Z,2026-01-01 17:00:00.303000+00:00,2.75e-05,2979.332733,ETH-USD,dydx,DEX,False,0.0
ETH-USD,0.000015875,2986.524822,69871309,2026-01-01T18:00:00.305Z,2026-01-01 18:00:00.305000+00:00,1.5875e-05,2986.524822,ETH-USD,dydx,DEX,False,0.0
ETH-USD,0.000020125,2986.725296,69876968,2026-01-01T19:00:00.347Z,2026-01-01 19:00:00.347000+00:00,2.0125e-05,2986.725296,ETH-USD,dydx,DEX,False,0.0
ETH-USD,0.00001325,2991.938867,69882617,2026-01-01T20:00:00.303Z,2026-01-01 20:00:00.303000+00:00,1.325e-05,2991.938867,ETH-USD,dydx,DEX,False,0.0
ETH-USD,0.000010125,2985.537355,69888313,2026-01-01T21:00:00.531Z,2026-01-01 21:00:00.531000+00:00,1.0125e-05,2985.537355,ETH-USD,dydx,DEX,False,0.0
ETH-USD,0.0000085,2986.851229,69894016,2026-01-01T22:00:00.643Z,2026-01-01 22:00:00.643000+00:00,8.5e-06,2986.851229,ETH-USD,dydx,DEX,False,0.0
ETH-USD,0.000004875,2995.934472,69899771,2026-01-01T23:00:00.173Z,2026-01-01 23:00:00.173000+00:00,4.875e-06,2995.934472,ETH-USD,dydx,DEX,False,0.0
ETH-USD,0.000016875,3000.76923,69905510,2026-01-02T00:00:00.555Z,2026-01-02 00:00:00.555000+00:00,1.6875e-05,3000.76923,ETH-USD,dydx,DEX,False,0.0
ETH-USD,0.0000295,3001.936282,69911252,2026-01-02T01:00:00.287Z,2026-01-02 01:00:00.287000+00:00,2.95e-05,3001.936282,ETH-USD,dydx,DEX,False,0.0
ETH-USD,0.00002275,3000.949145,69916968,2026-01-02T02:00:00.750Z,2026-01-02 02:00:00.750000+00:00,2.275e-05,3000.949145,ETH-USD,dydx,DEX,False,0.0
ETH-USD,0.00001475,2997.748429,69922732,2026-01-02T03:00:00.215Z,2026-01-02 03:00:00.215000+00:00,1.475e-05,2997.748429,ETH-USD,dydx,DEX,False,0.0
ETH-USD,0.000015125,3018.841158,69928446,2026-01-02T04:00:00.648Z,2026-01-02 04:00:00.648000+00:00,1.5125e-05,3018.841158,ETH-USD,dydx,DEX,False,0.0
ETH-USD,0.00000575,3007.952047,69934151,2026-01-02T05:00:00.206Z,2026-01-02 05:00:00.206000+00:00,5.75e-06,3007.952047,ETH-USD,dydx,DEX,False,0.0
ETH-USD,0.000001375,3012.970494,69939839,2026-01-02T06:00:00.184Z,2026-01-02 06:00:00.184000+00:00,1.375e-06,3012.970494,ETH-USD,dydx,DEX,False,0.0
ETH-USD,0.000012625,3023.656343,69945523,2026-01-02T07:00:00.455Z,2026-01-02 07:00:00.455000+00:00,1.2625e-05,3023.656343,ETH-USD,dydx,DEX,False,0.0
ETH-USD,0.000016875,3014.319753,69951255,2026-01-02T08:00:00.233Z,2026-01-02 08:00:00.233000+00:00,1.6875e-05,3014.319753,ETH-USD,dydx,DEX,False,0.0
ETH-USD,0.000024375,3029.323608,69956928,2026-01-02T09:00:00.401Z,2026-01-02 09:00:00.401000+00:00,2.4375e-05,3029.323608,ETH-USD,dydx,DEX,False,0.0
ETH-USD,0.00001575,3044.015984,69962516,2026-01-02T10:00:00.044Z,2026-01-02 10:00:00.044000+00:00,1.575e-05,3044.015984,ETH-USD,dydx,DEX,False,0.0
ETH-USD,0.000009,3053.532813,69968146,2026-01-02T11:00:00.336Z,2026-01-02 11:00:00.336000+00:00,9e-06,3053.532813,ETH-USD,dydx,DEX,False,0.0
ETH-USD,0.000020375,3044.404476,69973720,2026-01-02T12:00:00.283Z,2026-01-02 12:00:00.283000+00:00,2.0375e-05,3044.404476,ETH-USD,dydx,DEX,False,0.0
ETH-USD,0.000014875,3046.972422,69979293,2026-01-02T13:00:00.302Z,2026-01-02 13:00:00.302000+00:00,1.4875e-05,3046.972422,ETH-USD,dydx,DEX,False,0.0
ETH-USD,0.00001225,3049.055661,69984565,2026-01-02T14:00:00.017Z,2026-01-02 14:00:00.017000+00:00,1.225e-05,3049.055661,ETH-USD,dydx,DEX,False,0.0
ETH-USD,0.000007625,3080.523971,69990046,2026-01-02T15:00:00.465Z,2026-01-02 15:00:00.465000+00:00,7.625e-06,3080.523971,ETH-USD,dydx,DEX,False,0.0
ETH-USD,0.000014375,3084.567716,69995518,2026-01-02T16:00:00.449Z,2026-01-02 16:00:00.449000+00:00,1.4375e-05,3084.567716,ETH-USD,dydx,DEX,False,0.0
ETH-USD,0.000017125,3130.567772,70001101,2026-01-02T17:00:00.424Z,2026-01-02 17:00:00.424000+00:00,1.7125e-05,3130.567772,ETH-USD,dydx,DEX,False,0.0
ETH-USD,0.000007375,3119.969812,70006718,2026-01-02T18:00:00.466Z,2026-01-02 18:00:00.466000+00:00,7.375e-06,3119.969812,ETH-USD,dydx,DEX,False,0.0
ETH-USD,0.000012875,3109.207237,70012348,2026-01-02T19:00:00.035Z,2026-01-02 19:00:00.035000+00:00,1.2875e-05,3109.207237,ETH-USD,dydx,DEX,False,0.0
ETH-USD,0.00001525,3122.443267,70017933,2026-01-02T20:00:00.165Z,2026-01-02 20:00:00.165000+00:00,1.525e-05,3122.443267,ETH-USD,dydx,DEX,False,0.0
ETH-USD,0.000006875,3118.384502,70023573,2026-01-02T21:00:00.640Z,2026-01-02 21:00:00.640000+00:00,6.875e-06,3118.384502,ETH-USD,dydx,DEX,False,0.0
ETH-USD,0.00001175,3128.96,70029211,2026-01-02T22:00:00.297Z,2026-01-02 22:00:00.297000+00:00,1.175e-05,3128.96,ETH-USD,dydx,DEX,False,0.0
ETH-USD,0.000014125,3131.81,70034845,2026-01-02T23:00:00.820Z,2026-01-02 23:00:00.820000+00:00,1.4125e-05,3131.81,ETH-USD,dydx,DEX,False,0.0
ETH-USD,0.00001175,3124.66,70040475,2026-01-03T00:00:00.448Z,2026-01-03 00:00:00.448000+00:00,1.175e-05,3124.66,ETH-USD,dydx,DEX,False,0.0
ETH-USD,0.0000045,3130.74,70046059,2026-01-03T01:00:00.597Z,2026-01-03 01:00:00.597000+00:00,4.5e-06,3130.74,ETH-USD,dydx,DEX,False,0.0
ETH-USD,0.000017625,3129.914106,70051675,2026-01-03T02:00:00.172Z,2026-01-03 02:00:00.172000+00:00,1.7625e-05,3129.914106,ETH-USD,dydx,DEX,False,0.0
ETH-USD,0.000020125,3125.034582,70057360,2026-01-03T03:00:00.295Z,2026-01-03 03:00:00.295000+00:00,2.0125e-05,3125.034582,ETH-USD,dydx,DEX,False,0.0
ETH-USD,0.000012375,3124.622613,70063027,2026-01-03T04:00:00.134Z,2026-01-03 04:00:00.134000+00:00,1.2375e-05,3124.622613,ETH-USD,dydx,DEX,False,0.0
ETH-USD,0.000016,3115.092288,70068731,2026-01-03T05:00:00.299Z,2026-01-03 05:00:00.299000+00:00,1.6e-05,3115.092288,ETH-USD,dydx,DEX,False,0.0
ETH-USD,0.000008375,3110.926265,70074415,2026-01-03T06:00:00.360Z,2026-01-03 06:00:00.360000+00:00,8.375e-06,3110.926265,ETH-USD,dydx,DEX,False,0.0
ETH-USD,0.000018375,3097.5,70080138,2026-01-03T07:00:00.142Z,2026-01-03 07:00:00.142000+00:00,1.8375e-05,3097.5,ETH-USD,dydx,DEX,False,0.0
ETH-USD,0.000008375,3088.82032,70085807,2026-01-03T08:00:00.397Z,2026-01-03 08:00:00.397000+00:00,8.375e-06,3088.82032,ETH-USD,dydx,DEX,False,0.0
ETH-USD,0.00001675,3095.622982,70091331,2026-01-03T09:00:00.077Z,2026-01-03 09:00:00.077000+00:00,1.675e-05,3095.622982,ETH-USD,dydx,DEX,False,0.0
ETH-USD,0.00001275,3100.04581,70096815,2026-01-03T10:00:00.225Z,2026-01-03 10:00:00.225000+00:00,1.275e-05,3100.04581,ETH-USD,dydx,DEX,False,0.0
ETH-USD,0.000012,3097.36,70102391,2026-01-03T11:00:00.392Z,2026-01-03 11:00:00.392000+00:00,1.2e-05,3097.36,ETH-USD,dydx,DEX,False,0.0
ETH-USD,0.0000035,3098.760495,70107972,2026-01-03T12:00:00.535Z,2026-01-03 12:00:00.535000+00:00,3.5e-06,3098.760495,ETH-USD,dydx,DEX,False,0.0
ETH-USD,0.00000925,3103.179046,70113641,2026-01-03T13:00:00.050Z,2026-01-03 13:00:00.050000+00:00,9.25e-06,3103.179046,ETH-USD,dydx,DEX,False,0.0
ETH-USD,0.00001325,3101.794126,70119350,2026-01-03T14:00:00.223Z,2026-01-03 14:00:00.223000+00:00,1.325e-05,3101.794126,ETH-USD,dydx,DEX,False,0.0
ETH-USD,0.00000975,3105.038488,70125105,2026-01-03T15:00:00.105Z,2026-01-03 15:00:00.105000+00:00,9.75e-06,3105.038488,ETH-USD,dydx,DEX,False,0.0
ETH-USD,0.000014375,3099.120351,70130834,2026-01-03T16:00:00.512Z,2026-01-03 16:00:00.512000+00:00,1.4375e-05,3099.120351,ETH-USD,dydx,DEX,False,0.0
ETH-USD,0.00000825,3105.790875,70136581,2026-01-03T17:00:00.545Z,2026-01-03 17:00:00.545000+00:00,8.25e-06,3105.790875,ETH-USD,dydx,DEX,False,0.0
ETH-USD,0.000005,3107.417033,70142316,2026-01-03T18:00:00.455Z,2026-01-03 18:00:00.455000+00:00,5e-06,3107.417033,ETH-USD,dydx,DEX,False,0.0
ETH-USD,0.000008625,3114.914034,70148067,2026-01-03T19:00:00.745Z,2026-01-03 19:00:00.745000+00:00,8.625e-06,3114.914034,ETH-USD,dydx,DEX,False,0.0
ETH-USD,0.000021,3111.565377,70153820,2026-01-03T20:00:00.318Z,2026-01-03 20:00:00.318000+00:00,2.1e-05,3111.565377,ETH-USD,dydx,DEX,False,0.0
ETH-USD,0.000009375,3114.2,70159590,2026-01-03T21:00:00.077Z,2026-01-03 21:00:00.077000+00:00,9.375e-06,3114.2,ETH-USD,dydx,DEX,False,0.0
ETH-USD,0.000012625,3119.342263,70165343,2026-01-03T22:00:00.346Z,2026-01-03 22:00:00.346000+00:00,1.2625e-05,3119.342263,ETH-USD,dydx,DEX,False,0.0
ETH-USD,0.0000085,3121.443566,70171056,2026-01-03T23:00:00.070Z,2026-01-03 23:00:00.070000+00:00,8.5e-06,3121.443566,ETH-USD,dydx,DEX,False,0.0
ETH-USD,0.000021875,3125.97,70176748,2026-01-04T00:00:00.486Z,2026-01-04 00:00:00.486000+00:00,2.1875e-05,3125.97,ETH-USD,dydx,DEX,False,0.0
ETH-USD,0.000009875,3157.149827,70182447,2026-01-04T01:00:00.590Z,2026-01-04 01:00:00.590000+00:00,9.875e-06,3157.149827,ETH-USD,dydx,DEX,False,0.0
ETH-USD,0.00000875,3148.705388,70188103,2026-01-04T02:00:00.499Z,2026-01-04 02:00:00.499000+00:00,8.75e-06,3148.705388,ETH-USD,dydx,DEX,False,0.0
ETH-USD,0.000009875,3140.371925,70193802,2026-01-04T03:00:00.207Z,2026-01-04 03:00:00.207000+00:00,9.875e-06,3140.371925,ETH-USD,dydx,DEX,False,0.0
ETH-USD,0.000011375,3147.630473,70199425,2026-01-04T04:00:00.382Z,2026-01-04 04:00:00.382000+00:00,1.1375e-05,3147.630473,ETH-USD,dydx,DEX,False,0.0
ETH-USD,0.000017,3148.533402,70205087,2026-01-04T05:00:00.044Z,2026-01-04 05:00:00.044000+00:00,1.7e-05,3148.533402,ETH-USD,dydx,DEX,False,0.0
ETH-USD,0.000012125,3149.790041,70210804,2026-01-04T06:00:00.157Z,2026-01-04 06:00:00.157000+00:00,1.2125e-05,3149.790041,ETH-USD,dydx,DEX,False,0.0
ETH-USD,0.00001425,3139.368189,70216412,2026-01-04T07:00:00.318Z,2026-01-04 07:00:00.318000+00:00,1.425e-05,3139.368189,ETH-USD,dydx,DEX,False,0.0
ETH-USD,0.00001125,3139.814589,70222079,2026-01-04T08:00:00.173Z,2026-01-04 08:00:00.173000+00:00,1.125e-05,3139.814589,ETH-USD,dydx,DEX,False,0.0
ETH-USD,0.0000165,3138.152369,70227724,2026-01-04T09:00:00.483Z,2026-01-04 09:00:00.483000+00:00,1.65e-05,3138.152369,ETH-USD,dydx,DEX,False,0.0
ETH-USD,0.00003075,3142.572472,70233264,2026-01-04T10:00:00.024Z,2026-01-04 10:00:00.024000+00:00,3.075e-05,3142.572472,ETH-USD,dydx,DEX,False,0.0
ETH-USD,0.000024,3144.54,70238796,2026-01-04T11:00:00.094Z,2026-01-04 11:00:00.094000+00:00,2.4e-05,3144.54,ETH-USD,dydx,DEX,False,0.0
ETH-USD,0.000010375,3138.632273,70244301,2026-01-04T12:00:00.086Z,2026-01-04 12:00:00.086000+00:00,1.0375e-05,3138.632273,ETH-USD,dydx,DEX,False,0.0
ETH-USD,0.00002075,3136.128048,70249974,2026-01-04T13:00:00.319Z,2026-01-04 13:00:00.319000+00:00,2.075e-05,3136.128048,ETH-USD,dydx,DEX,False,0.0
ETH-USD,0.000008375,3139.332133,70255702,2026-01-04T14:00:00.472Z,2026-01-04 14:00:00.472000+00:00,8.375e-06,3139.332133,ETH-USD,dydx,DEX,False,0.0
ETH-USD,0.000014125,3136.903928,70261447,2026-01-04T15:00:00.983Z,2026-01-04 15:00:00.983000+00:00,1.4125e-05,3136.903928,ETH-USD,dydx,DEX,False,0.0
ETH-USD,0.00001675,3134.233153,70267095,2026-01-04T16:00:00.295Z,2026-01-04 16:00:00.295000+00:00,1.675e-05,3134.233153,ETH-USD,dydx,DEX,False,0.0
ETH-USD,0.00001175,3137.422515,70272822,2026-01-04T17:00:00.196Z,2026-01-04 17:00:00.196000+00:00,1.175e-05,3137.422515,ETH-USD,dydx,DEX,False,0.0
ETH-USD,0.00000475,3136.948915,70278485,2026-01-04T18:00:00.302Z,2026-01-04 18:00:00.302000+00:00,4.75e-06,3136.948915,ETH-USD,dydx,DEX,False,0.0
ETH-USD,0.0000045,3133.553289,70284281,2026-01-04T19:00:00.496Z,2026-01-04 19:00:00.496000+00:00,4.5e-06,3133.553289,ETH-USD,dydx,DEX,False,0.0
ETH-USD,0.00000325,3132.740177,70290057,2026-01-04T20:00:00.578Z,2026-01-04 20:00:00.578000+00:00,3.25e-06,3132.740177,ETH-USD,dydx,DEX,False,0.0
ETH-USD,0.0000005,3140.391921,70295856,2026-01-04T21:00:00.024Z,2026-01-04 21:00:00.024000+00:00,5e-07,3140.391921,ETH-USD,dydx,DEX,False,0.0
ETH-USD,0.0000055,3143.831233,70301638,2026-01-04T22:00:00.560Z,2026-01-04 22:00:00.560000+00:00,5.5e-06,3143.831233,ETH-USD,dydx,DEX,False,0.0
ETH-USD,0.00002275,3138.942211,70307330,2026-01-04T23:00:00.398Z,2026-01-04 23:00:00.398000+00:00,2.275e-05,3138.942211,ETH-USD,dydx,DEX,False,0.0
ETH-USD,0.000015,3143.667641,70313030,2026-01-05T00:00:00.143Z,2026-01-05 00:00:00.143000+00:00,1.5e-05,3143.667641,ETH-USD,dydx,DEX,False,0.0
ETH-USD,0.00001525,3165.850244,70318701,2026-01-05T01:00:00.253Z,2026-01-05 01:00:00.253000+00:00,1.525e-05,3165.850244,ETH-USD,dydx,DEX,False,0.0
ETH-USD,0.000020875,3196.302955,70324348,2026-01-05T02:00:00.325Z,2026-01-05 02:00:00.325000+00:00,2.0875e-05,3196.302955,ETH-USD,dydx,DEX,False,0.0
ETH-USD,0.000019875,3190.451378,70330001,2026-01-05T03:00:00.044Z,2026-01-05 03:00:00.044000+00:00,1.9875e-05,3190.451378,ETH-USD,dydx,DEX,False,0.0
ETH-USD,0.000009125,3185.171665,70335613,2026-01-05T04:00:00.140Z,2026-01-05 04:00:00.140000+00:00,9.125e-06,3185.171665,ETH-USD,dydx,DEX,False,0.0
ETH-USD,0.0000015,3165.64875,70341201,2026-01-05T05:00:00.363Z,2026-01-05 05:00:00.363000+00:00,1.5e-06,3165.64875,ETH-USD,dydx,DEX,False,0.0
ETH-USD,0.00002075,3147.64593,70346815,2026-01-05T06:00:00.403Z,2026-01-05 06:00:00.403000+00:00,2.075e-05,3147.64593,ETH-USD,dydx,DEX,False,0.0
ETH-USD,0.000019375,3156.8,70352487,2026-01-05T07:00:00.636Z,2026-01-05 07:00:00.636000+00:00,1.9375e-05,3156.8,ETH-USD,dydx,DEX,False,0.0
ETH-USD,0.000015875,3157.540786,70358160,2026-01-05T08:00:00.294Z,2026-01-05 08:00:00.294000+00:00,1.5875e-05,3157.540786,ETH-USD,dydx,DEX,False,0.0
ETH-USD,0.0000015,3163.044791,70363779,2026-01-05T09:00:00.181Z,2026-01-05 09:00:00.181000+00:00,1.5e-06,3163.044791,ETH-USD,dydx,DEX,False,0.0
ETH-USD,0.0000185,3166.963214,70369398,2026-01-05T10:00:00.591Z,2026-01-05 10:00:00.591000+00:00,1.85e-05,3166.963214,ETH-USD,dydx,DEX,False,0.0
ETH-USD,0.00001175,3172.37,70375191,2026-01-05T11:00:00.408Z,2026-01-05 11:00:00.408000+00:00,1.175e-05,3172.37,ETH-USD,dydx,DEX,False,0.0
ETH-USD,0.0000065,3180.287884,70381087,2026-01-05T12:00:00.529Z,2026-01-05 12:00:00.529000+00:00,6.5e-06,3180.287884,ETH-USD,dydx,DEX,False,0.0
ETH-USD,0.00001575,3168.428124,70386943,2026-01-05T13:00:00.550Z,2026-01-05 13:00:00.550000+00:00,1.575e-05,3168.428124,ETH-USD,dydx,DEX,False,0.0
ETH-USD,0.000006375,3153.6639,70392861,2026-01-05T14:00:00.560Z,2026-01-05 14:00:00.560000+00:00,6.375e-06,3153.6639,ETH-USD,dydx,DEX,False,0.0
ETH-USD,0.00000075,3164.552019,70398842,2026-01-05T15:00:00.010Z,2026-01-05 15:00:00.010000+00:00,7.5e-07,3164.552019,ETH-USD,dydx,DEX,False,0.0
ETH-USD,0.000010375,3194.881023,70404745,2026-01-05T16:00:00.049Z,2026-01-05 16:00:00.049000+00:00,1.0375e-05,3194.881023,ETH-USD,dydx,DEX,False,0.0
ETH-USD,0.0000155,3183.351664,70410672,2026-01-05T17:00:00.026Z,2026-01-05 17:00:00.026000+00:00,1.55e-05,3183.351664,ETH-USD,dydx,DEX,False,0.0
ETH-USD,0.000018125,3212.663754,70416556,2026-01-05T18:00:00.248Z,2026-01-05 18:00:00.248000+00:00,1.8125e-05,3212.663754,ETH-USD,dydx,DEX,False,0.0
ETH-USD,0.000009875,3227.44,70422449,2026-01-05T19:00:00.093Z,2026-01-05 19:00:00.093000+00:00,9.875e-06,3227.44,ETH-USD,dydx,DEX,False,0.0
ETH-USD,0.000009875,3227.44,70422449,2026-01-05T19:00:00.093Z,2026-01-05 19:00:00.093000+00:00,9.875e-06,3227.44,ETH-USD,dydx,DEX,False,0.0
ETH-USD,0.000007375,3222.18,70428326,2026-01-05T20:00:00.094Z,2026-01-05 20:00:00.094000+00:00,7.375e-06,3222.18,ETH-USD,dydx,DEX,False,0.0
ETH-USD,0.00000225,3240.544054,70434151,2026-01-05T21:00:00.166Z,2026-01-05 21:00:00.166000+00:00,2.25e-06,3240.544054,ETH-USD,dydx,DEX,False,0.0
ETH-USD,-0.000008,3237.41,70439974,2026-01-05T22:00:00.223Z,2026-01-05 22:00:00.223000+00:00,-8e-06,3237.41,ETH-USD,dydx,DEX,False,0.0
ETH-USD,-0.000021875,3239.753975,70445817,2026-01-05T23:00:00.405Z,2026-01-05 23:00:00.405000+00:00,-2.1875e-05,3239.753975,ETH-USD,dydx,DEX,False,0.0
ETH-USD,-0.000003875,3225.182518,70451668,2026-01-06T00:00:00.633Z,2026-01-06 00:00:00.633000+00:00,-3.875e-06,3225.182518,ETH-USD,dydx,DEX,False,0.0
ETH-USD,0.000002875,3216.80336,70457562,2026-01-06T01:00:00.590Z,2026-01-06 01:00:00.590000+00:00,2.875e-06,3216.80336,ETH-USD,dydx,DEX,False,0.0
ETH-USD,-0.000008875,3218.522905,70463492,2026-01-06T02:00:00.387Z,2026-01-06 02:00:00.387000+00:00,-8.875e-06,3218.522905,ETH-USD,dydx,DEX,False,0.0
ETH-USD,-0.000000625,3216.929145,70469398,2026-01-06T03:00:00.269Z,2026-01-06 03:00:00.269000+00:00,-6.25e-07,3216.929145,ETH-USD,dydx,DEX,False,0.0
ETH-USD,0.000000125,3224.63,70475262,2026-01-06T04:00:00.105Z,2026-01-06 04:00:00.105000+00:00,1.25e-07,3224.63,ETH-USD,dydx,DEX,False,0.0
ETH-USD,0,3223.548855,70481184,2026-01-06T05:00:00.423Z,2026-01-06 05:00:00.423000+00:00,0.0,3223.548855,ETH-USD,dydx,DEX,False,0.0
ETH-USD,0,3218.648135,70487099,2026-01-06T06:00:00.002Z,2026-01-06 06:00:00.002000+00:00,0.0,3218.648135,ETH-USD,dydx,DEX,False,0.0
ETH-USD,0.000000625,3240.99,70492923,2026-01-06T07:00:00.227Z,2026-01-06 07:00:00.227000+00:00,6.25e-07,3240.99,ETH-USD,dydx,DEX,False,0.0
ETH-USD,0.000001375,3218.697327,70498705,2026-01-06T08:00:00.329Z,2026-01-06 08:00:00.329000+00:00,1.375e-06,3218.697327,ETH-USD,dydx,DEX,False,0.0
ETH-USD,-0.000001375,3219.317274,70504358,2026-01-06T09:00:00.164Z,2026-01-06 09:00:00.164000+00:00,-1.375e-06,3219.317274,ETH-USD,dydx,DEX,False,0.0
ETH-USD,-0.00000425,3223.848674,70509999,2026-01-06T10:00:00.038Z,2026-01-06 10:00:00.038000+00:00,-4.25e-06,3223.848674,ETH-USD,dydx,DEX,False,0.0
ETH-USD,-0.00000425,3227.764447,70515698,2026-01-06T11:00:00.471Z,2026-01-06 11:00:00.471000+00:00,-4.25e-06,3227.764447,ETH-USD,dydx,DEX,False,0.0
ETH-USD,0,3237.466253,70521390,2026-01-06T12:00:00.042Z,2026-01-06 12:00:00.042000+00:00,0.0,3237.466253,ETH-USD,dydx,DEX,False,0.0
ETH-USD,-0.000003375,3238.96,70527207,2026-01-06T13:00:00.479Z,2026-01-06 13:00:00.479000+00:00,-3.375e-06,3238.96,ETH-USD,dydx,DEX,False,0.0
ETH-USD,-0.000001375,3239.09609,70533002,2026-01-06T14:00:00.000Z,2026-01-06 14:00:00+00:00,-1.375e-06,3239.09609,ETH-USD,dydx,DEX,False,0.0
ETH-USD,0.00000075,3275.755307,70538773,2026-01-06T15:00:00.256Z,2026-01-06 15:00:00.256000+00:00,7.5e-07,3275.755307,ETH-USD,dydx,DEX,False,0.0
ETH-USD,0.0000035,3270.55,70544472,2026-01-06T16:00:00.334Z,2026-01-06 16:00:00.334000+00:00,3.5e-06,3270.55,ETH-USD,dydx,DEX,False,0.0
ETH-USD,0.00000075,3251.719656,70550253,2026-01-06T17:00:00.519Z,2026-01-06 17:00:00.519000+00:00,7.5e-07,3251.719656,ETH-USD,dydx,DEX,False,0.0
ETH-USD,0.0000005,3194.901529,70555859,2026-01-06T18:00:00.144Z,2026-01-06 18:00:00.144000+00:00,5e-07,3194.901529,ETH-USD,dydx,DEX,False,0.0
ETH-USD,0.000006625,3218.71,70561543,2026-01-06T19:00:00.841Z,2026-01-06 19:00:00.841000+00:00,6.625e-06,3218.71,ETH-USD,dydx,DEX,False,0.0
ETH-USD,0.000019125,3221.703488,70567146,2026-01-06T20:00:00.451Z,2026-01-06 20:00:00.451000+00:00,1.9125e-05,3221.703488,ETH-USD,dydx,DEX,False,0.0
ETH-USD,0.000038125,3242.242785,70572756,2026-01-06T21:00:00.472Z,2026-01-06 21:00:00.472000+00:00,3.8125e-05,3242.242785,ETH-USD,dydx,DEX,False,0.0
ETH-USD,0.000028375,3274.738742,70578430,2026-01-06T22:00:00.393Z,2026-01-06 22:00:00.393000+00:00,2.8375e-05,3274.738742,ETH-USD,dydx,DEX,False,0.0
ETH-USD,-0.000002125,3276.124775,70584071,2026-01-06T23:00:00.399Z,2026-01-06 23:00:00.399000+00:00,-2.125e-06,3276.124775,ETH-USD,dydx,DEX,False,0.0
ETH-USD,0.0000155,3295.743105,70589656,2026-01-07T00:00:00.301Z,2026-01-07 00:00:00.301000+00:00,1.55e-05,3295.743105,ETH-USD,dydx,DEX,False,0.0
ETH-USD,-0.000001875,3257.17144,70595284,2026-01-07T01:00:00.207Z,2026-01-07 01:00:00.207000+00:00,-1.875e-06,3257.17144,ETH-USD,dydx,DEX,False,0.0
ETH-USD,-0.000014375,3244.262295,70600836,2026-01-07T02:00:00.011Z,2026-01-07 02:00:00.011000+00:00,-1.4375e-05,3244.262295,ETH-USD,dydx,DEX,False,0.0
ETH-USD,0.000000625,3268.392269,70606404,2026-01-07T03:00:00.481Z,2026-01-07 03:00:00.481000+00:00,6.25e-07,3268.392269,ETH-USD,dydx,DEX,False,0.0
ETH-USD,0.000011875,3265.146868,70611929,2026-01-07T04:00:00.013Z,2026-01-07 04:00:00.013000+00:00,1.1875e-05,3265.146868,ETH-USD,dydx,DEX,False,0.0
ETH-USD,0.000003375,3256.397441,70617542,2026-01-07T05:00:00.404Z,2026-01-07 05:00:00.404000+00:00,3.375e-06,3256.397441,ETH-USD,dydx,DEX,False,0.0
ETH-USD,0.000000125,3247.167241,70623073,2026-01-07T06:00:00.317Z,2026-01-07 06:00:00.317000+00:00,1.25e-07,3247.167241,ETH-USD,dydx,DEX,False,0.0
ETH-USD,0,3248.800151,70628627,2026-01-07T07:00:00.201Z,2026-01-07 07:00:00.201000+00:00,0.0,3248.800151,ETH-USD,dydx,DEX,False,0.0
ETH-USD,0.00000275,3253.328003,70634118,2026-01-07T08:00:00.510Z,2026-01-07 08:00:00.510000+00:00,2.75e-06,3253.328003,ETH-USD,dydx,DEX,False,0.0
ETH-USD,0.0000275,3252.291522,70639575,2026-01-07T09:00:00.168Z,2026-01-07 09:00:00.168000+00:00,2.75e-05,3252.291522,ETH-USD,dydx,DEX,False,0.0
ETH-USD,0.000010625,3200.573686,70644886,2026-01-07T10:00:00.281Z,2026-01-07 10:00:00.281000+00:00,1.0625e-05,3200.573686,ETH-USD,dydx,DEX,False,0.0
ETH-USD,0.00000825,3217.74935,70650363,2026-01-07T11:00:00.577Z,2026-01-07 11:00:00.577000+00:00,8.25e-06,3217.74935,ETH-USD,dydx,DEX,False,0.0
ETH-USD,0.000002875,3218.340176,70655768,2026-01-07T12:00:00.591Z,2026-01-07 12:00:00.591000+00:00,2.875e-06,3218.340176,ETH-USD,dydx,DEX,False,0.0
ETH-USD,0.000017125,3211.407189,70661304,2026-01-07T13:00:00.568Z,2026-01-07 13:00:00.568000+00:00,1.7125e-05,3211.407189,ETH-USD,dydx,DEX,False,0.0
ETH-USD,0.000009,3209.456833,70666809,2026-01-07T14:00:00.783Z,2026-01-07 14:00:00.783000+00:00,9e-06,3209.456833,ETH-USD,dydx,DEX,False,0.0
ETH-USD,0.00000275,3188.663771,70672346,2026-01-07T15:00:00.605Z,2026-01-07 15:00:00.605000+00:00,2.75e-06,3188.663771,ETH-USD,dydx,DEX,False,0.0
ETH-USD,0.000003625,3163.676793,70677828,2026-01-07T16:00:00.466Z,2026-01-07 16:00:00.466000+00:00,3.625e-06,3163.676793,ETH-USD,dydx,DEX,False,0.0
ETH-USD,0.000004625,3154.012191,70683458,2026-01-07T17:00:00.098Z,2026-01-07 17:00:00.098000+00:00,4.625e-06,3154.012191,ETH-USD,dydx,DEX,False,0.0
ETH-USD,0.000034125,3150.991525,70688961,2026-01-07T18:00:00.370Z,2026-01-07 18:00:00.370000+00:00,3.4125e-05,3150.991525,ETH-USD,dydx,DEX,False,0.0
ETH-USD,0.00000525,3143.608834,70694567,2026-01-07T19:00:00.046Z,2026-01-07 19:00:00.046000+00:00,5.25e-06,3143.608834,ETH-USD,dydx,DEX,False,0.0
ETH-USD,0.00001825,3143.216271,70700122,2026-01-07T20:00:00.014Z,2026-01-07 20:00:00.014000+00:00,1.825e-05,3143.216271,ETH-USD,dydx,DEX,False,0.0
ETH-USD,0.0000195,3138.189448,70705705,2026-01-07T21:00:00.264Z,2026-01-07 21:00:00.264000+00:00,1.95e-05,3138.189448,ETH-USD,dydx,DEX,False,0.0
ETH-USD,0.000022875,3148.75587,70711220,2026-01-07T22:00:00.668Z,2026-01-07 22:00:00.668000+00:00,2.2875e-05,3148.75587,ETH-USD,dydx,DEX,False,0.0
ETH-USD,0.0000145,3151.51394,70716766,2026-01-07T23:00:00.385Z,2026-01-07 23:00:00.385000+00:00,1.45e-05,3151.51394,ETH-USD,dydx,DEX,False,0.0
ETH-USD,0.000014625,3167.232225,70722339,2026-01-08T00:00:00.396Z,2026-01-08 00:00:00.396000+00:00,1.4625e-05,3167.232225,ETH-USD,dydx,DEX,False,0.0
ETH-USD,0.000012375,3168.156381,70727916,2026-01-08T01:00:00.157Z,2026-01-08 01:00:00.157000+00:00,1.2375e-05,3168.156381,ETH-USD,dydx,DEX,False,0.0
ETH-USD,0.000035,3173.677512,70733482,2026-01-08T02:00:00.544Z,2026-01-08 02:00:00.544000+00:00,3.5e-05,3173.677512,ETH-USD,dydx,DEX,False,0.0
ETH-USD,0.0000105,3156.705306,70739072,2026-01-08T03:00:00.149Z,2026-01-08 03:00:00.149000+00:00,1.05e-05,3156.705306,ETH-USD,dydx,DEX,False,0.0
ETH-USD,0.000000125,3138.612186,70744672,2026-01-08T04:00:00.224Z,2026-01-08 04:00:00.224000+00:00,1.25e-07,3138.612186,ETH-USD,dydx,DEX,False,0.0
ETH-USD,0.00000875,3150.556905,70750316,2026-01-08T05:00:00.195Z,2026-01-08 05:00:00.195000+00:00,8.75e-06,3150.556905,ETH-USD,dydx,DEX,False,0.0
ETH-USD,0.000019375,3139.848653,70755860,2026-01-08T06:00:00.934Z,2026-01-08 06:00:00.934000+00:00,1.9375e-05,3139.848653,ETH-USD,dydx,DEX,False,0.0
ETH-USD,0.000015,3103.068096,70761390,2026-01-08T07:00:00.326Z,2026-01-08 07:00:00.326000+00:00,1.5e-05,3103.068096,ETH-USD,dydx,DEX,False,0.0
ETH-USD,0.000011125,3124.562049,70766879,2026-01-08T08:00:00.586Z,2026-01-08 08:00:00.586000+00:00,1.1125e-05,3124.562049,ETH-USD,dydx,DEX,False,0.0
ETH-USD,0.000022625,3113.285386,70772282,2026-01-08T09:00:00.635Z,2026-01-08 09:00:00.635000+00:00,2.2625e-05,3113.285386,ETH-USD,dydx,DEX,False,0.0
ETH-USD,0.000020875,3107.58778,70777629,2026-01-08T10:00:00.279Z,2026-01-08 10:00:00.279000+00:00,2.0875e-05,3107.58778,ETH-USD,dydx,DEX,False,0.0
ETH-USD,0.0000025,3125.42379,70783121,2026-01-08T11:00:00.592Z,2026-01-08 11:00:00.592000+00:00,2.5e-06,3125.42379,ETH-USD,dydx,DEX,False,0.0
ETH-USD,0.000002125,3116.342023,70788543,2026-01-08T12:00:00.244Z,2026-01-08 12:00:00.244000+00:00,2.125e-06,3116.342023,ETH-USD,dydx,DEX,False,0.0
ETH-USD,-0.000003625,3093.241938,70794090,2026-01-08T13:00:00.229Z,2026-01-08 13:00:00.229000+00:00,-3.625e-06,3093.241938,ETH-USD,dydx,DEX,False,0.0
ETH-USD,0.0000045,3094.209558,70799684,2026-01-08T14:00:00.170Z,2026-01-08 14:00:00.170000+00:00,4.5e-06,3094.209558,ETH-USD,dydx,DEX,False,0.0
ETH-USD,0.000007875,3075.295625,70805297,2026-01-08T15:00:00.404Z,2026-01-08 15:00:00.404000+00:00,7.875e-06,3075.295625,ETH-USD,dydx,DEX,False,0.0
ETH-USD,0.00003225,3102.851896,70810768,2026-01-08T16:00:00.029Z,2026-01-08 16:00:00.029000+00:00,3.225e-05,3102.851896,ETH-USD,dydx,DEX,False,0.0
ETH-USD,0.00001025,3120.075058,70816255,2026-01-08T17:00:00.331Z,2026-01-08 17:00:00.331000+00:00,1.025e-05,3120.075058,ETH-USD,dydx,DEX,False,0.0
ETH-USD,0.000032125,3131.361175,70821693,2026-01-08T18:00:00.102Z,2026-01-08 18:00:00.102000+00:00,3.2125e-05,3131.361175,ETH-USD,dydx,DEX,False,0.0
ETH-USD,0.00002225,3117.16299,70827274,2026-01-08T19:00:00.255Z,2026-01-08 19:00:00.255000+00:00,2.225e-05,3117.16299,ETH-USD,dydx,DEX,False,0.0
ETH-USD,0.00002225,3108.18283,70832837,2026-01-08T20:00:00.744Z,2026-01-08 20:00:00.744000+00:00,2.225e-05,3108.18283,ETH-USD,dydx,DEX,False,0.0
ETH-USD,0.000031625,3104.744758,70838429,2026-01-08T21:00:00.498Z,2026-01-08 21:00:00.498000+00:00,3.1625e-05,3104.744758,ETH-USD,dydx,DEX,False,0.0
ETH-USD,0.00003,3116.948185,70844019,2026-01-08T22:00:00.404Z,2026-01-08 22:00:00.404000+00:00,3e-05,3116.948185,ETH-USD,dydx,DEX,False,0.0
ETH-USD,0.000028,3116.357659,70849580,2026-01-08T23:00:00.127Z,2026-01-08 23:00:00.127000+00:00,2.8e-05,3116.357659,ETH-USD,dydx,DEX,False,0.0
ETH-USD,0.000026875,3104.926414,70855153,2026-01-09T00:00:00.121Z,2026-01-09 00:00:00.121000+00:00,2.6875e-05,3104.926414,ETH-USD,dydx,DEX,False,0.0
ETH-USD,0.000005875,3113.47235,70860744,2026-01-09T01:00:00.346Z,2026-01-09 01:00:00.346000+00:00,5.875e-06,3113.47235,ETH-USD,dydx,DEX,False,0.0
ETH-USD,0.000008625,3102.712829,70866306,2026-01-09T02:00:00.597Z,2026-01-09 02:00:00.597000+00:00,8.625e-06,3102.712829,ETH-USD,dydx,DEX,False,0.0
ETH-USD,0.000022625,3106.529776,70871930,2026-01-09T03:00:00.453Z,2026-01-09 03:00:00.453000+00:00,2.2625e-05,3106.529776,ETH-USD,dydx,DEX,False,0.0
ETH-USD,0.00002625,3116.645019,70877538,2026-01-09T04:00:00.975Z,2026-01-09 04:00:00.975000+00:00,2.625e-05,3116.645019,ETH-USD,dydx,DEX,False,0.0
ETH-USD,0.0000465,3115.02148,70883121,2026-01-09T05:00:00.451Z,2026-01-09 05:00:00.451000+00:00,4.65e-05,3115.02148,ETH-USD,dydx,DEX,False,0.0
ETH-USD,0.000035625,3115.604395,70888651,2026-01-09T06:00:00.527Z,2026-01-09 06:00:00.527000+00:00,3.5625e-05,3115.604395,ETH-USD,dydx,DEX,False,0.0
ETH-USD,0.000008875,3120.55234,70894202,2026-01-09T07:00:00.030Z,2026-01-09 07:00:00.030000+00:00,8.875e-06,3120.55234,ETH-USD,dydx,DEX,False,0.0
ETH-USD,0.000021875,3108.579763,70899765,2026-01-09T08:00:00.381Z,2026-01-09 08:00:00.381000+00:00,2.1875e-05,3108.579763,ETH-USD,dydx,DEX,False,0.0
ETH-USD,0.0000275,3079.754229,70905138,2026-01-09T09:00:00.620Z,2026-01-09 09:00:00.620000+00:00,2.75e-05,3079.754229,ETH-USD,dydx,DEX,False,0.0
ETH-USD,0.000021375,3088.751248,70910554,2026-01-09T10:00:00.628Z,2026-01-09 10:00:00.628000+00:00,2.1375e-05,3088.751248,ETH-USD,dydx,DEX,False,0.0
ETH-USD,0.000021875,3094.711795,70916036,2026-01-09T11:00:00.193Z,2026-01-09 11:00:00.193000+00:00,2.1875e-05,3094.711795,ETH-USD,dydx,DEX,False,0.0
ETH-USD,0.000006,3087.861344,70921480,2026-01-09T12:00:00.135Z,2026-01-09 12:00:00.135000+00:00,6e-06,3087.861344,ETH-USD,dydx,DEX,False,0.0
ETH-USD,0.000001625,3082.40589,70926974,2026-01-09T13:00:00.130Z,2026-01-09 13:00:00.130000+00:00,1.625e-06,3082.40589,ETH-USD,dydx,DEX,False,0.0
ETH-USD,0.000023875,3096.760688,70932502,2026-01-09T14:00:00.569Z,2026-01-09 14:00:00.569000+00:00,2.3875e-05,3096.760688,ETH-USD,dydx,DEX,False,0.0
ETH-USD,0.000037,3075.964236,70938039,2026-01-09T15:00:00.078Z,2026-01-09 15:00:00.078000+00:00,3.7e-05,3075.964236,ETH-USD,dydx,DEX,False,0.0
ETH-USD,0.0000265,3109.56235,70943532,2026-01-09T16:00:00.343Z,2026-01-09 16:00:00.343000+00:00,2.65e-05,3109.56235,ETH-USD,dydx,DEX,False,0.0
ETH-USD,0.000027125,3131.579736,70948924,2026-01-09T17:00:00.584Z,2026-01-09 17:00:00.584000+00:00,2.7125e-05,3131.579736,ETH-USD,dydx,DEX,False,0.0
ETH-USD,0.0000345,3113.259392,70954301,2026-01-09T18:00:00.282Z,2026-01-09 18:00:00.282000+00:00,3.45e-05,3113.259392,ETH-USD,dydx,DEX,False,0.0
ETH-USD,0.000007625,3091.918045,70959764,2026-01-09T19:00:00.399Z,2026-01-09 19:00:00.399000+00:00,7.625e-06,3091.918045,ETH-USD,dydx,DEX,False,0.0
ETH-USD,0.0000145,3078.461565,70965208,2026-01-09T20:00:00.376Z,2026-01-09 20:00:00.376000+00:00,1.45e-05,3078.461565,ETH-USD,dydx,DEX,False,0.0
ETH-USD,0.00001475,3069.651821,70970746,2026-01-09T21:00:00.791Z,2026-01-09 21:00:00.791000+00:00,1.475e-05,3069.651821,ETH-USD,dydx,DEX,False,0.0
ETH-USD,0.000009,3083.560692,70976293,2026-01-09T22:00:00.252Z,2026-01-09 22:00:00.252000+00:00,9e-06,3083.560692,ETH-USD,dydx,DEX,False,0.0
ETH-USD,0.000009,3083.560692,70976293,2026-01-09T22:00:00.252Z,2026-01-09 22:00:00.252000+00:00,9e-06,3083.560692,ETH-USD,dydx,DEX,False,0.0
ETH-USD,0.00002225,3082.793108,70981815,2026-01-09T23:00:00.085Z,2026-01-09 23:00:00.085000+00:00,2.225e-05,3082.793108,ETH-USD,dydx,DEX,False,0.0
ETH-USD,0.00001375,3084.897944,70987328,2026-01-10T00:00:00.544Z,2026-01-10 00:00:00.544000+00:00,1.375e-05,3084.897944,ETH-USD,dydx,DEX,False,0.0
ETH-USD,0.000027625,3079.32,70992889,2026-01-10T01:00:00.286Z,2026-01-10 01:00:00.286000+00:00,2.7625e-05,3079.32,ETH-USD,dydx,DEX,False,0.0
ETH-USD,0.000023375,3087.176867,70998420,2026-01-10T02:00:00.193Z,2026-01-10 02:00:00.193000+00:00,2.3375e-05,3087.176867,ETH-USD,dydx,DEX,False,0.0
ETH-USD,0.000016125,3084.960752,71003989,2026-01-10T03:00:00.616Z,2026-01-10 03:00:00.616000+00:00,1.6125e-05,3084.960752,ETH-USD,dydx,DEX,False,0.0
ETH-USD,0.000019375,3083.31134,71009530,2026-01-10T04:00:00.583Z,2026-01-10 04:00:00.583000+00:00,1.9375e-05,3083.31134,ETH-USD,dydx,DEX,False,0.0
ETH-USD,0.00002625,3076.859305,71015041,2026-01-10T05:00:00.202Z,2026-01-10 05:00:00.202000+00:00,2.625e-05,3076.859305,ETH-USD,dydx,DEX,False,0.0
ETH-USD,0.00001675,3083.468715,71020520,2026-01-10T06:00:00.508Z,2026-01-10 06:00:00.508000+00:00,1.675e-05,3083.468715,ETH-USD,dydx,DEX,False,0.0
ETH-USD,0.000018375,3083.416066,71026170,2026-01-10T07:00:00.440Z,2026-01-10 07:00:00.440000+00:00,1.8375e-05,3083.416066,ETH-USD,dydx,DEX,False,0.0
ETH-USD,0.000003625,3089.340659,71031859,2026-01-10T08:00:00.577Z,2026-01-10 08:00:00.577000+00:00,3.625e-06,3089.340659,ETH-USD,dydx,DEX,False,0.0
ETH-USD,0.000014875,3085.680043,71037211,2026-01-10T09:00:00.728Z,2026-01-10 09:00:00.728000+00:00,1.4875e-05,3085.680043,ETH-USD,dydx,DEX,False,0.0
ETH-USD,0.000023375,3091.973828,71042560,2026-01-10T10:00:00.233Z,2026-01-10 10:00:00.233000+00:00,2.3375e-05,3091.973828,ETH-USD,dydx,DEX,False,0.0
ETH-USD,0.000028875,3098.836113,71048018,2026-01-10T11:00:00.050Z,2026-01-10 11:00:00.050000+00:00,2.8875e-05,3098.836113,ETH-USD,dydx,DEX,False,0.0
ETH-USD,0.00000325,3093.705664,71053482,2026-01-10T12:00:00.597Z,2026-01-10 12:00:00.597000+00:00,3.25e-06,3093.705664,ETH-USD,dydx,DEX,False,0.0
ETH-USD,0.000002125,3094.800182,71059083,2026-01-10T13:00:00.246Z,2026-01-10 13:00:00.246000+00:00,2.125e-06,3094.800182,ETH-USD,dydx,DEX,False,0.0
ETH-USD,-0.000000375,3091.371336,71064754,2026-01-10T14:00:00.507Z,2026-01-10 14:00:00.507000+00:00,-3.75e-07,3091.371336,ETH-USD,dydx,DEX,False,0.0
ETH-USD,0.00000625,3087.724668,71070379,2026-01-10T15:00:00.311Z,2026-01-10 15:00:00.311000+00:00,6.25e-06,3087.724668,ETH-USD,dydx,DEX,False,0.0
ETH-USD,0.0000065,3092.583848,71075957,2026-01-10T16:00:00.106Z,2026-01-10 16:00:00.106000+00:00,6.5e-06,3092.583848,ETH-USD,dydx,DEX,False,0.0
ETH-USD,0.00003175,3092.005494,71081545,2026-01-10T17:00:00.414Z,2026-01-10 17:00:00.414000+00:00,3.175e-05,3092.005494,ETH-USD,dydx,DEX,False,0.0
ETH-USD,0.000030375,3088.597542,71087136,2026-01-10T18:00:00.030Z,2026-01-10 18:00:00.030000+00:00,3.0375e-05,3088.597542,ETH-USD,dydx,DEX,False,0.0
ETH-USD,0.00003225,3090.02997,71092811,2026-01-10T19:00:00.171Z,2026-01-10 19:00:00.171000+00:00,3.225e-05,3090.02997,ETH-USD,dydx,DEX,False,0.0
ETH-USD,0.0000415,3088.41774,71098477,2026-01-10T20:00:00.153Z,2026-01-10 20:00:00.153000+00:00,4.15e-05,3088.41774,ETH-USD,dydx,DEX,False,0.0
ETH-USD,0.0000425,3086.537409,71104156,2026-01-10T21:00:00.147Z,2026-01-10 21:00:00.147000+00:00,4.25e-05,3086.537409,ETH-USD,dydx,DEX,False,0.0
ETH-USD,0.000033125,3082.924777,71109871,2026-01-10T22:00:00.464Z,2026-01-10 22:00:00.464000+00:00,3.3125e-05,3082.924777,ETH-USD,dydx,DEX,False,0.0
ETH-USD,0,3077.29248,71115580,2026-01-10T23:00:00.605Z,2026-01-10 23:00:00.605000+00:00,0.0,3077.29248,ETH-USD,dydx,DEX,False,0.0
ETH-USD,0.000020625,3082.286991,71121293,2026-01-11T00:00:00.243Z,2026-01-11 00:00:00.243000+00:00,2.0625e-05,3082.286991,ETH-USD,dydx,DEX,False,0.0
ETH-USD,0.000009125,3089.330669,71127029,2026-01-11T01:00:00.430Z,2026-01-11 01:00:00.430000+00:00,9.125e-06,3089.330669,ETH-USD,dydx,DEX,False,0.0
ETH-USD,0.000004625,3092.546707,71132725,2026-01-11T02:00:00.482Z,2026-01-11 02:00:00.482000+00:00,4.625e-06,3092.546707,ETH-USD,dydx,DEX,False,0.0
ETH-USD,0.00003375,3089.388579,71138423,2026-01-11T03:00:00.592Z,2026-01-11 03:00:00.592000+00:00,3.375e-05,3089.388579,ETH-USD,dydx,DEX,False,0.0
ETH-USD,0.000015625,3094.455275,71144125,2026-01-11T04:00:00.126Z,2026-01-11 04:00:00.126000+00:00,1.5625e-05,3094.455275,ETH-USD,dydx,DEX,False,0.0
ETH-USD,-0.000000625,3094.847699,71149921,2026-01-11T05:00:00.219Z,2026-01-11 05:00:00.219000+00:00,-6.25e-07,3094.847699,ETH-USD,dydx,DEX,False,0.0
ETH-USD,-0.000000125,3095.424575,71155606,2026-01-11T06:00:00.382Z,2026-01-11 06:00:00.382000+00:00,-1.25e-07,3095.424575,ETH-USD,dydx,DEX,False,0.0
ETH-USD,0.000006,3093.601398,71161313,2026-01-11T07:00:00.196Z,2026-01-11 07:00:00.196000+00:00,6e-06,3093.601398,ETH-USD,dydx,DEX,False,0.0
ETH-USD,0,3091.828171,71167035,2026-01-11T08:00:00.378Z,2026-01-11 08:00:00.378000+00:00,0.0,3091.828171,ETH-USD,dydx,DEX,False,0.0
ETH-USD,0.000001625,3100.92274,71172479,2026-01-11T09:00:00.757Z,2026-01-11 09:00:00.757000+00:00,1.625e-06,3100.92274,ETH-USD,dydx,DEX,False,0.0
ETH-USD,0.000012875,3101.503496,71178104,2026-01-11T10:00:00.160Z,2026-01-11 10:00:00.160000+00:00,1.2875e-05,3101.503496,ETH-USD,dydx,DEX,False,0.0
ETH-USD,0.000004625,3104.305694,71183789,2026-01-11T11:00:00.513Z,2026-01-11 11:00:00.513000+00:00,4.625e-06,3104.305694,ETH-USD,dydx,DEX,False,0.0
ETH-USD,0.00000625,3100.517507,71189429,2026-01-11T12:00:00.746Z,2026-01-11 12:00:00.746000+00:00,6.25e-06,3100.517507,ETH-USD,dydx,DEX,False,0.0
ETH-USD,0.000004125,3111.742083,71195125,2026-01-11T13:00:00.442Z,2026-01-11 13:00:00.442000+00:00,4.125e-06,3111.742083,ETH-USD,dydx,DEX,False,0.0
ETH-USD,0.000020125,3107.032265,71200830,2026-01-11T14:00:00.628Z,2026-01-11 14:00:00.628000+00:00,2.0125e-05,3107.032265,ETH-USD,dydx,DEX,False,0.0
ETH-USD,0.0000285,3121.873469,71206561,2026-01-11T15:00:00.182Z,2026-01-11 15:00:00.182000+00:00,2.85e-05,3121.873469,ETH-USD,dydx,DEX,False,0.0
ETH-USD,0.00002025,3113.93038,71212232,2026-01-11T16:00:00.599Z,2026-01-11 16:00:00.599000+00:00,2.025e-05,3113.93038,ETH-USD,dydx,DEX,False,0.0
ETH-USD,0.000019125,3125.619347,71217958,2026-01-11T17:00:00.256Z,2026-01-11 17:00:00.256000+00:00,1.9125e-05,3125.619347,ETH-USD,dydx,DEX,False,0.0
ETH-USD,0.00000375,3122.742209,71223590,2026-01-11T18:00:00.198Z,2026-01-11 18:00:00.198000+00:00,3.75e-06,3122.742209,ETH-USD,dydx,DEX,False,0.0
ETH-USD,-0.000004375,3126.115027,71229281,2026-01-11T19:00:00.556Z,2026-01-11 19:00:00.556000+00:00,-4.375e-06,3126.115027,ETH-USD,dydx,DEX,False,0.0
ETH-USD,-0.000000375,3122.2203,71234925,2026-01-11T20:00:00.102Z,2026-01-11 20:00:00.102000+00:00,-3.75e-07,3122.2203,ETH-USD,dydx,DEX,False,0.0
ETH-USD,0.0000125,3111.231758,71240624,2026-01-11T21:00:00.561Z,2026-01-11 21:00:00.561000+00:00,1.25e-05,3111.231758,ETH-USD,dydx,DEX,False,0.0
ETH-USD,0.000001625,3118.662604,71246261,2026-01-11T22:00:00.090Z,2026-01-11 22:00:00.090000+00:00,1.625e-06,3118.662604,ETH-USD,dydx,DEX,False,0.0
ETH-USD,0.000010375,3105.92779,71251901,2026-01-11T23:00:00.193Z,2026-01-11 23:00:00.193000+00:00,1.0375e-05,3105.92779,ETH-USD,dydx,DEX,False,0.0
ETH-USD,0.000006875,3118.612664,71257558,2026-01-12T00:00:00.004Z,2026-01-12 00:00:00.004000+00:00,6.875e-06,3118.612664,ETH-USD,dydx,DEX,False,0.0
ETH-USD,0.0000065,3116.490212,71263215,2026-01-12T01:00:00.351Z,2026-01-12 01:00:00.351000+00:00,6.5e-06,3116.490212,ETH-USD,dydx,DEX,False,0.0
ETH-USD,0.000016,3121.286606,71268842,2026-01-12T02:00:00.180Z,2026-01-12 02:00:00.180000+00:00,1.6e-05,3121.286606,ETH-USD,dydx,DEX,False,0.0
ETH-USD,0.0000235,3155.178785,71274483,2026-01-12T03:00:00.196Z,2026-01-12 03:00:00.196000+00:00,2.35e-05,3155.178785,ETH-USD,dydx,DEX,False,0.0
ETH-USD,0.000034625,3148.25057,71280041,2026-01-12T04:00:00.106Z,2026-01-12 04:00:00.106000+00:00,3.4625e-05,3148.25057,ETH-USD,dydx,DEX,False,0.0
ETH-USD,0.000014,3156.480093,71285666,2026-01-12T05:00:00.143Z,2026-01-12 05:00:00.143000+00:00,1.4e-05,3156.480093,ETH-USD,dydx,DEX,False,0.0
ETH-USD,0.000016875,3154.151966,71291265,2026-01-12T06:00:00.198Z,2026-01-12 06:00:00.198000+00:00,1.6875e-05,3154.151966,ETH-USD,dydx,DEX,False,0.0
ETH-USD,0.00000925,3150.948956,71296912,2026-01-12T07:00:00.368Z,2026-01-12 07:00:00.368000+00:00,9.25e-06,3150.948956,ETH-USD,dydx,DEX,False,0.0
ETH-USD,0.00001375,3131.888295,71302500,2026-01-12T08:00:00.297Z,2026-01-12 08:00:00.297000+00:00,1.375e-05,3131.888295,ETH-USD,dydx,DEX,False,0.0
ETH-USD,0.000034875,3111.875533,71307939,2026-01-12T09:00:00.403Z,2026-01-12 09:00:00.403000+00:00,3.4875e-05,3111.875533,ETH-USD,dydx,DEX,False,0.0
ETH-USD,0.00001875,3111.761264,71313396,2026-01-12T10:00:00.511Z,2026-01-12 10:00:00.511000+00:00,1.875e-05,3111.761264,ETH-USD,dydx,DEX,False,0.0
ETH-USD,0.000006875,3102.331952,71318895,2026-01-12T11:00:00.211Z,2026-01-12 11:00:00.211000+00:00,6.875e-06,3102.331952,ETH-USD,dydx,DEX,False,0.0
ETH-USD,0.000022,3111.874911,71324351,2026-01-12T12:00:00.085Z,2026-01-12 12:00:00.085000+00:00,2.2e-05,3111.874911,ETH-USD,dydx,DEX,False,0.0
ETH-USD,0.00001025,3113.90677,71329905,2026-01-12T13:00:00.192Z,2026-01-12 13:00:00.192000+00:00,1.025e-05,3113.90677,ETH-USD,dydx,DEX,False,0.0
ETH-USD,0,3106.613938,71335453,2026-01-12T14:00:00.329Z,2026-01-12 14:00:00.329000+00:00,0.0,3106.613938,ETH-USD,dydx,DEX,False,0.0
ETH-USD,0.000002625,3102.912378,71341101,2026-01-12T15:00:00.693Z,2026-01-12 15:00:00.693000+00:00,2.625e-06,3102.912378,ETH-USD,dydx,DEX,False,0.0
ETH-USD,0.000008625,3127.626525,71346676,2026-01-12T16:00:00.018Z,2026-01-12 16:00:00.018000+00:00,8.625e-06,3127.626525,ETH-USD,dydx,DEX,False,0.0
ETH-USD,0.000020875,3128.57,71352200,2026-01-12T17:00:00.220Z,2026-01-12 17:00:00.220000+00:00,2.0875e-05,3128.57,ETH-USD,dydx,DEX,False,0.0
ETH-USD,0.00001825,3103.575079,71357840,2026-01-12T18:00:00.381Z,2026-01-12 18:00:00.381000+00:00,1.825e-05,3103.575079,ETH-USD,dydx,DEX,False,0.0
ETH-USD,0.0000235,3106.945138,71363514,2026-01-12T19:00:00.335Z,2026-01-12 19:00:00.335000+00:00,2.35e-05,3106.945138,ETH-USD,dydx,DEX,False,0.0
ETH-USD,0.0000245,3118.372798,71369124,2026-01-12T20:00:00.327Z,2026-01-12 20:00:00.327000+00:00,2.45e-05,3118.372798,ETH-USD,dydx,DEX,False,0.0
ETH-USD,0.000008375,3100.218472,71374815,2026-01-12T21:00:00.130Z,2026-01-12 21:00:00.130000+00:00,8.375e-06,3100.218472,ETH-USD,dydx,DEX,False,0.0
ETH-USD,0.000010875,3088.812831,71380545,2026-01-12T22:00:00.297Z,2026-01-12 22:00:00.297000+00:00,1.0875e-05,3088.812831,ETH-USD,dydx,DEX,False,0.0
ETH-USD,0.000008,3093.099541,71386300,2026-01-12T23:00:00.293Z,2026-01-12 23:00:00.293000+00:00,8e-06,3093.099541,ETH-USD,dydx,DEX,False,0.0
ETH-USD,0.0000235,3091.198211,71392016,2026-01-13T00:00:00.078Z,2026-01-13 00:00:00.078000+00:00,2.35e-05,3091.198211,ETH-USD,dydx,DEX,False,0.0
ETH-USD,0.00002025,3105.53946,71397733,2026-01-13T01:00:00.027Z,2026-01-13 01:00:00.027000+00:00,2.025e-05,3105.53946,ETH-USD,dydx,DEX,False,0.0
ETH-USD,0.00000825,3093.518844,71403520,2026-01-13T02:00:00.481Z,2026-01-13 02:00:00.481000+00:00,8.25e-06,3093.518844,ETH-USD,dydx,DEX,False,0.0
ETH-USD,0.000019,3097.175014,71409327,2026-01-13T03:00:00.346Z,2026-01-13 03:00:00.346000+00:00,1.9e-05,3097.175014,ETH-USD,dydx,DEX,False,0.0
ETH-USD,0.00002425,3114.015984,71415124,2026-01-13T04:00:00.594Z,2026-01-13 04:00:00.594000+00:00,2.425e-05,3114.015984,ETH-USD,dydx,DEX,False,0.0
ETH-USD,0.000026625,3118.354864,71420889,2026-01-13T05:00:00.005Z,2026-01-13 05:00:00.005000+00:00,2.6625e-05,3118.354864,ETH-USD,dydx,DEX,False,0.0
ETH-USD,0.00001475,3128.224597,71426565,2026-01-13T06:00:00.798Z,2026-01-13 06:00:00.798000+00:00,1.475e-05,3128.224597,ETH-USD,dydx,DEX,False,0.0
ETH-USD,0.000031125,3132.640374,71432538,2026-01-13T07:00:00.486Z,2026-01-13 07:00:00.486000+00:00,3.1125e-05,3132.640374,ETH-USD,dydx,DEX,False,0.0
ETH-USD,0.000029125,3118.910542,71438533,2026-01-13T08:00:00.028Z,2026-01-13 08:00:00.028000+00:00,2.9125e-05,3118.910542,ETH-USD,dydx,DEX,False,0.0
ETH-USD,0.000017125,3133.663665,71444011,2026-01-13T09:00:00.061Z,2026-01-13 09:00:00.061000+00:00,1.7125e-05,3133.663665,ETH-USD,dydx,DEX,False,0.0
ETH-USD,0.00001925,3135.848873,71449654,2026-01-13T10:00:00.342Z,2026-01-13 10:00:00.342000+00:00,1.925e-05,3135.848873,ETH-USD,dydx,DEX,False,0.0
ETH-USD,0.0000325,3131.32494,71455352,2026-01-13T11:00:00.144Z,2026-01-13 11:00:00.144000+00:00,3.25e-05,3131.32494,ETH-USD,dydx,DEX,False,0.0
ETH-USD,0.000017,3131.082026,71461055,2026-01-13T12:00:00.103Z,2026-01-13 12:00:00.103000+00:00,1.7e-05,3131.082026,ETH-USD,dydx,DEX,False,0.0
ETH-USD,0.000011375,3132.404076,71466869,2026-01-13T13:00:00.499Z,2026-01-13 13:00:00.499000+00:00,1.1375e-05,3132.404076,ETH-USD,dydx,DEX,False,0.0
ETH-USD,0.000012,3140.178586,71472735,2026-01-13T14:00:00.381Z,2026-01-13 14:00:00.381000+00:00,1.2e-05,3140.178586,ETH-USD,dydx,DEX,False,0.0
ETH-USD,0.000016375,3142.800621,71478672,2026-01-13T15:00:00.089Z,2026-01-13 15:00:00.089000+00:00,1.6375e-05,3142.800621,ETH-USD,dydx,DEX,False,0.0
ETH-USD,0.00000625,3181.284269,71484509,2026-01-13T16:00:00.485Z,2026-01-13 16:00:00.485000+00:00,6.25e-06,3181.284269,ETH-USD,dydx,DEX,False,0.0
ETH-USD,0.000013375,3179.53114,71490334,2026-01-13T17:00:00.599Z,2026-01-13 17:00:00.599000+00:00,1.3375e-05,3179.53114,ETH-USD,dydx,DEX,False,0.0
ETH-USD,0.0000205,3178.66925,71496224,2026-01-13T18:00:00.508Z,2026-01-13 18:00:00.508000+00:00,2.05e-05,3178.66925,ETH-USD,dydx,DEX,False,0.0
ETH-USD,0.0000085,3198.720511,71502157,2026-01-13T19:00:00.464Z,2026-01-13 19:00:00.464000+00:00,8.5e-06,3198.720511,ETH-USD,dydx,DEX,False,0.0
ETH-USD,0.000004125,3215.463456,71508051,2026-01-13T20:00:00.462Z,2026-01-13 20:00:00.462000+00:00,4.125e-06,3215.463456,ETH-USD,dydx,DEX,False,0.0
ETH-USD,-0.000000125,3205.404999,71513985,2026-01-13T21:00:00.418Z,2026-01-13 21:00:00.418000+00:00,-1.25e-07,3205.404999,ETH-USD,dydx,DEX,False,0.0
ETH-USD,-0.000005625,3210.13,71519869,2026-01-13T22:00:00.284Z,2026-01-13 22:00:00.284000+00:00,-5.625e-06,3210.13,ETH-USD,dydx,DEX,False,0.0
ETH-USD,0.00002,3328.968472,71525780,2026-01-13T23:00:00.143Z,2026-01-13 23:00:00.143000+00:00,2e-05,3328.968472,ETH-USD,dydx,DEX,False,0.0
ETH-USD,-0.000015,3323.342997,71531605,2026-01-14T00:00:00.085Z,2026-01-14 00:00:00.085000+00:00,-1.5e-05,3323.342997,ETH-USD,dydx,DEX,False,0.0
ETH-USD,-0.000003,3323.690523,71537471,2026-01-14T01:00:00.020Z,2026-01-14 01:00:00.020000+00:00,-3e-06,3323.690523,ETH-USD,dydx,DEX,False,0.0
ETH-USD,-0.000003,3323.690523,71537471,2026-01-14T01:00:00.020Z,2026-01-14 01:00:00.020000+00:00,-3e-06,3323.690523,ETH-USD,dydx,DEX,False,0.0
ETH-USD,0.000027375,3335.494361,71543233,2026-01-14T02:00:00.365Z,2026-01-14 02:00:00.365000+00:00,2.7375e-05,3335.494361,ETH-USD,dydx,DEX,False,0.0
ETH-USD,0.00000825,3325.358837,71549050,2026-01-14T03:00:00.002Z,2026-01-14 03:00:00.002000+00:00,8.25e-06,3325.358837,ETH-USD,dydx,DEX,False,0.0
ETH-USD,0.00000625,3349.315273,71554861,2026-01-14T04:00:00.241Z,2026-01-14 04:00:00.241000+00:00,6.25e-06,3349.315273,ETH-USD,dydx,DEX,False,0.0
ETH-USD,-0.000002875,3338.257348,71560699,2026-01-14T05:00:00.403Z,2026-01-14 05:00:00.403000+00:00,-2.875e-06,3338.257348,ETH-USD,dydx,DEX,False,0.0
ETH-USD,0.000004375,3328.694261,71566512,2026-01-14T06:00:00.487Z,2026-01-14 06:00:00.487000+00:00,4.375e-06,3328.694261,ETH-USD,dydx,DEX,False,0.0
ETH-USD,0.000016875,3332.340157,71572375,2026-01-14T07:00:00.682Z,2026-01-14 07:00:00.682000+00:00,1.6875e-05,3332.340157,ETH-USD,dydx,DEX,False,0.0
ETH-USD,0.000032375,3334.029257,71578165,2026-01-14T08:00:00.216Z,2026-01-14 08:00:00.216000+00:00,3.2375e-05,3334.029257,ETH-USD,dydx,DEX,False,0.0
ETH-USD,0.00003125,3327.859014,71583894,2026-01-14T09:00:00.042Z,2026-01-14 09:00:00.042000+00:00,3.125e-05,3327.859014,ETH-USD,dydx,DEX,False,0.0
ETH-USD,0.000010875,3325.841132,71589567,2026-01-14T10:00:00.075Z,2026-01-14 10:00:00.075000+00:00,1.0875e-05,3325.841132,ETH-USD,dydx,DEX,False,0.0
ETH-USD,0.000008875,3313.113688,71595443,2026-01-14T11:00:00.633Z,2026-01-14 11:00:00.633000+00:00,8.875e-06,3313.113688,ETH-USD,dydx,DEX,False,0.0
ETH-USD,0.000006375,3284.656276,71601303,2026-01-14T12:00:00.520Z,2026-01-14 12:00:00.520000+00:00,6.375e-06,3284.656276,ETH-USD,dydx,DEX,False,0.0
ETH-USD,0.000003875,3295.84583,71607251,2026-01-14T13:00:00.248Z,2026-01-14 13:00:00.248000+00:00,3.875e-06,3295.84583,ETH-USD,dydx,DEX,False,0.0
ETH-USD,0.000010375,3302.719728,71613176,2026-01-14T14:00:00.354Z,2026-01-14 14:00:00.354000+00:00,1.0375e-05,3302.719728,ETH-USD,dydx,DEX,False,0.0
ETH-USD,0.000013125,3349.380051,71619124,2026-01-14T15:00:00.171Z,2026-01-14 15:00:00.171000+00:00,1.3125e-05,3349.380051,ETH-USD,dydx,DEX,False,0.0
ETH-USD,0.000000875,3346.078844,71625046,2026-01-14T16:00:00.253Z,2026-01-14 16:00:00.253000+00:00,8.75e-07,3346.078844,ETH-USD,dydx,DEX,False,0.0
ETH-USD,0.000006125,3370.20351,71630986,2026-01-14T17:00:00.138Z,2026-01-14 17:00:00.138000+00:00,6.125e-06,3370.20351,ETH-USD,dydx,DEX,False,0.0
ETH-USD,-0.0000005,3342.747008,71636837,2026-01-14T18:00:00.613Z,2026-01-14 18:00:00.613000+00:00,-5e-07,3342.747008,ETH-USD,dydx,DEX,False,0.0
ETH-USD,0.000018125,3339.133913,71642643,2026-01-14T19:00:00.191Z,2026-01-14 19:00:00.191000+00:00,1.8125e-05,3339.133913,ETH-USD,dydx,DEX,False,0.0
ETH-USD,0.000005125,3368.112031,71648468,2026-01-14T20:00:00.482Z,2026-01-14 20:00:00.482000+00:00,5.125e-06,3368.112031,ETH-USD,dydx,DEX,False,0.0
ETH-USD,0.000002875,3383.01074,71654259,2026-01-14T21:00:00.341Z,2026-01-14 21:00:00.341000+00:00,2.875e-06,3383.01074,ETH-USD,dydx,DEX,False,0.0
ETH-USD,-0.0000055,3372.490882,71660072,2026-01-14T22:00:00.202Z,2026-01-14 22:00:00.202000+00:00,-5.5e-06,3372.490882,ETH-USD,dydx,DEX,False,0.0
ETH-USD,-0.0000015,3351.172977,71665909,2026-01-14T23:00:00.728Z,2026-01-14 23:00:00.728000+00:00,-1.5e-06,3351.172977,ETH-USD,dydx,DEX,False,0.0
ETH-USD,-0.000000375,3354.378828,71671801,2026-01-15T00:00:00.100Z,2026-01-15 00:00:00.100000+00:00,-3.75e-07,3354.378828,ETH-USD,dydx,DEX,False,0.0
ETH-USD,0.000001625,3331.259633,71677718,2026-01-15T01:00:00.669Z,2026-01-15 01:00:00.669000+00:00,1.625e-06,3331.259633,ETH-USD,dydx,DEX,False,0.0
ETH-USD,0.000006375,3324.252425,71683562,2026-01-15T02:00:00.390Z,2026-01-15 02:00:00.390000+00:00,6.375e-06,3324.252425,ETH-USD,dydx,DEX,False,0.0
ETH-USD,0.000002125,3314.186577,71689414,2026-01-15T03:00:00.440Z,2026-01-15 03:00:00.440000+00:00,2.125e-06,3314.186577,ETH-USD,dydx,DEX,False,0.0
ETH-USD,0.0000075,3287.590186,71695290,2026-01-15T04:00:00.020Z,2026-01-15 04:00:00.020000+00:00,7.5e-06,3287.590186,ETH-USD,dydx,DEX,False,0.0
ETH-USD,-0.000003625,3305.315,71701136,2026-01-15T05:00:00.546Z,2026-01-15 05:00:00.546000+00:00,-3.625e-06,3305.315,ETH-USD,dydx,DEX,False,0.0
ETH-USD,0.0000035,3311.463628,71706987,2026-01-15T06:00:00.237Z,2026-01-15 06:00:00.237000+00:00,3.5e-06,3311.463628,ETH-USD,dydx,DEX,False,0.0
ETH-USD,0.000007375,3316.6,71712849,2026-01-15T07:00:00.069Z,2026-01-15 07:00:00.069000+00:00,7.375e-06,3316.6,ETH-USD,dydx,DEX,False,0.0
ETH-USD,0.000002375,3329.461481,71718688,2026-01-15T08:00:00.055Z,2026-01-15 08:00:00.055000+00:00,2.375e-06,3329.461481,ETH-USD,dydx,DEX,False,0.0
ETH-USD,0.000004625,3337.422086,71724346,2026-01-15T09:00:00.238Z,2026-01-15 09:00:00.238000+00:00,4.625e-06,3337.422086,ETH-USD,dydx,DEX,False,0.0
ETH-USD,0.00001325,3365.73,71729986,2026-01-15T10:00:00.318Z,2026-01-15 10:00:00.318000+00:00,1.325e-05,3365.73,ETH-USD,dydx,DEX,False,0.0
ETH-USD,0.00001775,3364.211937,71735752,2026-01-15T11:00:00.458Z,2026-01-15 11:00:00.458000+00:00,1.775e-05,3364.211937,ETH-USD,dydx,DEX,False,0.0
ETH-USD,-0.000004125,3350.455,71741461,2026-01-15T12:00:00.469Z,2026-01-15 12:00:00.469000+00:00,-4.125e-06,3350.455,ETH-USD,dydx,DEX,False,0.0
ETH-USD,-0.000004625,3370.557423,71747288,2026-01-15T13:00:00.169Z,2026-01-15 13:00:00.169000+00:00,-4.625e-06,3370.557423,ETH-USD,dydx,DEX,False,0.0
ETH-USD,0.00001275,3371.047227,71753038,2026-01-15T14:00:00.726Z,2026-01-15 14:00:00.726000+00:00,1.275e-05,3371.047227,ETH-USD,dydx,DEX,False,0.0
ETH-USD,0.00000475,3342.225777,71758900,2026-01-15T15:00:00.158Z,2026-01-15 15:00:00.158000+00:00,4.75e-06,3342.225777,ETH-USD,dydx,DEX,False,0.0
ETH-USD,-0.0000035,3329.962003,71764670,2026-01-15T16:00:00.496Z,2026-01-15 16:00:00.496000+00:00,-3.5e-06,3329.962003,ETH-USD,dydx,DEX,False,0.0
ETH-USD,0.000000625,3330.961903,71770517,2026-01-15T17:00:00.476Z,2026-01-15 17:00:00.476000+00:00,6.25e-07,3330.961903,ETH-USD,dydx,DEX,False,0.0
ETH-USD,0.0000015,3300.634954,71776379,2026-01-15T18:00:00.186Z,2026-01-15 18:00:00.186000+00:00,1.5e-06,3300.634954,ETH-USD,dydx,DEX,False,0.0
ETH-USD,0.000003625,3287.998164,71782289,2026-01-15T19:00:00.033Z,2026-01-15 19:00:00.033000+00:00,3.625e-06,3287.998164,ETH-USD,dydx,DEX,False,0.0
ETH-USD,-0.0000015,3295.69543,71788085,2026-01-15T20:00:00.148Z,2026-01-15 20:00:00.148000+00:00,-1.5e-06,3295.69543,ETH-USD,dydx,DEX,False,0.0
ETH-USD,-0.000000125,3286.991815,71793910,2026-01-15T21:00:00.566Z,2026-01-15 21:00:00.566000+00:00,-1.25e-07,3286.991815,ETH-USD,dydx,DEX,False,0.0
ETH-USD,0.000011125,3298.863157,71799701,2026-01-15T22:00:00.247Z,2026-01-15 22:00:00.247000+00:00,1.1125e-05,3298.863157,ETH-USD,dydx,DEX,False,0.0
ETH-USD,0.00000475,3310.055,71805581,2026-01-15T23:00:00.551Z,2026-01-15 23:00:00.551000+00:00,4.75e-06,3310.055,ETH-USD,dydx,DEX,False,0.0
ETH-USD,0.0000015,3318.163809,71811438,2026-01-16T00:00:00.114Z,2026-01-16 00:00:00.114000+00:00,1.5e-06,3318.163809,ETH-USD,dydx,DEX,False,0.0
ETH-USD,0.000005375,3316.225691,71817371,2026-01-16T01:00:00.075Z,2026-01-16 01:00:00.075000+00:00,5.375e-06,3316.225691,ETH-USD,dydx,DEX,False,0.0
ETH-USD,-0.000001,3313.536052,71823297,2026-01-16T02:00:00.363Z,2026-01-16 02:00:00.363000+00:00,-1e-06,3313.536052,ETH-USD,dydx,DEX,False,0.0
ETH-USD,0.000000875,3301.675623,71829402,2026-01-16T03:00:00.008Z,2026-01-16 03:00:00.008000+00:00,8.75e-07,3301.675623,ETH-USD,dydx,DEX,False,0.0
ETH-USD,0.000001,3295.555444,71835414,2026-01-16T04:00:00.262Z,2026-01-16 04:00:00.262000+00:00,1e-06,3295.555444,ETH-USD,dydx,DEX,False,0.0
ETH-USD,-0.000010875,3287.09129,71841350,2026-01-16T05:00:00.008Z,2026-01-16 05:00:00.008000+00:00,-1.0875e-05,3287.09129,ETH-USD,dydx,DEX,False,0.0
ETH-USD,-0.00000775,3308.753923,71847132,2026-01-16T06:00:00.388Z,2026-01-16 06:00:00.388000+00:00,-7.75e-06,3308.753923,ETH-USD,dydx,DEX,False,0.0
ETH-USD,0.000002875,3314.374275,71852985,2026-01-16T07:00:00.241Z,2026-01-16 07:00:00.241000+00:00,2.875e-06,3314.374275,ETH-USD,dydx,DEX,False,0.0
ETH-USD,0.000008875,3308.448963,71858860,2026-01-16T08:00:00.107Z,2026-01-16 08:00:00.107000+00:00,8.875e-06,3308.448963,ETH-USD,dydx,DEX,False,0.0
ETH-USD,-0.000001,3313.462307,71864456,2026-01-16T09:00:00.555Z,2026-01-16 09:00:00.555000+00:00,-1e-06,3313.462307,ETH-USD,dydx,DEX,False,0.0
ETH-USD,0.00000325,3308.183363,71869969,2026-01-16T10:00:00.512Z,2026-01-16 10:00:00.512000+00:00,3.25e-06,3308.183363,ETH-USD,dydx,DEX,False,0.0
ETH-USD,0,3297.040452,71875736,2026-01-16T11:00:00.447Z,2026-01-16 11:00:00.447000+00:00,0.0,3297.040452,ETH-USD,dydx,DEX,False,0.0
ETH-USD,-0.000008375,3301.154769,71881443,2026-01-16T12:00:00.274Z,2026-01-16 12:00:00.274000+00:00,-8.375e-06,3301.154769,ETH-USD,dydx,DEX,False,0.0
ETH-USD,0.0000065,3308.004459,71887277,2026-01-16T13:00:00.439Z,2026-01-16 13:00:00.439000+00:00,6.5e-06,3308.004459,ETH-USD,dydx,DEX,False,0.0
ETH-USD,0.000001375,3307.286759,71893112,2026-01-16T14:00:00.311Z,2026-01-16 14:00:00.311000+00:00,1.375e-06,3307.286759,ETH-USD,dydx,DEX,False,0.0
ETH-USD,-0.000004625,3293.859714,71898990,2026-01-16T15:00:00.577Z,2026-01-16 15:00:00.577000+00:00,-4.625e-06,3293.859714,ETH-USD,dydx,DEX,False,0.0
ETH-USD,-0.000001,3263.892221,71904748,2026-01-16T16:00:00.046Z,2026-01-16 16:00:00.046000+00:00,-1e-06,3263.892221,ETH-USD,dydx,DEX,False,0.0
ETH-USD,0.00001,3278.147185,71910609,2026-01-16T17:00:00.007Z,2026-01-16 17:00:00.007000+00:00,1e-05,3278.147185,ETH-USD,dydx,DEX,False,0.0
ETH-USD,0.0000035,3283.446914,71916418,2026-01-16T18:00:00.348Z,2026-01-16 18:00:00.348000+00:00,3.5e-06,3283.446914,ETH-USD,dydx,DEX,False,0.0
ETH-USD,-0.00000125,3278.73138,71922269,2026-01-16T19:00:00.281Z,2026-01-16 19:00:00.281000+00:00,-1.25e-06,3278.73138,ETH-USD,dydx,DEX,False,0.0
ETH-USD,0.000000375,3273.985202,71928103,2026-01-16T20:00:00.454Z,2026-01-16 20:00:00.454000+00:00,3.75e-07,3273.985202,ETH-USD,dydx,DEX,False,0.0
ETH-USD,0.000001,3290.926814,71933923,2026-01-16T21:00:00.596Z,2026-01-16 21:00:00.596000+00:00,1e-06,3290.926814,ETH-USD,dydx,DEX,False,0.0
ETH-USD,0.000001375,3293.407736,71939741,2026-01-16T22:00:00.233Z,2026-01-16 22:00:00.233000+00:00,1.375e-06,3293.407736,ETH-USD,dydx,DEX,False,0.0
ETH-USD,-0.0000015,3292.837148,71945544,2026-01-16T23:00:00.098Z,2026-01-16 23:00:00.098000+00:00,-1.5e-06,3292.837148,ETH-USD,dydx,DEX,False,0.0
ETH-USD,-0.000004,3296.435712,71951368,2026-01-17T00:00:00.387Z,2026-01-17 00:00:00.387000+00:00,-4e-06,3296.435712,ETH-USD,dydx,DEX,False,0.0
ETH-USD,0.000004125,3290.945738,71957317,2026-01-17T01:00:00.198Z,2026-01-17 01:00:00.198000+00:00,4.125e-06,3290.945738,ETH-USD,dydx,DEX,False,0.0
ETH-USD,-0.000001625,3289.490875,71963257,2026-01-17T02:00:00.383Z,2026-01-17 02:00:00.383000+00:00,-1.625e-06,3289.490875,ETH-USD,dydx,DEX,False,0.0
ETH-USD,0.000000625,3290.911817,71969229,2026-01-17T03:00:00.314Z,2026-01-17 03:00:00.314000+00:00,6.25e-07,3290.911817,ETH-USD,dydx,DEX,False,0.0
ETH-USD,-0.000001375,3288.325385,71975114,2026-01-17T04:00:00.349Z,2026-01-17 04:00:00.349000+00:00,-1.375e-06,3288.325385,ETH-USD,dydx,DEX,False,0.0
ETH-USD,0.000006,3291.761647,71980969,2026-01-17T05:00:00.573Z,2026-01-17 05:00:00.573000+00:00,6e-06,3291.761647,ETH-USD,dydx,DEX,False,0.0
ETH-USD,0.000023125,3291.601679,71986783,2026-01-17T06:00:00.713Z,2026-01-17 06:00:00.713000+00:00,2.3125e-05,3291.601679,ETH-USD,dydx,DEX,False,0.0
ETH-USD,0.000024375,3290.743288,71992696,2026-01-17T07:00:00.002Z,2026-01-17 07:00:00.002000+00:00,2.4375e-05,3290.743288,ETH-USD,dydx,DEX,False,0.0
ETH-USD,0.000013875,3289.855106,71998586,2026-01-17T08:00:00.463Z,2026-01-17 08:00:00.463000+00:00,1.3875e-05,3289.855106,ETH-USD,dydx,DEX,False,0.0
ETH-USD,0.000009375,3295.120975,72004289,2026-01-17T09:00:00.121Z,2026-01-17 09:00:00.121000+00:00,9.375e-06,3295.120975,ETH-USD,dydx,DEX,False,0.0
ETH-USD,0.0000115,3298.72912,72010040,2026-01-17T10:00:00.252Z,2026-01-17 10:00:00.252000+00:00,1.15e-05,3298.72912,ETH-USD,dydx,DEX,False,0.0
ETH-USD,0.000006125,3294.951745,72015768,2026-01-17T11:00:00.372Z,2026-01-17 11:00:00.372000+00:00,6.125e-06,3294.951745,ETH-USD,dydx,DEX,False,0.0
ETH-USD,0.0000135,3301.901767,72021483,2026-01-17T12:00:00.428Z,2026-01-17 12:00:00.428000+00:00,1.35e-05,3301.901767,ETH-USD,dydx,DEX,False,0.0
ETH-USD,0.000021875,3301.608124,72027314,2026-01-17T13:00:00.128Z,2026-01-17 13:00:00.128000+00:00,2.1875e-05,3301.608124,ETH-USD,dydx,DEX,False,0.0
ETH-USD,-0.000001625,3303.214678,72033086,2026-01-17T14:00:00.464Z,2026-01-17 14:00:00.464000+00:00,-1.625e-06,3303.214678,ETH-USD,dydx,DEX,False,0.0
ETH-USD,-0.000001875,3309.226529,72038911,2026-01-17T15:00:00.451Z,2026-01-17 15:00:00.451000+00:00,-1.875e-06,3309.226529,ETH-USD,dydx,DEX,False,0.0
ETH-USD,0.000013375,3327.759448,72044722,2026-01-17T16:00:00.571Z,2026-01-17 16:00:00.571000+00:00,1.3375e-05,3327.759448,ETH-USD,dydx,DEX,False,0.0
ETH-USD,0.00001525,3317.376524,72050567,2026-01-17T17:00:00.195Z,2026-01-17 17:00:00.195000+00:00,1.525e-05,3317.376524,ETH-USD,dydx,DEX,False,0.0
ETH-USD,-0.0000055,3317.826434,72056411,2026-01-17T18:00:00.859Z,2026-01-17 18:00:00.859000+00:00,-5.5e-06,3317.826434,ETH-USD,dydx,DEX,False,0.0
ETH-USD,0.000009125,3317.216556,72062318,2026-01-17T19:00:00.470Z,2026-01-17 19:00:00.470000+00:00,9.125e-06,3317.216556,ETH-USD,dydx,DEX,False,0.0
ETH-USD,0.0000105,3315.544201,72068179,2026-01-17T20:00:00.262Z,2026-01-17 20:00:00.262000+00:00,1.05e-05,3315.544201,ETH-USD,dydx,DEX,False,0.0
ETH-USD,0.000008875,3317.505743,72074072,2026-01-17T21:00:00.070Z,2026-01-17 21:00:00.070000+00:00,8.875e-06,3317.505743,ETH-USD,dydx,DEX,False,0.0
ETH-USD,-0.000001625,3310.458588,72079987,2026-01-17T22:00:00.626Z,2026-01-17 22:00:00.626000+00:00,-1.625e-06,3310.458588,ETH-USD,dydx,DEX,False,0.0
ETH-USD,-0.0000045,3302.14957,72085899,2026-01-17T23:00:00.555Z,2026-01-17 23:00:00.555000+00:00,-4.5e-06,3302.14957,ETH-USD,dydx,DEX,False,0.0
ETH-USD,0.000004125,3309.366448,72091804,2026-01-18T00:00:00.353Z,2026-01-18 00:00:00.353000+00:00,4.125e-06,3309.366448,ETH-USD,dydx,DEX,False,0.0
ETH-USD,0.0000145,3304.893247,72097742,2026-01-18T01:00:00.130Z,2026-01-18 01:00:00.130000+00:00,1.45e-05,3304.893247,ETH-USD,dydx,DEX,False,0.0
ETH-USD,0.000003875,3299.383385,72103585,2026-01-18T02:00:00.160Z,2026-01-18 02:00:00.160000+00:00,3.875e-06,3299.383385,ETH-USD,dydx,DEX,False,0.0
ETH-USD,-0.0000045,3302.318409,72109385,2026-01-18T03:00:00.365Z,2026-01-18 03:00:00.365000+00:00,-4.5e-06,3302.318409,ETH-USD,dydx,DEX,False,0.0
ETH-USD,0.00001425,3314.253895,72115126,2026-01-18T04:00:00.567Z,2026-01-18 04:00:00.567000+00:00,1.425e-05,3314.253895,ETH-USD,dydx,DEX,False,0.0
